-- phpMyAdmin SQL Dump
-- version 4.4.13.1deb1
-- http://www.phpmyadmin.net
--
-- Host: localhost
-- Generation Time: Jan 19, 2016 at 06:04 PM
-- Server version: 5.6.27-0ubuntu1
-- PHP Version: 5.6.11-1ubuntu3.1

SET SQL_MODE = "NO_AUTO_VALUE_ON_ZERO";
SET time_zone = "+00:00";


/*!40101 SET @OLD_CHARACTER_SET_CLIENT=@@CHARACTER_SET_CLIENT */;
/*!40101 SET @OLD_CHARACTER_SET_RESULTS=@@CHARACTER_SET_RESULTS */;
/*!40101 SET @OLD_COLLATION_CONNECTION=@@COLLATION_CONNECTION */;
/*!40101 SET NAMES utf8mb4 */;

--
-- Database: `plcon_tour`
--

-- --------------------------------------------------------

--
-- Table structure for table `admins`
--

CREATE TABLE IF NOT EXISTS `admins` (
  `adminId` int(11) NOT NULL,
  `firstName` varchar(256) DEFAULT NULL,
  `lastName` varchar(256) DEFAULT NULL,
  `userName` varchar(256) NOT NULL,
  `passWord` varchar(256) NOT NULL,
  `emailAddress` varchar(100) DEFAULT NULL,
  `phone` varchar(20) DEFAULT NULL,
  `roleId` int(11) NOT NULL,
  `data` blob,
  `status` tinyint(1) NOT NULL DEFAULT '1',
  `createdOn` date NOT NULL
) ENGINE=InnoDB AUTO_INCREMENT=2 DEFAULT CHARSET=latin1;

--
-- Dumping data for table `admins`
--

INSERT INTO `admins` (`adminId`, `firstName`, `lastName`, `userName`, `passWord`, `emailAddress`, `phone`, `roleId`, `data`, `status`, `createdOn`) VALUES
(1, 'Amit', 'Sarkar', 'admin', 'd121b51b6cb53b5ee16798f535bd57c0', 'amit.sarkar7@gmail.com', '', 1, NULL, 1, '0000-00-00');

-- --------------------------------------------------------

--
-- Table structure for table `admins_roles`
--

CREATE TABLE IF NOT EXISTS `admins_roles` (
  `roleId` int(11) NOT NULL,
  `roleTitle` varchar(256) NOT NULL,
  `status` tinyint(1) NOT NULL DEFAULT '1'
) ENGINE=InnoDB AUTO_INCREMENT=3 DEFAULT CHARSET=latin1;

--
-- Dumping data for table `admins_roles`
--

INSERT INTO `admins_roles` (`roleId`, `roleTitle`, `status`) VALUES
(1, 'Administrator', 1),
(2, 'Manager', 1);

-- --------------------------------------------------------

--
-- Table structure for table `announcement`
--

CREATE TABLE IF NOT EXISTS `announcement` (
  `ancId` int(11) NOT NULL,
  `ancContent` text NOT NULL,
  `ancType` varchar(100) NOT NULL
) ENGINE=InnoDB AUTO_INCREMENT=5 DEFAULT CHARSET=latin1;

--
-- Dumping data for table `announcement`
--

INSERT INTO `announcement` (`ancId`, `ancContent`, `ancType`) VALUES
(4, '&lt;h1&gt;Let&amp;#39;s Get Started!&lt;/h1&gt;\r\n\r\n&lt;h5&gt;Complete Step by Step Instruction to Launch your own store front.&lt;/h5&gt;\r\n\r\n&lt;div class=&quot;row&quot;&gt;\r\n&lt;div class=&quot;col-xs-6 col-md-3&quot; style=&quot;width: 30%;&quot;&gt;&lt;a class=&quot;thumbnail&quot; href=&quot;http://localhost/tourpage/vendor/tours/add&quot;&gt;&lt;img src=&quot;http://localhost/tourpage/public/elements/vendor/images/step01.jpg&quot; /&gt; &lt;/a&gt;&lt;/div&gt;\r\n\r\n&lt;div class=&quot;col-xs-6 col-md-3&quot; style=&quot;width: 30%;&quot;&gt;&lt;a class=&quot;thumbnail&quot; href=&quot;http://localhost/tourpage/vendor/tours/add&quot;&gt;&lt;img src=&quot;http://localhost/tourpage/public/elements/vendor/images/step02.jpg&quot; /&gt; &lt;/a&gt;&lt;/div&gt;\r\n\r\n&lt;div class=&quot;col-xs-6 col-md-3&quot; style=&quot;width: 30%;&quot;&gt;&lt;a class=&quot;thumbnail&quot; href=&quot;http://localhost/tourpage/vendor/account/store&quot;&gt;&lt;img src=&quot;http://localhost/tourpage/public/elements/vendor/images/step03.jpg&quot; /&gt; &lt;/a&gt;&lt;/div&gt;\r\n&lt;/div&gt;\r\n', 'vendordashboard');

-- --------------------------------------------------------

--
-- Table structure for table `banners`
--

CREATE TABLE IF NOT EXISTS `banners` (
  `bannerId` int(11) NOT NULL,
  `bannerImage` varchar(256) NOT NULL,
  `bannerLink` varchar(256) DEFAULT NULL,
  `bannerType` varchar(100) NOT NULL,
  `bannerStatus` tinyint(1) NOT NULL DEFAULT '1',
  `imageUploadedOn` date NOT NULL
) ENGINE=InnoDB AUTO_INCREMENT=15 DEFAULT CHARSET=latin1;

--
-- Dumping data for table `banners`
--

INSERT INTO `banners` (`bannerId`, `bannerImage`, `bannerLink`, `bannerType`, `bannerStatus`, `imageUploadedOn`) VALUES
(6, 'adsbanner14486085600.jpg', '', 'userlogin', 1, '0000-00-00'),
(7, 'adsbanner14486085699.jpg', '', 'userlogin', 1, '0000-00-00'),
(8, 'adsbanner14486085783.jpg', '', 'userlogin', 1, '0000-00-00'),
(9, 'adsbanner14486214289.jpg', '', 'home', 1, '0000-00-00'),
(10, 'adsbanner14486214417.jpg', '', 'home', 1, '0000-00-00'),
(13, 'adsbanner14486216777.jpg', '', 'vendorlogin', 1, '0000-00-00'),
(14, 'adsbanner14486219832.jpg', '', 'vendorlogin', 1, '0000-00-00');

-- --------------------------------------------------------

--
-- Table structure for table `booking`
--

CREATE TABLE IF NOT EXISTS `booking` (
  `bookingId` int(11) NOT NULL,
  `invoiceNumber` varchar(100) DEFAULT NULL,
  `transactionId` varchar(256) DEFAULT NULL,
  `paymentId` varchar(256) DEFAULT NULL,
  `token` varchar(256) DEFAULT NULL,
  `payerId` varchar(256) DEFAULT NULL,
  `paymentOption` varchar(50) DEFAULT NULL,
  `memberId` int(11) NOT NULL,
  `bookingAmount` float(10,2) NOT NULL,
  `bookingData` text,
  `bookedOn` date NOT NULL,
  `bookingStatus` tinyint(2) NOT NULL,
  `bookingComments` varchar(500) DEFAULT NULL
) ENGINE=InnoDB AUTO_INCREMENT=23 DEFAULT CHARSET=latin1;

--
-- Dumping data for table `booking`
--

INSERT INTO `booking` (`bookingId`, `invoiceNumber`, `transactionId`, `paymentId`, `token`, `payerId`, `paymentOption`, `memberId`, `bookingAmount`, `bookingData`, `bookedOn`, `bookingStatus`, `bookingComments`) VALUES
(15, 'TPINV/1970/01/01/06/03/15', NULL, NULL, NULL, NULL, NULL, 1, 100.00, NULL, '2015-12-12', 1, 'Test checkout comment'),
(16, 'TPINV/1970/01/01/06/03/16', NULL, NULL, NULL, NULL, NULL, 1, 110.00, NULL, '2015-12-12', 1, ''),
(17, 'TPINV/1970/01/01/06/03/17', NULL, NULL, NULL, NULL, NULL, 1, 184.50, NULL, '2015-12-14', 1, 'Test comment'),
(18, 'TPINV/1970/01/01/06/03/18', '4EY32218H25560443', 'PAY-0JW55578EX096191VKZ32CWY', 'EC-9HA55482P9848435U', 'RTFL3EQE3ZGZU', 'paypal', 1, 120.00, NULL, '2015-12-21', 1, NULL),
(19, 'TPINV/1970/01/01/06/03/19', '19301347P0924425D', 'PAY-6LV90625S99497447KZ36HUI', NULL, NULL, 'credit_card', 1, 120.00, NULL, '2015-12-21', 1, NULL),
(20, 'TPINV/2015/12/21/00/00/20', '3X4645552X6061545', 'PAY-48H151057S272694EKZ36LEY', NULL, NULL, 'credit_card', 1, 725.00, NULL, '2015-12-21', 1, NULL),
(21, 'TPINV/2015/12/21/00/00/21', '2B356601RG7470848', 'PAY-2GC58960MN892540JKZ36THA', NULL, NULL, 'credit_card', 1, 100.00, NULL, '2015-12-21', 1, NULL),
(22, 'TPINV/2015/12/21/17/33/22', '1UW34008742455318', 'PAY-87K79582SF775335AKZ36U7Y', NULL, NULL, 'credit_card', 1, 100.00, NULL, '2015-12-21', 1, NULL);

-- --------------------------------------------------------

--
-- Table structure for table `booking_address`
--

CREATE TABLE IF NOT EXISTS `booking_address` (
  `billingAddressId` int(11) NOT NULL,
  `bookingId` int(11) NOT NULL,
  `billingFirstName` varchar(256) NOT NULL,
  `billingLastName` varchar(256) NOT NULL,
  `billingEmailAddress` varchar(256) NOT NULL,
  `billingPhone` varchar(20) DEFAULT NULL,
  `billingAddressOne` varchar(500) NOT NULL,
  `billingAddressTwo` varchar(500) DEFAULT NULL,
  `billingCity` varchar(100) NOT NULL,
  `billingState` int(11) NOT NULL,
  `billingCountry` int(11) NOT NULL,
  `billingZipCode` int(11) DEFAULT NULL
) ENGINE=InnoDB AUTO_INCREMENT=11 DEFAULT CHARSET=latin1;

--
-- Dumping data for table `booking_address`
--

INSERT INTO `booking_address` (`billingAddressId`, `bookingId`, `billingFirstName`, `billingLastName`, `billingEmailAddress`, `billingPhone`, `billingAddressOne`, `billingAddressTwo`, `billingCity`, `billingState`, `billingCountry`, `billingZipCode`) VALUES
(3, 15, 'Amit', 'Sarkar', 'amit.bargad@gmail.com', '9874563210', 'address one', NULL, 'New York', 3655, 223, NULL),
(4, 16, 'Amit', 'Sarkar', 'amit.bargad@gmail.com', '9874563210', 'address one', NULL, 'New York', 3655, 223, NULL),
(5, 17, 'Amit', 'Sarkar', 'amit.bargad@gmail.com', '9874563210', 'address one', NULL, 'New York', 3655, 223, NULL),
(6, 18, 'Amit', 'Sarkar', 'amit.bargad@gmail.com', '9874563210', 'address one', NULL, 'New York', 3655, 223, NULL),
(7, 19, 'Amit', 'Sarkar', 'amit.bargad@gmail.com', '9874563210', 'address one', NULL, 'New York', 3655, 223, NULL),
(8, 20, 'Amit', 'Sarkar', 'amit.bargad@gmail.com', '9874563210', 'address one', NULL, 'New York', 3655, 223, NULL),
(9, 21, 'Amit', 'Sarkar', 'amit.bargad@gmail.com', '9874563210', 'address one', NULL, 'New York', 3655, 223, NULL),
(10, 22, 'Amit', 'Sarkar', 'amit.bargad@gmail.com', '9874563210', 'address one', NULL, 'New York', 3655, 223, NULL);

-- --------------------------------------------------------

--
-- Table structure for table `booking_tours`
--

CREATE TABLE IF NOT EXISTS `booking_tours` (
  `bookingTourId` int(11) NOT NULL,
  `bookingId` int(11) NOT NULL,
  `tourId` varchar(100) NOT NULL,
  `vendorId` int(11) NOT NULL,
  `originalAmount` float(10,2) NOT NULL,
  `finalAmount` float(10,2) NOT NULL,
  `discount` float(10,2) DEFAULT '0.00',
  `tourData` text NOT NULL,
  `departureOn` date NOT NULL,
  `arivalOn` date DEFAULT NULL,
  `headCount` int(11) NOT NULL,
  `tourConductStatus` tinyint(2) NOT NULL
) ENGINE=InnoDB AUTO_INCREMENT=15 DEFAULT CHARSET=latin1;

--
-- Dumping data for table `booking_tours`
--

INSERT INTO `booking_tours` (`bookingTourId`, `bookingId`, `tourId`, `vendorId`, `originalAmount`, `finalAmount`, `discount`, `tourData`, `departureOn`, `arivalOn`, `headCount`, `tourConductStatus`) VALUES
(6, 15, 'b9240436-e058-4eb4-bb28-f17ca76a7239', 1, 100.00, 100.00, 0.00, 'a:1:{s:16:"group_head_count";s:1:"9";}', '2015-12-21', NULL, 9, 3),
(7, 16, 'b9240436-e058-4eb4-bb28-f17ca76a7239', 1, 140.00, 110.00, 0.00, 'a:2:{s:16:"group_head_count";s:1:"3";s:8:"tour_opt";a:2:{i:95;a:5:{s:4:"name";s:10:"Option one";s:4:"type";s:3:"opp";s:10:"unit_price";s:5:"10.00";s:6:"amount";d:30;s:10:"head_count";s:1:"3";}i:96;a:4:{s:4:"name";s:10:"Option Two";s:4:"type";s:3:"opg";s:10:"unit_price";s:5:"10.00";s:6:"amount";d:10;}}}', '2015-12-22', NULL, 3, 3),
(8, 17, '1cb2f912-bab5-4ef3-b05f-4be9c67a85bc', 1, 205.00, 184.50, 0.00, 'a:4:{s:10:"head_count";a:2:{s:1:"a";a:3:{s:5:"count";s:1:"3";s:10:"unit_price";s:2:"45";s:6:"amount";i:135;}s:1:"c";a:3:{s:5:"count";s:1:"2";s:10:"unit_price";s:2:"35";s:6:"amount";i:70;}}s:9:"time_slot";O:8:"stdClass":2:{s:5:"start";O:8:"stdClass":2:{s:5:"hours";s:2:"11";s:7:"minutes";s:1:"0";}s:3:"end";O:8:"stdClass":2:{s:5:"hours";s:2:"12";s:7:"minutes";s:1:"0";}}s:22:"multi_purches_discount";s:2:"10";s:25:"multi_purches_save_amount";d:20.5;}', '2015-12-15', NULL, 5, 3),
(9, 18, 'b9240436-e058-4eb4-bb28-f17ca76a7239', 1, 120.00, 120.00, 0.00, 'a:2:{s:16:"group_head_count";s:1:"1";s:8:"tour_opt";a:2:{i:95;a:5:{s:4:"name";s:10:"Option one";s:4:"type";s:3:"opp";s:10:"unit_price";s:5:"10.00";s:6:"amount";d:10;s:10:"head_count";s:1:"1";}i:96;a:4:{s:4:"name";s:10:"Option Two";s:4:"type";s:3:"opg";s:10:"unit_price";s:5:"10.00";s:6:"amount";d:10;}}}', '2015-12-24', NULL, 1, 3),
(10, 19, 'b9240436-e058-4eb4-bb28-f17ca76a7239', 1, 120.00, 120.00, 0.00, 'a:2:{s:16:"group_head_count";s:1:"1";s:8:"tour_opt";a:2:{i:95;a:5:{s:4:"name";s:10:"Option one";s:4:"type";s:3:"opp";s:10:"unit_price";s:5:"10.00";s:6:"amount";d:10;s:10:"head_count";s:1:"1";}i:96;a:4:{s:4:"name";s:10:"Option Two";s:4:"type";s:3:"opg";s:10:"unit_price";s:5:"10.00";s:6:"amount";d:10;}}}', '2015-12-24', NULL, 1, 3),
(11, 20, 'dba9768a-4be2-465a-8f6a-88fd26f5d718', 1, 275.00, 275.00, 0.00, 'a:1:{s:10:"head_count";a:2:{s:1:"a";a:3:{s:5:"count";s:1:"2";s:10:"unit_price";s:3:"100";s:6:"amount";i:200;}s:1:"c";a:3:{s:5:"count";s:1:"1";s:10:"unit_price";s:2:"75";s:6:"amount";i:75;}}}', '2015-12-23', NULL, 3, 3),
(12, 20, 'b9240436-e058-4eb4-bb28-f17ca76a7239', 1, 150.00, 450.00, 0.00, 'a:2:{s:16:"group_head_count";s:1:"4";s:8:"tour_opt";a:2:{i:95;a:5:{s:4:"name";s:10:"Option one";s:4:"type";s:3:"opp";s:10:"unit_price";s:5:"10.00";s:6:"amount";d:40;s:10:"head_count";s:1:"4";}i:96;a:4:{s:4:"name";s:10:"Option Two";s:4:"type";s:3:"opg";s:10:"unit_price";s:5:"10.00";s:6:"amount";d:10;}}}', '2015-12-25', NULL, 4, 3),
(13, 21, 'b9240436-e058-4eb4-bb28-f17ca76a7239', 1, 100.00, 100.00, 0.00, 'a:1:{s:16:"group_head_count";s:1:"1";}', '2015-12-26', NULL, 1, 3),
(14, 22, 'dba9768a-4be2-465a-8f6a-88fd26f5d718', 1, 100.00, 100.00, 0.00, 'a:1:{s:10:"head_count";a:1:{s:1:"a";a:3:{s:5:"count";s:1:"1";s:10:"unit_price";s:3:"100";s:6:"amount";i:100;}}}', '2015-12-30', NULL, 1, 3);

-- --------------------------------------------------------

--
-- Table structure for table `category_tour`
--

CREATE TABLE IF NOT EXISTS `category_tour` (
  `categoryId` int(11) NOT NULL,
  `categoryParentId` int(11) NOT NULL DEFAULT '0',
  `categoryTitle` varchar(256) NOT NULL,
  `categoryStatus` tinyint(1) NOT NULL DEFAULT '1',
  `categoryCreatedOn` date NOT NULL
) ENGINE=InnoDB AUTO_INCREMENT=7 DEFAULT CHARSET=latin1;

--
-- Dumping data for table `category_tour`
--

INSERT INTO `category_tour` (`categoryId`, `categoryParentId`, `categoryTitle`, `categoryStatus`, `categoryCreatedOn`) VALUES
(2, 0, 'Sky Riding', 1, '0000-00-00'),
(3, 0, 'Summer vacation', 1, '0000-00-00'),
(4, 3, 'Caterory 1', 2, '0000-00-00'),
(5, 3, 'Caterory2', 2, '0000-00-00'),
(6, 0, 'Caterory3', 1, '0000-00-00');

-- --------------------------------------------------------

--
-- Table structure for table `category_vendor`
--

CREATE TABLE IF NOT EXISTS `category_vendor` (
  `categoryId` int(11) NOT NULL,
  `categoryParentId` int(11) NOT NULL DEFAULT '0',
  `categoryTitle` varchar(256) NOT NULL,
  `categoryStatus` tinyint(1) NOT NULL DEFAULT '1',
  `categoryCreatedOn` date NOT NULL
) ENGINE=InnoDB AUTO_INCREMENT=2 DEFAULT CHARSET=latin1;

--
-- Dumping data for table `category_vendor`
--

INSERT INTO `category_vendor` (`categoryId`, `categoryParentId`, `categoryTitle`, `categoryStatus`, `categoryCreatedOn`) VALUES
(1, 0, 'Category Vendor One', 1, '0000-00-00');

-- --------------------------------------------------------

--
-- Table structure for table `city`
--

CREATE TABLE IF NOT EXISTS `city` (
  `cityId` int(11) NOT NULL,
  `stateId` int(11) NOT NULL,
  `countryId` int(11) NOT NULL,
  `name` varchar(256) NOT NULL,
  `status` tinyint(1) NOT NULL DEFAULT '1'
) ENGINE=InnoDB AUTO_INCREMENT=2350 DEFAULT CHARSET=latin1;

--
-- Dumping data for table `city`
--

INSERT INTO `city` (`cityId`, `stateId`, `countryId`, `name`, `status`) VALUES
(1, 3613, 223, 'Autauga', 1),
(2, 3613, 223, 'Baldwin', 1),
(3, 3613, 223, 'Barbour', 1),
(4, 3613, 223, 'Bibb', 1),
(5, 3613, 223, 'Blount', 1),
(6, 3613, 223, 'Bullock', 1),
(7, 3613, 223, 'Butler', 1),
(8, 3613, 223, 'Calhoun', 1),
(9, 3613, 223, 'Chambers', 1),
(10, 3613, 223, 'Cherokee', 1),
(11, 3613, 223, 'Chilton', 1),
(12, 3613, 223, 'Choctaw', 1),
(13, 3613, 223, 'Clarke', 1),
(14, 3613, 223, 'Clay', 1),
(15, 3613, 223, 'Cleburne', 1),
(16, 3613, 223, 'Coffee', 1),
(17, 3613, 223, 'Colbert', 1),
(18, 3613, 223, 'Conecuh', 1),
(19, 3613, 223, 'Coosa', 1),
(20, 3613, 223, 'Covington', 1),
(21, 3613, 223, 'Crenshaw', 1),
(22, 3613, 223, 'Cullman', 1),
(23, 3613, 223, 'Dale', 1),
(24, 3613, 223, 'Dallas', 1),
(25, 3613, 223, 'DeKalb', 1),
(26, 3613, 223, 'Elmore', 1),
(27, 3613, 223, 'Escambia', 1),
(28, 3613, 223, 'Etowah', 1),
(29, 3613, 223, 'Fayette', 1),
(30, 3613, 223, 'Franklin', 1),
(31, 3613, 223, 'Geneva', 1),
(32, 3613, 223, 'Greene', 1),
(33, 3613, 223, 'Hale', 1),
(34, 3613, 223, 'Henry', 1),
(35, 3613, 223, 'Houston', 1),
(36, 3613, 223, 'Jackson', 1),
(37, 3613, 223, 'Jefferson', 1),
(38, 3613, 223, 'Lamar', 1),
(39, 3613, 223, 'Lauderdale', 1),
(40, 3613, 223, 'Lawrence', 1),
(41, 3613, 223, 'Lee', 1),
(42, 3613, 223, 'Limestone', 1),
(43, 3613, 223, 'Lowndes', 1),
(44, 3613, 223, 'Macon', 1),
(45, 3613, 223, 'Madison', 1),
(46, 3613, 223, 'Marengo', 1),
(47, 3613, 223, 'Marion', 1),
(48, 3613, 223, 'Marshall', 1),
(49, 3613, 223, 'Mobile', 1),
(50, 3613, 223, 'Monroe', 1),
(51, 3613, 223, 'Montgomery', 1),
(52, 3613, 223, 'Morgan', 1),
(53, 3613, 223, 'Perry', 1),
(54, 3613, 223, 'Pickens', 1),
(55, 3613, 223, 'Pike', 1),
(56, 3613, 223, 'Randolph', 1),
(57, 3613, 223, 'Russell', 1),
(58, 3613, 223, 'Saint Clair', 1),
(59, 3613, 223, 'Shelby', 1),
(60, 3613, 223, 'Sumter', 1),
(61, 3613, 223, 'Talladega', 1),
(62, 3613, 223, 'Tallapoosa', 1),
(63, 3613, 223, 'Tuscaloosa', 1),
(64, 3613, 223, 'Walker', 1),
(65, 3613, 223, 'Washington', 1),
(66, 3613, 223, 'Wilcox', 1),
(67, 3614, 223, 'Aleutians East Borough', 1),
(68, 3614, 223, 'Aleutians West Census Area', 1),
(69, 3614, 223, 'Anchorage Municipality', 1),
(70, 3614, 223, 'Annette Island Reserve', 1),
(71, 3614, 223, 'Bethel Census Area', 1),
(72, 3614, 223, 'Bristol Bay Borough', 1),
(73, 3614, 223, 'City and Borough of Wrangell', 1),
(74, 3614, 223, 'Denali Borough', 1),
(75, 3614, 223, 'Dillingham Census Area', 1),
(76, 3614, 223, 'Fairbanks North Star Borough', 1),
(77, 3614, 223, 'Haines Borough', 1),
(78, 3614, 223, 'Hoonah-Angoon Census Area', 1),
(79, 3614, 223, 'Juneau City and Borough', 1),
(80, 3614, 223, 'Kenai Peninsula Borough', 1),
(81, 3614, 223, 'Ketchikan Gateway Borough', 1),
(82, 3614, 223, 'Kodiak Island Borough', 1),
(83, 3614, 223, 'Lake and Peninsula Borough', 1),
(84, 3614, 223, 'Matanuska-Susitna Borough', 1),
(85, 3614, 223, 'Nome Census Area', 1),
(86, 3614, 223, 'North Slope Borough', 1),
(87, 3614, 223, 'Northwest Arctic Borough', 1),
(88, 3614, 223, 'Petersburg Census Area', 1),
(89, 3614, 223, 'Prince of Wales-Outer Ketchikan Census Area', 1),
(90, 3614, 223, 'Sitka City and Borough', 1),
(91, 3614, 223, 'Skagway Municipality', 1),
(92, 3614, 223, 'Southeast Fairbanks Census Area', 1),
(93, 3614, 223, 'Valdez-Cordova Census Area', 1),
(94, 3614, 223, 'Wade Hampton Census Area', 1),
(95, 3614, 223, 'Wrangell-Petersburg Census Area', 1),
(96, 3614, 223, 'Yakutat City and Borough', 1),
(97, 3614, 223, 'Yukon-Koyukuk Census Area', 1),
(98, 3616, 223, 'Apache', 1),
(99, 3616, 223, 'Cochise', 1),
(100, 3616, 223, 'Coconino', 1),
(101, 3616, 223, 'Gila', 1),
(102, 3616, 223, 'Graham', 1),
(103, 3616, 223, 'Greenlee', 1),
(104, 3616, 223, 'La Paz', 1),
(105, 3616, 223, 'Maricopa', 1),
(106, 3616, 223, 'Mohave', 1),
(107, 3616, 223, 'Navajo', 1),
(108, 3616, 223, 'Pima', 1),
(109, 3616, 223, 'Pinal', 1),
(110, 3616, 223, 'Santa Cruz', 1),
(111, 3616, 223, 'Yavapai', 1),
(112, 3616, 223, 'Yuma', 1),
(113, 3617, 223, 'Arkansas', 1),
(114, 3617, 223, 'Ashley', 1),
(115, 3617, 223, 'Baxter', 1),
(116, 3617, 223, 'Benton', 1),
(117, 3617, 223, 'Boone', 1),
(118, 3617, 223, 'Bradley', 1),
(119, 3617, 223, 'Calhoun', 1),
(120, 3617, 223, 'Carroll', 1),
(121, 3617, 223, 'Chicot', 1),
(122, 3617, 223, 'Clark', 1),
(123, 3617, 223, 'Clay', 1),
(124, 3617, 223, 'Cleburne', 1),
(125, 3617, 223, 'Cleveland', 1),
(126, 3617, 223, 'Columbia', 1),
(127, 3617, 223, 'Conway', 1),
(128, 3617, 223, 'Craighead', 1),
(129, 3617, 223, 'Crawford', 1),
(130, 3617, 223, 'Crittenden', 1),
(131, 3617, 223, 'Cross', 1),
(132, 3617, 223, 'Dallas', 1),
(133, 3617, 223, 'Desha', 1),
(134, 3617, 223, 'Drew', 1),
(135, 3617, 223, 'Faulkner', 1),
(136, 3617, 223, 'Franklin', 1),
(137, 3617, 223, 'Fulton', 1),
(138, 3617, 223, 'Garland', 1),
(139, 3617, 223, 'Grant', 1),
(140, 3617, 223, 'Greene', 1),
(141, 3617, 223, 'Hempstead', 1),
(142, 3617, 223, 'Hot Spring', 1),
(143, 3617, 223, 'Howard', 1),
(144, 3617, 223, 'Independence', 1),
(145, 3617, 223, 'Izard', 1),
(146, 3617, 223, 'Jackson', 1),
(147, 3617, 223, 'Jefferson', 1),
(148, 3617, 223, 'Johnson', 1),
(149, 3617, 223, 'Lafayette', 1),
(150, 3617, 223, 'Lawrence', 1),
(151, 3617, 223, 'Lee', 1),
(152, 3617, 223, 'Lincoln', 1),
(153, 3617, 223, 'Little River', 1),
(154, 3617, 223, 'Logan', 1),
(155, 3617, 223, 'Lonoke', 1),
(156, 3617, 223, 'Madison', 1),
(157, 3617, 223, 'Marion', 1),
(158, 3617, 223, 'Miller', 1),
(159, 3617, 223, 'Mississippi', 1),
(160, 3617, 223, 'Monroe', 1),
(161, 3617, 223, 'Montgomery', 1),
(162, 3617, 223, 'Nevada', 1),
(163, 3617, 223, 'Newton', 1),
(164, 3617, 223, 'Ouachita', 1),
(165, 3617, 223, 'Perry', 1),
(166, 3617, 223, 'Phillips', 1),
(167, 3617, 223, 'Pike', 1),
(168, 3617, 223, 'Poinsett', 1),
(169, 3617, 223, 'Polk', 1),
(170, 3617, 223, 'Pope', 1),
(171, 3617, 223, 'Prairie', 1),
(172, 3617, 223, 'Pulaski', 1),
(173, 3617, 223, 'Randolph', 1),
(174, 3617, 223, 'Saint Francis', 1),
(175, 3617, 223, 'Saline', 1),
(176, 3617, 223, 'Scott', 1),
(177, 3617, 223, 'Searcy', 1),
(178, 3617, 223, 'Sebastian', 1),
(179, 3624, 223, 'Alameda', 1),
(180, 3624, 223, 'Alpine', 1),
(181, 3624, 223, 'Amador', 1),
(182, 3624, 223, 'Butte', 1),
(183, 3624, 223, 'Calaveras', 1),
(184, 3624, 223, 'Colusa', 1),
(185, 3624, 223, 'Contra Costa', 1),
(186, 3624, 223, 'Del Norte', 1),
(187, 3624, 223, 'El Dorado', 1),
(188, 3624, 223, 'Fresno', 1),
(189, 3624, 223, 'Glenn', 1),
(190, 3624, 223, 'Humboldt', 1),
(191, 3624, 223, 'Imperial', 1),
(192, 3624, 223, 'Inyo', 1),
(193, 3624, 223, 'Kern', 1),
(194, 3624, 223, 'Kings', 1),
(195, 3624, 223, 'Lake', 1),
(196, 3624, 223, 'Lassen', 1),
(197, 3624, 223, 'Los Angeles', 1),
(198, 3624, 223, 'Madera', 1),
(199, 3624, 223, 'Marin', 1),
(200, 3624, 223, 'Mariposa', 1),
(201, 3624, 223, 'Mendocino', 1),
(202, 3624, 223, 'Merced', 1),
(203, 3624, 223, 'Modoc', 1),
(204, 3624, 223, 'Mono', 1),
(205, 3624, 223, 'Monterey', 1),
(206, 3624, 223, 'Napa', 1),
(207, 3624, 223, 'Nevada', 1),
(208, 3624, 223, 'Orange', 1),
(209, 3624, 223, 'Placer', 1),
(210, 3624, 223, 'Plumas', 1),
(211, 3624, 223, 'Riverside', 1),
(212, 3624, 223, 'Sacramento', 1),
(213, 3624, 223, 'San Benito', 1),
(214, 3624, 223, 'San Bernardino', 1),
(215, 3624, 223, 'San Diego', 1),
(216, 3624, 223, 'San Francisco', 1),
(217, 3624, 223, 'San Joaquin', 1),
(218, 3624, 223, 'San Luis Obispo', 1),
(219, 3624, 223, 'San Mateo', 1),
(220, 3624, 223, 'Santa Barbara', 1),
(221, 3624, 223, 'Santa Clara', 1),
(222, 3624, 223, 'Santa Cruz', 1),
(223, 3624, 223, 'Shasta', 1),
(224, 3624, 223, 'Sierra', 1),
(225, 3624, 223, 'Siskiyou', 1),
(226, 3624, 223, 'Solano', 1),
(227, 3624, 223, 'Sonoma', 1),
(228, 3624, 223, 'Stanislaus', 1),
(229, 3624, 223, 'Sutter', 1),
(230, 3624, 223, 'Tehama', 1),
(231, 3624, 223, 'Trinity', 1),
(232, 3624, 223, 'Tulare', 1),
(233, 3624, 223, 'Tuolumne', 1),
(234, 3624, 223, 'Ventura', 1),
(235, 3624, 223, 'Yolo', 1),
(236, 3624, 223, 'Yuba', 1),
(237, 3625, 223, 'Adams', 1),
(238, 3625, 223, 'Alamosa', 1),
(239, 3625, 223, 'Arapahoe', 1),
(240, 3625, 223, 'Archuleta', 1),
(241, 3625, 223, 'Baca', 1),
(242, 3625, 223, 'Bent', 1),
(243, 3625, 223, 'Boulder', 1),
(244, 3625, 223, 'Chaffee', 1),
(245, 3625, 223, 'Cheyenne', 1),
(246, 3625, 223, 'City and  of Broomfield', 1),
(247, 3625, 223, 'Clear Creek', 1),
(248, 3625, 223, 'Conejos', 1),
(249, 3625, 223, 'Costilla', 1),
(250, 3625, 223, 'Crowley', 1),
(251, 3625, 223, 'Custer', 1),
(252, 3625, 223, 'Delta', 1),
(253, 3625, 223, 'Denver', 1),
(254, 3625, 223, 'Dolores', 1),
(255, 3625, 223, 'Douglas', 1),
(256, 3625, 223, 'Eagle', 1),
(257, 3625, 223, 'El Paso', 1),
(258, 3625, 223, 'Elbert', 1),
(259, 3625, 223, 'Fremont', 1),
(260, 3625, 223, 'Garfield', 1),
(261, 3625, 223, 'Gilpin', 1),
(262, 3625, 223, 'Grand', 1),
(263, 3625, 223, 'Gunnison', 1),
(264, 3625, 223, 'Hinsdale', 1),
(265, 3625, 223, 'Huerfano', 1),
(266, 3625, 223, 'Jackson', 1),
(267, 3625, 223, 'Jefferson', 1),
(268, 3625, 223, 'Kiowa', 1),
(269, 3625, 223, 'Kit Carson', 1),
(270, 3625, 223, 'La Plata', 1),
(271, 3625, 223, 'Lake', 1),
(272, 3625, 223, 'Larimer', 1),
(273, 3625, 223, 'Las Animas', 1),
(274, 3625, 223, 'Lincoln', 1),
(275, 3625, 223, 'Logan', 1),
(276, 3625, 223, 'Mesa', 1),
(277, 3625, 223, 'Mineral', 1),
(278, 3625, 223, 'Moffat', 1),
(279, 3625, 223, 'Montezuma', 1),
(280, 3625, 223, 'Montrose', 1),
(281, 3625, 223, 'Morgan', 1),
(282, 3625, 223, 'Otero', 1),
(283, 3625, 223, 'Ouray', 1),
(284, 3625, 223, 'Park', 1),
(285, 3625, 223, 'Phillips', 1),
(286, 3625, 223, 'Pitkin', 1),
(287, 3625, 223, 'Prowers', 1),
(288, 3625, 223, 'Pueblo', 1),
(289, 3625, 223, 'Rio Blanco', 1),
(290, 3625, 223, 'Rio Grande', 1),
(291, 3625, 223, 'Routt', 1),
(292, 3625, 223, 'Saguache', 1),
(293, 3625, 223, 'San Juan', 1),
(294, 3625, 223, 'San Miguel', 1),
(295, 3625, 223, 'Sedgwick', 1),
(296, 3625, 223, 'Summit', 1),
(297, 3625, 223, 'Teller', 1),
(298, 3625, 223, 'Washington', 1),
(299, 3625, 223, 'Weld', 1),
(300, 3625, 223, 'Yuma', 1),
(301, 3626, 223, 'Fairfield', 1),
(302, 3626, 223, 'Hartford', 1),
(303, 3626, 223, 'Litchfield', 1),
(304, 3626, 223, 'Middlesex', 1),
(305, 3626, 223, 'New Haven', 1),
(306, 3626, 223, 'New London', 1),
(307, 3626, 223, 'Tolland', 1),
(308, 3626, 223, 'Windham', 1),
(309, 3627, 223, 'Kent', 1),
(310, 3627, 223, 'New Castle', 1),
(311, 3627, 223, 'Sussex', 1),
(312, 3630, 223, 'Alachua', 1),
(313, 3630, 223, 'Baker', 1),
(314, 3630, 223, 'Bay', 1),
(315, 3630, 223, 'Bradford', 1),
(316, 3630, 223, 'Brevard', 1),
(317, 3630, 223, 'Broward', 1),
(318, 3630, 223, 'Calhoun', 1),
(319, 3630, 223, 'Charlotte', 1),
(320, 3630, 223, 'Citrus', 1),
(321, 3630, 223, 'Clay', 1),
(322, 3630, 223, 'Collier', 1),
(323, 3630, 223, 'Columbia', 1),
(324, 3630, 223, 'DeSoto', 1),
(325, 3630, 223, 'Dixie', 1),
(326, 3630, 223, 'Duval', 1),
(327, 3630, 223, 'Escambia', 1),
(328, 3630, 223, 'Flagler', 1),
(329, 3630, 223, 'Franklin', 1),
(330, 3630, 223, 'Gadsden', 1),
(331, 3630, 223, 'Gilchrist', 1),
(332, 3630, 223, 'Glades', 1),
(333, 3630, 223, 'Gulf', 1),
(334, 3630, 223, 'Hamilton', 1),
(335, 3630, 223, 'Hardee', 1),
(336, 3630, 223, 'Hendry', 1),
(337, 3630, 223, 'Hernando', 1),
(338, 3630, 223, 'Highlands', 1),
(339, 3630, 223, 'Hillsborough', 1),
(340, 3630, 223, 'Holmes', 1),
(341, 3630, 223, 'Indian River', 1),
(342, 3630, 223, 'Jackson', 1),
(343, 3630, 223, 'Jefferson', 1),
(344, 3630, 223, 'Lafayette', 1),
(345, 3630, 223, 'Lake', 1),
(346, 3630, 223, 'Lee', 1),
(347, 3630, 223, 'Leon', 1),
(348, 3630, 223, 'Levy', 1),
(349, 3630, 223, 'Liberty', 1),
(350, 3630, 223, 'Madison', 1),
(351, 3630, 223, 'Manatee', 1),
(352, 3630, 223, 'Marion', 1),
(353, 3630, 223, 'Martin', 1),
(354, 3630, 223, 'Miami-Dade', 1),
(355, 3630, 223, 'Monroe', 1),
(356, 3630, 223, 'Nassau', 1),
(357, 3630, 223, 'Okaloosa', 1),
(358, 3630, 223, 'Okeechobee', 1),
(359, 3630, 223, 'Orange', 1),
(360, 3630, 223, 'Osceola', 1),
(361, 3630, 223, 'Palm Beach', 1),
(362, 3630, 223, 'Pasco', 1),
(363, 3630, 223, 'Pinellas', 1),
(364, 3630, 223, 'Polk', 1),
(365, 3630, 223, 'Putnam', 1),
(366, 3630, 223, 'Saint Johns', 1),
(367, 3630, 223, 'Saint Lucie', 1),
(368, 3630, 223, 'Santa Rosa', 1),
(369, 3630, 223, 'Sarasota', 1),
(370, 3630, 223, 'Seminole', 1),
(371, 3630, 223, 'Sumter', 1),
(372, 3630, 223, 'Suwannee', 1),
(373, 3630, 223, 'Taylor', 1),
(374, 3630, 223, 'Union', 1),
(375, 3630, 223, 'Volusia', 1),
(376, 3630, 223, 'Wakulla', 1),
(377, 3630, 223, 'Walton', 1),
(378, 3631, 223, 'Appling', 1),
(379, 3631, 223, 'Atkinson', 1),
(380, 3631, 223, 'Bacon', 1),
(381, 3631, 223, 'Baker', 1),
(382, 3631, 223, 'Baldwin', 1),
(383, 3631, 223, 'Banks', 1),
(384, 3631, 223, 'Barrow', 1),
(385, 3631, 223, 'Bartow', 1),
(386, 3631, 223, 'Ben Hill', 1),
(387, 3631, 223, 'Berrien', 1),
(388, 3631, 223, 'Bibb', 1),
(389, 3631, 223, 'Bleckley', 1),
(390, 3631, 223, 'Brantley', 1),
(391, 3631, 223, 'Brooks', 1),
(392, 3631, 223, 'Bryan', 1),
(393, 3631, 223, 'Bulloch', 1),
(394, 3631, 223, 'Burke', 1),
(395, 3631, 223, 'Butts', 1),
(396, 3631, 223, 'Calhoun', 1),
(397, 3631, 223, 'Camden', 1),
(398, 3631, 223, 'Candler', 1),
(399, 3631, 223, 'Carroll', 1),
(400, 3631, 223, 'Catoosa', 1),
(401, 3631, 223, 'Charlton', 1),
(402, 3631, 223, 'Chatham', 1),
(403, 3631, 223, 'Chattahoochee', 1),
(404, 3631, 223, 'Chattooga', 1),
(405, 3631, 223, 'Cherokee', 1),
(406, 3631, 223, 'Clarke', 1),
(407, 3631, 223, 'Clay', 1),
(408, 3631, 223, 'Clayton', 1),
(409, 3631, 223, 'Clinch', 1),
(410, 3631, 223, 'Cobb', 1),
(411, 3631, 223, 'Coffee', 1),
(412, 3631, 223, 'Colquitt', 1),
(413, 3631, 223, 'Columbia', 1),
(414, 3631, 223, 'Cook', 1),
(415, 3631, 223, 'Coweta', 1),
(416, 3631, 223, 'Crawford', 1),
(417, 3631, 223, 'Crisp', 1),
(418, 3631, 223, 'Dade', 1),
(419, 3631, 223, 'Dawson', 1),
(420, 3631, 223, 'DeKalb', 1),
(421, 3631, 223, 'Decatur', 1),
(422, 3631, 223, 'Dodge', 1),
(423, 3631, 223, 'Dooly', 1),
(424, 3631, 223, 'Dougherty', 1),
(425, 3631, 223, 'Douglas', 1),
(426, 3631, 223, 'Early', 1),
(427, 3631, 223, 'Echols', 1),
(428, 3631, 223, 'Effingham', 1),
(429, 3631, 223, 'Elbert', 1),
(430, 3631, 223, 'Emanuel', 1),
(431, 3631, 223, 'Evans', 1),
(432, 3631, 223, 'Fannin', 1),
(433, 3631, 223, 'Fayette', 1),
(434, 3631, 223, 'Floyd', 1),
(435, 3631, 223, 'Forsyth', 1),
(436, 3631, 223, 'Franklin', 1),
(437, 3631, 223, 'Fulton', 1),
(438, 3631, 223, 'Gilmer', 1),
(439, 3631, 223, 'Glascock', 1),
(440, 3631, 223, 'Glynn', 1),
(441, 3631, 223, 'Gordon', 1),
(442, 3631, 223, 'Grady', 1),
(443, 3631, 223, 'Greene', 1),
(444, 3633, 223, 'Hawaii', 1),
(445, 3633, 223, 'Honolulu', 1),
(446, 3633, 223, 'Kalawao', 1),
(447, 3633, 223, 'Kauai', 1),
(448, 3633, 223, 'Maui', 1),
(449, 3634, 223, 'Ada', 1),
(450, 3634, 223, 'Adams', 1),
(451, 3634, 223, 'Bannock', 1),
(452, 3634, 223, 'Bear Lake', 1),
(453, 3634, 223, 'Benewah', 1),
(454, 3634, 223, 'Bingham', 1),
(455, 3634, 223, 'Blaine', 1),
(456, 3634, 223, 'Boise', 1),
(457, 3634, 223, 'Bonner', 1),
(458, 3634, 223, 'Bonneville', 1),
(459, 3634, 223, 'Boundary', 1),
(460, 3634, 223, 'Butte', 1),
(461, 3634, 223, 'Camas', 1),
(462, 3634, 223, 'Canyon', 1),
(463, 3634, 223, 'Caribou', 1),
(464, 3634, 223, 'Cassia', 1),
(465, 3634, 223, 'Clark', 1),
(466, 3634, 223, 'Clearwater', 1),
(467, 3634, 223, 'Custer', 1),
(468, 3634, 223, 'Elmore', 1),
(469, 3634, 223, 'Franklin', 1),
(470, 3634, 223, 'Fremont', 1),
(471, 3634, 223, 'Gem', 1),
(472, 3634, 223, 'Gooding', 1),
(473, 3634, 223, 'Idaho', 1),
(474, 3634, 223, 'Jefferson', 1),
(475, 3634, 223, 'Jerome', 1),
(476, 3634, 223, 'Kootenai', 1),
(477, 3634, 223, 'Latah', 1),
(478, 3634, 223, 'Lemhi', 1),
(479, 3634, 223, 'Lewis', 1),
(480, 3634, 223, 'Lincoln', 1),
(481, 3634, 223, 'Madison', 1),
(482, 3634, 223, 'Minidoka', 1),
(483, 3634, 223, 'Nez Perce', 1),
(484, 3634, 223, 'Oneida', 1),
(485, 3634, 223, 'Owyhee', 1),
(486, 3634, 223, 'Payette', 1),
(487, 3634, 223, 'Power', 1),
(488, 3634, 223, 'Shoshone', 1),
(489, 3634, 223, 'Teton', 1),
(490, 3634, 223, 'Twin Falls', 1),
(491, 3634, 223, 'Valley', 1),
(492, 3634, 223, 'Washington', 1),
(493, 3635, 223, 'Adams', 1),
(494, 3635, 223, 'Alexander', 1),
(495, 3635, 223, 'Bond', 1),
(496, 3635, 223, 'Boone', 1),
(497, 3635, 223, 'Brown', 1),
(498, 3635, 223, 'Bureau', 1),
(499, 3635, 223, 'Calhoun', 1),
(500, 3635, 223, 'Carroll', 1),
(501, 3635, 223, 'Cass', 1),
(502, 3635, 223, 'Champaign', 1),
(503, 3635, 223, 'Christian', 1),
(504, 3635, 223, 'Clark', 1),
(505, 3635, 223, 'Clay', 1),
(506, 3635, 223, 'Clinton', 1),
(507, 3635, 223, 'Coles', 1),
(508, 3635, 223, 'Cook', 1),
(509, 3635, 223, 'Crawford', 1),
(510, 3635, 223, 'Cumberland', 1),
(511, 3635, 223, 'De Witt', 1),
(512, 3635, 223, 'DeKalb', 1),
(513, 3635, 223, 'Douglas', 1),
(514, 3635, 223, 'DuPage', 1),
(515, 3635, 223, 'Edgar', 1),
(516, 3635, 223, 'Edwards', 1),
(517, 3635, 223, 'Effingham', 1),
(518, 3635, 223, 'Fayette', 1),
(519, 3635, 223, 'Ford', 1),
(520, 3635, 223, 'Franklin', 1),
(521, 3635, 223, 'Fulton', 1),
(522, 3635, 223, 'Gallatin', 1),
(523, 3635, 223, 'Greene', 1),
(524, 3635, 223, 'Grundy', 1),
(525, 3635, 223, 'Hamilton', 1),
(526, 3635, 223, 'Hancock', 1),
(527, 3635, 223, 'Hardin', 1),
(528, 3635, 223, 'Henderson', 1),
(529, 3635, 223, 'Henry', 1),
(530, 3635, 223, 'Iroquois', 1),
(531, 3635, 223, 'Jackson', 1),
(532, 3635, 223, 'Jasper', 1),
(533, 3635, 223, 'Jefferson', 1),
(534, 3635, 223, 'Jersey', 1),
(535, 3635, 223, 'Jo Daviess', 1),
(536, 3635, 223, 'Johnson', 1),
(537, 3635, 223, 'Kane', 1),
(538, 3635, 223, 'Kankakee', 1),
(539, 3635, 223, 'Kendall', 1),
(540, 3635, 223, 'Knox', 1),
(541, 3635, 223, 'LaSalle', 1),
(542, 3635, 223, 'Lake', 1),
(543, 3635, 223, 'Lawrence', 1),
(544, 3635, 223, 'Lee', 1),
(545, 3635, 223, 'Livingston', 1),
(546, 3635, 223, 'Logan', 1),
(547, 3635, 223, 'Macon', 1),
(548, 3635, 223, 'Macoupin', 1),
(549, 3635, 223, 'Madison', 1),
(550, 3635, 223, 'Marion', 1),
(551, 3635, 223, 'Marshall', 1),
(552, 3635, 223, 'Mason', 1),
(553, 3635, 223, 'Massac', 1),
(554, 3635, 223, 'McDonough', 1),
(555, 3635, 223, 'McHenry', 1),
(556, 3635, 223, 'McLean', 1),
(557, 3635, 223, 'Menard', 1),
(558, 3635, 223, 'Mercer', 1),
(559, 3636, 223, 'Adams', 1),
(560, 3636, 223, 'Allen', 1),
(561, 3636, 223, 'Bartholomew', 1),
(562, 3636, 223, 'Benton', 1),
(563, 3636, 223, 'Blackford', 1),
(564, 3636, 223, 'Boone', 1),
(565, 3636, 223, 'Brown', 1),
(566, 3636, 223, 'Carroll', 1),
(567, 3636, 223, 'Cass', 1),
(568, 3636, 223, 'Clark', 1),
(569, 3636, 223, 'Clay', 1),
(570, 3636, 223, 'Clinton', 1),
(571, 3636, 223, 'Crawford', 1),
(572, 3636, 223, 'Daviess', 1),
(573, 3636, 223, 'DeKalb', 1),
(574, 3636, 223, 'Dearborn', 1),
(575, 3636, 223, 'Decatur', 1),
(576, 3636, 223, 'Delaware', 1),
(577, 3636, 223, 'Dubois', 1),
(578, 3636, 223, 'Elkhart', 1),
(579, 3636, 223, 'Fayette', 1),
(580, 3636, 223, 'Floyd', 1),
(581, 3636, 223, 'Fountain', 1),
(582, 3636, 223, 'Franklin', 1),
(583, 3636, 223, 'Fulton', 1),
(584, 3636, 223, 'Gibson', 1),
(585, 3636, 223, 'Grant', 1),
(586, 3636, 223, 'Greene', 1),
(587, 3636, 223, 'Hamilton', 1),
(588, 3636, 223, 'Hancock', 1),
(589, 3636, 223, 'Harrison', 1),
(590, 3636, 223, 'Hendricks', 1),
(591, 3636, 223, 'Henry', 1),
(592, 3636, 223, 'Howard', 1),
(593, 3636, 223, 'Huntington', 1),
(594, 3636, 223, 'Jackson', 1),
(595, 3636, 223, 'Jasper', 1),
(596, 3636, 223, 'Jay', 1),
(597, 3636, 223, 'Jefferson', 1),
(598, 3636, 223, 'Jennings', 1),
(599, 3636, 223, 'Johnson', 1),
(600, 3636, 223, 'Knox', 1),
(601, 3636, 223, 'Kosciusko', 1),
(602, 3636, 223, 'LaGrange', 1),
(603, 3636, 223, 'LaPorte', 1),
(604, 3636, 223, 'Lake', 1),
(605, 3636, 223, 'Lawrence', 1),
(606, 3636, 223, 'Madison', 1),
(607, 3636, 223, 'Marion', 1),
(608, 3636, 223, 'Marshall', 1),
(609, 3636, 223, 'Martin', 1),
(610, 3636, 223, 'Miami', 1),
(611, 3636, 223, 'Monroe', 1),
(612, 3636, 223, 'Montgomery', 1),
(613, 3636, 223, 'Morgan', 1),
(614, 3636, 223, 'Newton', 1),
(615, 3636, 223, 'Noble', 1),
(616, 3636, 223, 'Ohio', 1),
(617, 3636, 223, 'Orange', 1),
(618, 3636, 223, 'Owen', 1),
(619, 3636, 223, 'Parke', 1),
(620, 3636, 223, 'Perry', 1),
(621, 3636, 223, 'Pike', 1),
(622, 3636, 223, 'Porter', 1),
(623, 3636, 223, 'Posey', 1),
(624, 3636, 223, 'Pulaski', 1),
(625, 3637, 223, 'Adair', 1),
(626, 3637, 223, 'Adams', 1),
(627, 3637, 223, 'Allamakee', 1),
(628, 3637, 223, 'Appanoose', 1),
(629, 3637, 223, 'Audubon', 1),
(630, 3637, 223, 'Benton', 1),
(631, 3637, 223, 'Black Hawk', 1),
(632, 3637, 223, 'Boone', 1),
(633, 3637, 223, 'Bremer', 1),
(634, 3637, 223, 'Buchanan', 1),
(635, 3637, 223, 'Buena Vista', 1),
(636, 3637, 223, 'Butler', 1),
(637, 3637, 223, 'Calhoun', 1),
(638, 3637, 223, 'Carroll', 1),
(639, 3637, 223, 'Cass', 1),
(640, 3637, 223, 'Cedar', 1),
(641, 3637, 223, 'Cerro Gordo', 1),
(642, 3637, 223, 'Cherokee', 1),
(643, 3637, 223, 'Chickasaw', 1),
(644, 3637, 223, 'Clarke', 1),
(645, 3637, 223, 'Clay', 1),
(646, 3637, 223, 'Clayton', 1),
(647, 3637, 223, 'Clinton', 1),
(648, 3637, 223, 'Crawford', 1),
(649, 3637, 223, 'Dallas', 1),
(650, 3637, 223, 'Davis', 1),
(651, 3637, 223, 'Decatur', 1),
(652, 3637, 223, 'Delaware', 1),
(653, 3637, 223, 'Des Moines', 1),
(654, 3637, 223, 'Dickinson', 1),
(655, 3637, 223, 'Dubuque', 1),
(656, 3637, 223, 'Emmet', 1),
(657, 3637, 223, 'Fayette', 1),
(658, 3637, 223, 'Floyd', 1),
(659, 3637, 223, 'Franklin', 1),
(660, 3637, 223, 'Fremont', 1),
(661, 3637, 223, 'Greene', 1),
(662, 3637, 223, 'Grundy', 1),
(663, 3637, 223, 'Guthrie', 1),
(664, 3637, 223, 'Hamilton', 1),
(665, 3637, 223, 'Hancock', 1),
(666, 3637, 223, 'Hardin', 1),
(667, 3637, 223, 'Harrison', 1),
(668, 3637, 223, 'Henry', 1),
(669, 3637, 223, 'Howard', 1),
(670, 3637, 223, 'Humboldt', 1),
(671, 3637, 223, 'Ida', 1),
(672, 3637, 223, 'Iowa', 1),
(673, 3637, 223, 'Jackson', 1),
(674, 3637, 223, 'Jasper', 1),
(675, 3637, 223, 'Jefferson', 1),
(676, 3637, 223, 'Johnson', 1),
(677, 3637, 223, 'Jones', 1),
(678, 3637, 223, 'Keokuk', 1),
(679, 3637, 223, 'Kossuth', 1),
(680, 3637, 223, 'Lee', 1),
(681, 3637, 223, 'Linn', 1),
(682, 3637, 223, 'Louisa', 1),
(683, 3637, 223, 'Lucas', 1),
(684, 3637, 223, 'Lyon', 1),
(685, 3637, 223, 'Madison', 1),
(686, 3637, 223, 'Mahaska', 1),
(687, 3637, 223, 'Marion', 1),
(688, 3637, 223, 'Marshall', 1),
(689, 3637, 223, 'Mills', 1),
(690, 3637, 223, 'Mitchell', 1),
(691, 3638, 223, 'Allen', 1),
(692, 3638, 223, 'Anderson', 1),
(693, 3638, 223, 'Atchison', 1),
(694, 3638, 223, 'Barber', 1),
(695, 3638, 223, 'Barton', 1),
(696, 3638, 223, 'Bourbon', 1),
(697, 3638, 223, 'Brown', 1),
(698, 3638, 223, 'Butler', 1),
(699, 3638, 223, 'Chase', 1),
(700, 3638, 223, 'Chautauqua', 1),
(701, 3638, 223, 'Cherokee', 1),
(702, 3638, 223, 'Cheyenne', 1),
(703, 3638, 223, 'Clark', 1),
(704, 3638, 223, 'Clay', 1),
(705, 3638, 223, 'Cloud', 1),
(706, 3638, 223, 'Coffey', 1),
(707, 3638, 223, 'Comanche', 1),
(708, 3638, 223, 'Cowley', 1),
(709, 3638, 223, 'Crawford', 1),
(710, 3638, 223, 'Decatur', 1),
(711, 3638, 223, 'Dickinson', 1),
(712, 3638, 223, 'Doniphan', 1),
(713, 3638, 223, 'Douglas', 1),
(714, 3638, 223, 'Edwards', 1),
(715, 3638, 223, 'Elk', 1),
(716, 3638, 223, 'Ellis', 1),
(717, 3638, 223, 'Ellsworth', 1),
(718, 3638, 223, 'Finney', 1),
(719, 3638, 223, 'Ford', 1),
(720, 3638, 223, 'Franklin', 1),
(721, 3638, 223, 'Geary', 1),
(722, 3638, 223, 'Gove', 1),
(723, 3638, 223, 'Graham', 1),
(724, 3638, 223, 'Grant', 1),
(725, 3638, 223, 'Gray', 1),
(726, 3638, 223, 'Greeley', 1),
(727, 3638, 223, 'Greenwood', 1),
(728, 3638, 223, 'Hamilton', 1),
(729, 3638, 223, 'Harper', 1),
(730, 3638, 223, 'Harvey', 1),
(731, 3638, 223, 'Haskell', 1),
(732, 3638, 223, 'Hodgeman', 1),
(733, 3638, 223, 'Jackson', 1),
(734, 3638, 223, 'Jefferson', 1),
(735, 3638, 223, 'Jewell', 1),
(736, 3638, 223, 'Johnson', 1),
(737, 3638, 223, 'Kearny', 1),
(738, 3638, 223, 'Kingman', 1),
(739, 3638, 223, 'Kiowa', 1),
(740, 3638, 223, 'Labette', 1),
(741, 3638, 223, 'Lane', 1),
(742, 3638, 223, 'Leavenworth', 1),
(743, 3638, 223, 'Lincoln', 1),
(744, 3638, 223, 'Linn', 1),
(745, 3638, 223, 'Logan', 1),
(746, 3638, 223, 'Lyon', 1),
(747, 3638, 223, 'Marion', 1),
(748, 3638, 223, 'Marshall', 1),
(749, 3638, 223, 'McPherson', 1),
(750, 3638, 223, 'Meade', 1),
(751, 3638, 223, 'Miami', 1),
(752, 3638, 223, 'Mitchell', 1),
(753, 3638, 223, 'Montgomery', 1),
(754, 3638, 223, 'Morris', 1),
(755, 3638, 223, 'Morton', 1),
(756, 3638, 223, 'Nemaha', 1),
(757, 3639, 223, 'Adair', 1),
(758, 3639, 223, 'Allen', 1),
(759, 3639, 223, 'Anderson', 1),
(760, 3639, 223, 'Ballard', 1),
(761, 3639, 223, 'Barren', 1),
(762, 3639, 223, 'Bath', 1),
(763, 3639, 223, 'Bell', 1),
(764, 3639, 223, 'Boone', 1),
(765, 3639, 223, 'Bourbon', 1),
(766, 3639, 223, 'Boyd', 1),
(767, 3639, 223, 'Boyle', 1),
(768, 3639, 223, 'Bracken', 1),
(769, 3639, 223, 'Breathitt', 1),
(770, 3639, 223, 'Breckinridge', 1),
(771, 3639, 223, 'Bullitt', 1),
(772, 3639, 223, 'Butler', 1),
(773, 3639, 223, 'Caldwell', 1),
(774, 3639, 223, 'Calloway', 1),
(775, 3639, 223, 'Campbell', 1),
(776, 3639, 223, 'Carlisle', 1),
(777, 3639, 223, 'Carroll', 1),
(778, 3639, 223, 'Carter', 1),
(779, 3639, 223, 'Casey', 1),
(780, 3639, 223, 'Christian', 1),
(781, 3639, 223, 'Clark', 1),
(782, 3639, 223, 'Clay', 1),
(783, 3639, 223, 'Clinton', 1),
(784, 3639, 223, 'Crittenden', 1),
(785, 3639, 223, 'Cumberland', 1),
(786, 3639, 223, 'Daviess', 1),
(787, 3639, 223, 'Edmonson', 1),
(788, 3639, 223, 'Elliott', 1),
(789, 3639, 223, 'Estill', 1),
(790, 3639, 223, 'Fayette', 1),
(791, 3639, 223, 'Fleming', 1),
(792, 3639, 223, 'Floyd', 1),
(793, 3639, 223, 'Franklin', 1),
(794, 3639, 223, 'Fulton', 1),
(795, 3639, 223, 'Gallatin', 1),
(796, 3639, 223, 'Garrard', 1),
(797, 3639, 223, 'Grant', 1),
(798, 3639, 223, 'Graves', 1),
(799, 3639, 223, 'Grayson', 1),
(800, 3639, 223, 'Green', 1),
(801, 3639, 223, 'Greenup', 1),
(802, 3639, 223, 'Hancock', 1),
(803, 3639, 223, 'Hardin', 1),
(804, 3639, 223, 'Harlan', 1),
(805, 3639, 223, 'Harrison', 1),
(806, 3639, 223, 'Hart', 1),
(807, 3639, 223, 'Henderson', 1),
(808, 3639, 223, 'Henry', 1),
(809, 3639, 223, 'Hickman', 1),
(810, 3639, 223, 'Hopkins', 1),
(811, 3639, 223, 'Jackson', 1),
(812, 3639, 223, 'Jefferson', 1),
(813, 3639, 223, 'Jessamine', 1),
(814, 3639, 223, 'Johnson', 1),
(815, 3639, 223, 'Kenton', 1),
(816, 3639, 223, 'Knott', 1),
(817, 3639, 223, 'Knox', 1),
(818, 3639, 223, 'Larue', 1),
(819, 3639, 223, 'Laurel', 1),
(820, 3639, 223, 'Lawrence', 1),
(821, 3639, 223, 'Lee', 1),
(822, 3639, 223, 'Leslie', 1),
(823, 3640, 223, 'Acadia Parish', 1),
(824, 3640, 223, 'Allen Parish', 1),
(825, 3640, 223, 'Ascension Parish', 1),
(826, 3640, 223, 'Assumption Parish', 1),
(827, 3640, 223, 'Avoyelles Parish', 1),
(828, 3640, 223, 'Beauregard Parish', 1),
(829, 3640, 223, 'Bienville Parish', 1),
(830, 3640, 223, 'Bossier Parish', 1),
(831, 3640, 223, 'Caddo Parish', 1),
(832, 3640, 223, 'Calcasieu Parish', 1),
(833, 3640, 223, 'Caldwell Parish', 1),
(834, 3640, 223, 'Cameron Parish', 1),
(835, 3640, 223, 'Catahoula Parish', 1),
(836, 3640, 223, 'Claiborne Parish', 1),
(837, 3640, 223, 'Concordia Parish', 1),
(838, 3640, 223, 'DeSoto Parish', 1),
(839, 3640, 223, 'East Baton Rouge Parish', 1),
(840, 3640, 223, 'East Carroll Parish', 1),
(841, 3640, 223, 'East Feliciana Parish', 1),
(842, 3640, 223, 'Evangeline Parish', 1),
(843, 3640, 223, 'Franklin Parish', 1),
(844, 3640, 223, 'Grant Parish', 1),
(845, 3640, 223, 'Iberia Parish', 1),
(846, 3640, 223, 'Iberville Parish', 1),
(847, 3640, 223, 'Jackson Parish', 1),
(848, 3640, 223, 'Jefferson Davis Parish', 1),
(849, 3640, 223, 'Jefferson Parish', 1),
(850, 3640, 223, 'La Salle Parish', 1),
(851, 3640, 223, 'Lafayette Parish', 1),
(852, 3640, 223, 'Lafourche Parish', 1),
(853, 3640, 223, 'Lincoln Parish', 1),
(854, 3640, 223, 'Livingston Parish', 1),
(855, 3640, 223, 'Madison Parish', 1),
(856, 3640, 223, 'Morehouse Parish', 1),
(857, 3640, 223, 'Natchitoches Parish', 1),
(858, 3640, 223, 'Orleans Parish', 1),
(859, 3640, 223, 'Ouachita Parish', 1),
(860, 3640, 223, 'Plaquemines Parish', 1),
(861, 3640, 223, 'Pointe Coupee Parish', 1),
(862, 3640, 223, 'Rapides Parish', 1),
(863, 3640, 223, 'Red River Parish', 1),
(864, 3640, 223, 'Richland Parish', 1),
(865, 3640, 223, 'Sabine Parish', 1),
(866, 3640, 223, 'Saint Bernard Parish', 1),
(867, 3640, 223, 'Saint Charles Parish', 1),
(868, 3640, 223, 'Saint Helena Parish', 1),
(869, 3640, 223, 'Saint James Parish', 1),
(870, 3640, 223, 'Saint John the Baptist Parish', 1),
(871, 3640, 223, 'Saint Landry Parish', 1),
(872, 3640, 223, 'Saint Martin Parish', 1),
(873, 3640, 223, 'Saint Mary Parish', 1),
(874, 3640, 223, 'Saint Tammany Parish', 1),
(875, 3640, 223, 'Tangipahoa Parish', 1),
(876, 3640, 223, 'Tensas Parish', 1),
(877, 3640, 223, 'Terrebonne Parish', 1),
(878, 3640, 223, 'Union Parish', 1),
(879, 3640, 223, 'Vermilion Parish', 1),
(880, 3640, 223, 'Vernon Parish', 1),
(881, 3640, 223, 'Washington Parish', 1),
(882, 3640, 223, 'Webster Parish', 1),
(883, 3640, 223, 'West Baton Rouge Parish', 1),
(884, 3640, 223, 'West Carroll Parish', 1),
(885, 3640, 223, 'West Feliciana Parish', 1),
(886, 3640, 223, 'Winn Parish', 1),
(887, 3641, 223, 'Androscoggin', 1),
(888, 3641, 223, 'Aroostook', 1),
(889, 3641, 223, 'Cumberland', 1),
(890, 3641, 223, 'Franklin', 1),
(891, 3641, 223, 'Hancock', 1),
(892, 3641, 223, 'Kennebec', 1),
(893, 3641, 223, 'Knox', 1),
(894, 3641, 223, 'Lincoln', 1),
(895, 3641, 223, 'Oxford', 1),
(896, 3641, 223, 'Penobscot', 1),
(897, 3641, 223, 'Piscataquis', 1),
(898, 3641, 223, 'Sagadahoc', 1),
(899, 3641, 223, 'Somerset', 1),
(900, 3641, 223, 'Waldo', 1),
(901, 3641, 223, 'Washington', 1),
(902, 3641, 223, 'York', 1),
(903, 1870, 120, 'Allegany', 1),
(904, 1870, 120, 'Anne Arundel', 1),
(905, 1870, 120, 'Baltimore', 1),
(906, 1870, 120, 'Calvert', 1),
(907, 1870, 120, 'Caroline', 1),
(908, 1870, 120, 'Carroll', 1),
(909, 1870, 120, 'Cecil', 1),
(910, 1870, 120, 'Charles', 1),
(911, 1870, 120, 'City of Baltimore', 1),
(912, 1870, 120, 'Dorchester', 1),
(913, 1870, 120, 'Frederick', 1),
(914, 1870, 120, 'Garrett', 1),
(915, 1870, 120, 'Harford', 1),
(916, 1870, 120, 'Howard', 1),
(917, 1870, 120, 'Kent', 1),
(918, 1870, 120, 'Montgomery', 1),
(919, 1870, 120, 'Prince Georges', 1),
(920, 1870, 120, 'Queen Anne''s', 1),
(921, 1870, 120, 'Saint Mary''s', 1),
(922, 1870, 120, 'Somerset', 1),
(923, 1870, 120, 'Talbot', 1),
(924, 1870, 120, 'Washington', 1),
(925, 1870, 120, 'Wicomico', 1),
(926, 1870, 120, 'Worcester', 1),
(927, 3645, 223, 'Alcona', 1),
(928, 3645, 223, 'Alger', 1),
(929, 3645, 223, 'Allegan', 1),
(930, 3645, 223, 'Alpena', 1),
(931, 3645, 223, 'Antrim', 1),
(932, 3645, 223, 'Arenac', 1),
(933, 3645, 223, 'Baraga', 1),
(934, 3645, 223, 'Barry', 1),
(935, 3645, 223, 'Bay', 1),
(936, 3645, 223, 'Benzie', 1),
(937, 3645, 223, 'Berrien', 1),
(938, 3645, 223, 'Branch', 1),
(939, 3645, 223, 'Calhoun', 1),
(940, 3645, 223, 'Cass', 1),
(941, 3645, 223, 'Charlevoix', 1),
(942, 3645, 223, 'Cheboygan', 1),
(943, 3645, 223, 'Chippewa', 1),
(944, 3645, 223, 'Clare', 1),
(945, 3645, 223, 'Clinton', 1),
(946, 3645, 223, 'Crawford', 1),
(947, 3645, 223, 'Delta', 1),
(948, 3645, 223, 'Dickinson', 1),
(949, 3645, 223, 'Eaton', 1),
(950, 3645, 223, 'Emmet', 1),
(951, 3645, 223, 'Genesee', 1),
(952, 3645, 223, 'Gladwin', 1),
(953, 3645, 223, 'Gogebic', 1),
(954, 3645, 223, 'Grand Traverse', 1),
(955, 3645, 223, 'Gratiot', 1),
(956, 3645, 223, 'Hillsdale', 1),
(957, 3645, 223, 'Houghton', 1),
(958, 3645, 223, 'Huron', 1),
(959, 3645, 223, 'Ingham', 1),
(960, 3645, 223, 'Ionia', 1),
(961, 3645, 223, 'Iosco', 1),
(962, 3645, 223, 'Iron', 1),
(963, 3645, 223, 'Isabella', 1),
(964, 3645, 223, 'Jackson', 1),
(965, 3645, 223, 'Kalamazoo', 1),
(966, 3645, 223, 'Kalkaska', 1),
(967, 3645, 223, 'Kent', 1),
(968, 3645, 223, 'Keweenaw', 1),
(969, 3645, 223, 'Lake', 1),
(970, 3645, 223, 'Lapeer', 1),
(971, 3645, 223, 'Leelanau', 1),
(972, 3645, 223, 'Lenawee', 1),
(973, 3645, 223, 'Livingston', 1),
(974, 3645, 223, 'Luce', 1),
(975, 3645, 223, 'Mackinac', 1),
(976, 3645, 223, 'Macomb', 1),
(977, 3645, 223, 'Manistee', 1),
(978, 3645, 223, 'Marquette', 1),
(979, 3645, 223, 'Mason', 1),
(980, 3645, 223, 'Mecosta', 1),
(981, 3645, 223, 'Menominee', 1),
(982, 3645, 223, 'Midland', 1),
(983, 3645, 223, 'Missaukee', 1),
(984, 3645, 223, 'Monroe', 1),
(985, 3645, 223, 'Montcalm', 1),
(986, 3645, 223, 'Montmorency', 1),
(987, 3645, 223, 'Muskegon', 1),
(988, 3645, 223, 'Newaygo', 1),
(989, 3645, 223, 'Oakland', 1),
(990, 3645, 223, 'Oceana', 1),
(991, 3645, 223, 'Ogemaw', 1),
(992, 3645, 223, 'Ontonagon', 1),
(993, 3646, 223, 'Aitkin', 1),
(994, 3646, 223, 'Anoka', 1),
(995, 3646, 223, 'Becker', 1),
(996, 3646, 223, 'Beltrami', 1),
(997, 3646, 223, 'Benton', 1),
(998, 3646, 223, 'Big Stone', 1),
(999, 3646, 223, 'Blue Earth', 1),
(1000, 3646, 223, 'Brown', 1),
(1001, 3646, 223, 'Carlton', 1),
(1002, 3646, 223, 'Carver', 1),
(1003, 3646, 223, 'Cass', 1),
(1004, 3646, 223, 'Chippewa', 1),
(1005, 3646, 223, 'Chisago', 1),
(1006, 3646, 223, 'Clay', 1),
(1007, 3646, 223, 'Clearwater', 1),
(1008, 3646, 223, 'Cook', 1),
(1009, 3646, 223, 'Cottonwood', 1),
(1010, 3646, 223, 'Crow Wing', 1),
(1011, 3646, 223, 'Dakota', 1),
(1012, 3646, 223, 'Dodge', 1),
(1013, 3646, 223, 'Douglas', 1),
(1014, 3646, 223, 'Faribault', 1),
(1015, 3646, 223, 'Fillmore', 1),
(1016, 3646, 223, 'Freeborn', 1),
(1017, 3646, 223, 'Goodhue', 1),
(1018, 3646, 223, 'Grant', 1),
(1019, 3646, 223, 'Hennepin', 1),
(1020, 3646, 223, 'Houston', 1),
(1021, 3646, 223, 'Hubbard', 1),
(1022, 3646, 223, 'Isanti', 1),
(1023, 3646, 223, 'Itasca', 1),
(1024, 3646, 223, 'Jackson', 1),
(1025, 3646, 223, 'Kanabec', 1),
(1026, 3646, 223, 'Kandiyohi', 1),
(1027, 3646, 223, 'Kittson', 1),
(1028, 3646, 223, 'Koochiching', 1),
(1029, 3646, 223, 'Lac qui Parle', 1),
(1030, 3646, 223, 'Lake', 1),
(1031, 3646, 223, 'Lake of the Woods', 1),
(1032, 3646, 223, 'Le Sueur', 1),
(1033, 3646, 223, 'Lincoln', 1),
(1034, 3646, 223, 'Lyon', 1),
(1035, 3646, 223, 'Mahnomen', 1),
(1036, 3646, 223, 'Marshall', 1),
(1037, 3646, 223, 'Martin', 1),
(1038, 3646, 223, 'McLeod', 1),
(1039, 3646, 223, 'Meeker', 1),
(1040, 3646, 223, 'Mille Lacs', 1),
(1041, 3646, 223, 'Morrison', 1),
(1042, 3646, 223, 'Mower', 1),
(1043, 3646, 223, 'Murray', 1),
(1044, 3646, 223, 'Nicollet', 1),
(1045, 3646, 223, 'Nobles', 1),
(1046, 3646, 223, 'Norman', 1),
(1047, 3646, 223, 'Olmsted', 1),
(1048, 3646, 223, 'Otter Tail', 1),
(1049, 3646, 223, 'Pennington', 1),
(1050, 3646, 223, 'Pine', 1),
(1051, 3646, 223, 'Pipestone', 1),
(1052, 3646, 223, 'Polk', 1),
(1053, 3646, 223, 'Pope', 1),
(1054, 3646, 223, 'Ramsey', 1),
(1055, 3646, 223, 'Red Lake', 1),
(1056, 3646, 223, 'Redwood', 1),
(1057, 3646, 223, 'Renville', 1),
(1058, 3646, 223, 'Rice', 1),
(1059, 3647, 223, 'Adams', 1),
(1060, 3647, 223, 'Alcorn', 1),
(1061, 3647, 223, 'Amite', 1),
(1062, 3647, 223, 'Attala', 1),
(1063, 3647, 223, 'Benton', 1),
(1064, 3647, 223, 'Bolivar', 1),
(1065, 3647, 223, 'Calhoun', 1),
(1066, 3647, 223, 'Carroll', 1),
(1067, 3647, 223, 'Chickasaw', 1),
(1068, 3647, 223, 'Choctaw', 1),
(1069, 3647, 223, 'Claiborne', 1),
(1070, 3647, 223, 'Clarke', 1),
(1071, 3647, 223, 'Clay', 1),
(1072, 3647, 223, 'Coahoma', 1),
(1073, 3647, 223, 'Copiah', 1),
(1074, 3647, 223, 'Covington', 1),
(1075, 3647, 223, 'De Soto', 1),
(1076, 3647, 223, 'Forrest', 1),
(1077, 3647, 223, 'Franklin', 1),
(1078, 3647, 223, 'George', 1),
(1079, 3647, 223, 'Greene', 1),
(1080, 3647, 223, 'Grenada', 1),
(1081, 3647, 223, 'Hancock', 1),
(1082, 3647, 223, 'Harrison', 1),
(1083, 3647, 223, 'Hinds', 1),
(1084, 3647, 223, 'Holmes', 1),
(1085, 3647, 223, 'Humphreys', 1),
(1086, 3647, 223, 'Issaquena', 1),
(1087, 3647, 223, 'Itawamba', 1),
(1088, 3647, 223, 'Jackson', 1),
(1089, 3647, 223, 'Jasper', 1),
(1090, 3647, 223, 'Jefferson', 1),
(1091, 3647, 223, 'Jefferson Davis', 1),
(1092, 3647, 223, 'Jones', 1),
(1093, 3647, 223, 'Kemper', 1),
(1094, 3647, 223, 'Lafayette', 1),
(1095, 3647, 223, 'Lamar', 1),
(1096, 3647, 223, 'Lauderdale', 1),
(1097, 3647, 223, 'Lawrence', 1),
(1098, 3647, 223, 'Leake', 1),
(1099, 3647, 223, 'Lee', 1),
(1100, 3647, 223, 'Leflore', 1),
(1101, 3647, 223, 'Lincoln', 1),
(1102, 3647, 223, 'Lowndes', 1),
(1103, 3647, 223, 'Madison', 1),
(1104, 3647, 223, 'Marion', 1),
(1105, 3647, 223, 'Marshall', 1),
(1106, 3647, 223, 'Monroe', 1),
(1107, 3647, 223, 'Montgomery', 1),
(1108, 3647, 223, 'Neshoba', 1),
(1109, 3647, 223, 'Newton', 1),
(1110, 3647, 223, 'Noxubee', 1),
(1111, 3647, 223, 'Oktibbeha', 1),
(1112, 3647, 223, 'Panola', 1),
(1113, 3647, 223, 'Pearl River', 1),
(1114, 3647, 223, 'Perry', 1),
(1115, 3647, 223, 'Pike', 1),
(1116, 3647, 223, 'Pontotoc', 1),
(1117, 3647, 223, 'Prentiss', 1),
(1118, 3647, 223, 'Quitman', 1),
(1119, 3647, 223, 'Rankin', 1),
(1120, 3647, 223, 'Scott', 1),
(1121, 3647, 223, 'Sharkey', 1),
(1122, 3647, 223, 'Simpson', 1),
(1123, 3647, 223, 'Smith', 1),
(1124, 3647, 223, 'Stone', 1),
(1125, 3648, 223, 'Adair', 1),
(1126, 3648, 223, 'Andrew', 1),
(1127, 3648, 223, 'Atchison', 1),
(1128, 3648, 223, 'Audrain', 1),
(1129, 3648, 223, 'Barry', 1),
(1130, 3648, 223, 'Barton', 1),
(1131, 3648, 223, 'Bates', 1),
(1132, 3648, 223, 'Benton', 1),
(1133, 3648, 223, 'Bollinger', 1),
(1134, 3648, 223, 'Boone', 1),
(1135, 3648, 223, 'Buchanan', 1),
(1136, 3648, 223, 'Butler', 1),
(1137, 3648, 223, 'Caldwell', 1),
(1138, 3648, 223, 'Callaway', 1),
(1139, 3648, 223, 'Camden', 1),
(1140, 3648, 223, 'Cape Girardeau', 1),
(1141, 3648, 223, 'Carroll', 1),
(1142, 3648, 223, 'Carter', 1),
(1143, 3648, 223, 'Cass', 1),
(1144, 3648, 223, 'Cedar', 1),
(1145, 3648, 223, 'Chariton', 1),
(1146, 3648, 223, 'Christian', 1),
(1147, 3648, 223, 'Clark', 1),
(1148, 3648, 223, 'Clay', 1),
(1149, 3648, 223, 'Clinton', 1),
(1150, 3648, 223, 'Cole', 1),
(1151, 3648, 223, 'Cooper', 1),
(1152, 3648, 223, 'Crawford', 1),
(1153, 3648, 223, 'Dade', 1),
(1154, 3648, 223, 'Dallas', 1),
(1155, 3648, 223, 'Daviess', 1),
(1156, 3648, 223, 'DeKalb', 1),
(1157, 3648, 223, 'Dent', 1),
(1158, 3648, 223, 'Douglas', 1),
(1159, 3648, 223, 'Dunklin', 1),
(1160, 3648, 223, 'Franklin', 1),
(1161, 3648, 223, 'Gasconade', 1),
(1162, 3648, 223, 'Gentry', 1),
(1163, 3648, 223, 'Greene', 1),
(1164, 3648, 223, 'Grundy', 1),
(1165, 3648, 223, 'Harrison', 1),
(1166, 3648, 223, 'Henry', 1),
(1167, 3648, 223, 'Hickory', 1),
(1168, 3648, 223, 'Holt', 1),
(1169, 3648, 223, 'Howard', 1),
(1170, 3648, 223, 'Howell', 1),
(1171, 3648, 223, 'Iron', 1),
(1172, 3648, 223, 'Jackson', 1),
(1173, 3648, 223, 'Jasper', 1),
(1174, 3648, 223, 'Jefferson', 1),
(1175, 3648, 223, 'Johnson', 1),
(1176, 3648, 223, 'Knox', 1),
(1177, 3648, 223, 'Laclede', 1),
(1178, 3648, 223, 'Lafayette', 1),
(1179, 3648, 223, 'Lawrence', 1),
(1180, 3648, 223, 'Lewis', 1),
(1181, 3648, 223, 'Lincoln', 1),
(1182, 3648, 223, 'Linn', 1),
(1183, 3648, 223, 'Livingston', 1),
(1184, 3648, 223, 'Macon', 1),
(1185, 3648, 223, 'Madison', 1),
(1186, 3648, 223, 'Maries', 1),
(1187, 3648, 223, 'Marion', 1),
(1188, 3648, 223, 'McDonald', 1),
(1189, 3648, 223, 'Mercer', 1),
(1190, 3648, 223, 'Miller', 1),
(1191, 487, 33, 'Beaverhead', 1),
(1192, 487, 33, 'Big Horn', 1),
(1193, 487, 33, 'Blaine', 1),
(1194, 487, 33, 'Broadwater', 1),
(1195, 487, 33, 'Carbon', 1),
(1196, 487, 33, 'Carter', 1),
(1197, 487, 33, 'Cascade', 1),
(1198, 487, 33, 'Chouteau', 1),
(1199, 487, 33, 'Custer', 1),
(1200, 487, 33, 'Daniels', 1),
(1201, 487, 33, 'Dawson', 1),
(1202, 487, 33, 'Deer Lodge', 1),
(1203, 487, 33, 'Fallon', 1),
(1204, 487, 33, 'Fergus', 1),
(1205, 487, 33, 'Flathead', 1),
(1206, 487, 33, 'Gallatin', 1),
(1207, 487, 33, 'Garfield', 1),
(1208, 487, 33, 'Glacier', 1),
(1209, 487, 33, 'Golden Valley', 1),
(1210, 487, 33, 'Granite', 1),
(1211, 487, 33, 'Hill', 1),
(1212, 487, 33, 'Jefferson', 1),
(1213, 487, 33, 'Judith Basin', 1),
(1214, 487, 33, 'Lake', 1),
(1215, 487, 33, 'Lewis and Clark', 1),
(1216, 487, 33, 'Liberty', 1),
(1217, 487, 33, 'Lincoln', 1),
(1218, 487, 33, 'Madison', 1),
(1219, 487, 33, 'McCone', 1),
(1220, 487, 33, 'Meagher', 1),
(1221, 487, 33, 'Mineral', 1),
(1222, 487, 33, 'Missoula', 1),
(1223, 487, 33, 'Musselshell', 1),
(1224, 487, 33, 'Park', 1),
(1225, 487, 33, 'Petroleum', 1),
(1226, 487, 33, 'Phillips', 1),
(1227, 487, 33, 'Pondera', 1),
(1228, 487, 33, 'Powder River', 1),
(1229, 487, 33, 'Powell', 1),
(1230, 487, 33, 'Prairie', 1),
(1231, 487, 33, 'Ravalli', 1),
(1232, 487, 33, 'Richland', 1),
(1233, 487, 33, 'Roosevelt', 1),
(1234, 487, 33, 'Rosebud', 1),
(1235, 487, 33, 'Sanders', 1),
(1236, 487, 33, 'Sheridan', 1),
(1237, 487, 33, 'Silver Bow', 1),
(1238, 487, 33, 'Stillwater', 1),
(1239, 487, 33, 'Sweet Grass', 1),
(1240, 487, 33, 'Teton', 1),
(1241, 487, 33, 'Toole', 1),
(1242, 487, 33, 'Treasure', 1),
(1243, 487, 33, 'Valley', 1),
(1244, 487, 33, 'Wheatland', 1),
(1245, 487, 33, 'Wibaux', 1),
(1246, 487, 33, 'Yellowstone', 1),
(1247, 3650, 223, 'Adams', 1),
(1248, 3650, 223, 'Antelope', 1),
(1249, 3650, 223, 'Arthur', 1),
(1250, 3650, 223, 'Banner', 1),
(1251, 3650, 223, 'Blaine', 1),
(1252, 3650, 223, 'Boone', 1),
(1253, 3650, 223, 'Box Butte', 1),
(1254, 3650, 223, 'Boyd', 1),
(1255, 3650, 223, 'Brown', 1),
(1256, 3650, 223, 'Buffalo', 1),
(1257, 3650, 223, 'Burt', 1),
(1258, 3650, 223, 'Butler', 1),
(1259, 3650, 223, 'Cass', 1),
(1260, 3650, 223, 'Cedar', 1),
(1261, 3650, 223, 'Chase', 1),
(1262, 3650, 223, 'Cherry', 1),
(1263, 3650, 223, 'Cheyenne', 1),
(1264, 3650, 223, 'Clay', 1),
(1265, 3650, 223, 'Colfax', 1),
(1266, 3650, 223, 'Cuming', 1),
(1267, 3650, 223, 'Custer', 1),
(1268, 3650, 223, 'Dakota', 1),
(1269, 3650, 223, 'Dawes', 1),
(1270, 3650, 223, 'Dawson', 1),
(1271, 3650, 223, 'Deuel', 1),
(1272, 3650, 223, 'Dixon', 1),
(1273, 3650, 223, 'Dodge', 1),
(1274, 3650, 223, 'Douglas', 1),
(1275, 3650, 223, 'Dundy', 1),
(1276, 3650, 223, 'Fillmore', 1),
(1277, 3650, 223, 'Franklin', 1),
(1278, 3650, 223, 'Frontier', 1),
(1279, 3650, 223, 'Furnas', 1),
(1280, 3650, 223, 'Gage', 1),
(1281, 3650, 223, 'Garden', 1),
(1282, 3650, 223, 'Garfield', 1),
(1283, 3650, 223, 'Gosper', 1),
(1284, 3650, 223, 'Grant', 1),
(1285, 3650, 223, 'Greeley', 1),
(1286, 3650, 223, 'Hall', 1),
(1287, 3650, 223, 'Hamilton', 1),
(1288, 3650, 223, 'Harlan', 1),
(1289, 3650, 223, 'Hayes', 1),
(1290, 3650, 223, 'Hitchcock', 1),
(1291, 3650, 223, 'Holt', 1),
(1292, 3650, 223, 'Hooker', 1),
(1293, 3650, 223, 'Howard', 1),
(1294, 3650, 223, 'Jefferson', 1),
(1295, 3650, 223, 'Johnson', 1),
(1296, 3650, 223, 'Kearney', 1),
(1297, 3650, 223, 'Keith', 1),
(1298, 3650, 223, 'Keya Paha', 1),
(1299, 3650, 223, 'Kimball', 1),
(1300, 3650, 223, 'Knox', 1),
(1301, 3650, 223, 'Lancaster', 1),
(1302, 3650, 223, 'Lincoln', 1),
(1303, 3650, 223, 'Logan', 1),
(1304, 3650, 223, 'Loup', 1),
(1305, 3650, 223, 'Madison', 1),
(1306, 3650, 223, 'McPherson', 1),
(1307, 3650, 223, 'Merrick', 1),
(1308, 3650, 223, 'Morrill', 1),
(1309, 3650, 223, 'Nance', 1),
(1310, 3650, 223, 'Nemaha', 1),
(1311, 3650, 223, 'Nuckolls', 1),
(1312, 3650, 223, 'Otoe', 1),
(1313, 3651, 223, 'Carson City', 1),
(1314, 3651, 223, 'Churchill', 1),
(1315, 3651, 223, 'Clark', 1),
(1316, 3651, 223, 'Douglas', 1),
(1317, 3651, 223, 'Elko', 1),
(1318, 3651, 223, 'Esmeralda', 1),
(1319, 3651, 223, 'Eureka', 1),
(1320, 3651, 223, 'Humboldt', 1),
(1321, 3651, 223, 'Lander', 1),
(1322, 3651, 223, 'Lincoln', 1),
(1323, 3651, 223, 'Lyon', 1),
(1324, 3651, 223, 'Mineral', 1),
(1325, 3651, 223, 'Nye', 1),
(1326, 3651, 223, 'Pershing', 1),
(1327, 3651, 223, 'Storey', 1),
(1328, 3651, 223, 'Washoe', 1),
(1329, 3651, 223, 'White Pine', 1),
(1330, 3652, 223, 'Belknap', 1),
(1331, 3652, 223, 'Carroll', 1),
(1332, 3652, 223, 'Cheshire', 1),
(1333, 3652, 223, 'Cos', 1),
(1334, 3652, 223, 'Grafton', 1),
(1335, 3652, 223, 'Hillsborough', 1),
(1336, 3652, 223, 'Merrimack', 1),
(1337, 3652, 223, 'Rockingham', 1),
(1338, 3652, 223, 'Strafford', 1),
(1339, 3652, 223, 'Sullivan', 1),
(1340, 3653, 223, 'Atlantic', 1),
(1341, 3653, 223, 'Bergen', 1),
(1342, 3653, 223, 'Burlington', 1),
(1343, 3653, 223, 'Camden', 1),
(1344, 3653, 223, 'Cape May', 1),
(1345, 3653, 223, 'Cumberland', 1),
(1346, 3653, 223, 'Essex', 1),
(1347, 3653, 223, 'Gloucester', 1),
(1348, 3653, 223, 'Hudson', 1),
(1349, 3653, 223, 'Hunterdon', 1),
(1350, 3653, 223, 'Mercer', 1),
(1351, 3653, 223, 'Middlesex', 1),
(1352, 3653, 223, 'Monmouth', 1),
(1353, 3653, 223, 'Morris', 1),
(1354, 3653, 223, 'Ocean', 1),
(1355, 3653, 223, 'Passaic', 1),
(1356, 3653, 223, 'Salem', 1),
(1357, 3653, 223, 'Somerset', 1),
(1358, 3653, 223, 'Sussex', 1),
(1359, 3653, 223, 'Union', 1),
(1360, 3653, 223, 'Warren', 1),
(1361, 3654, 223, 'Bernalillo', 1),
(1362, 3654, 223, 'Catron', 1),
(1363, 3654, 223, 'Chaves', 1),
(1364, 3654, 223, 'Cibola', 1),
(1365, 3654, 223, 'Colfax', 1),
(1366, 3654, 223, 'Curry', 1),
(1367, 3654, 223, 'De Baca', 1),
(1368, 3654, 223, 'Doa Ana', 1),
(1369, 3654, 223, 'Eddy', 1),
(1370, 3654, 223, 'Grant', 1),
(1371, 3654, 223, 'Guadalupe', 1),
(1372, 3654, 223, 'Harding', 1),
(1373, 3654, 223, 'Hidalgo', 1),
(1374, 3654, 223, 'Lea', 1),
(1375, 3654, 223, 'Lincoln', 1),
(1376, 3654, 223, 'Los Alamos', 1),
(1377, 3654, 223, 'Luna', 1),
(1378, 3654, 223, 'McKinley', 1),
(1379, 3654, 223, 'Mora', 1),
(1380, 3654, 223, 'Otero', 1),
(1381, 3654, 223, 'Quay', 1),
(1382, 3654, 223, 'Rio Arriba', 1),
(1383, 3654, 223, 'Roosevelt', 1),
(1384, 3654, 223, 'San Juan', 1),
(1385, 3654, 223, 'San Miguel', 1),
(1386, 3654, 223, 'Sandoval', 1),
(1387, 3654, 223, 'Santa Fe', 1),
(1388, 3654, 223, 'Sierra', 1),
(1389, 3654, 223, 'Socorro', 1),
(1390, 3654, 223, 'Taos', 1),
(1391, 3654, 223, 'Torrance', 1),
(1392, 3654, 223, 'Union', 1),
(1393, 3654, 223, 'Valencia', 1),
(1394, 3655, 223, 'Albany', 1),
(1395, 3655, 223, 'Allegany', 1),
(1396, 3655, 223, 'Bronx', 1),
(1397, 3655, 223, 'Broome', 1),
(1398, 3655, 223, 'Cattaraugus', 1),
(1399, 3655, 223, 'Cayuga', 1),
(1400, 3655, 223, 'Chautauqua', 1),
(1401, 3655, 223, 'Chemung', 1),
(1402, 3655, 223, 'Chenango', 1),
(1403, 3655, 223, 'Clinton', 1),
(1404, 3655, 223, 'Columbia', 1),
(1405, 3655, 223, 'Cortland', 1),
(1406, 3655, 223, 'Delaware', 1),
(1407, 3655, 223, 'Dutchess', 1),
(1408, 3655, 223, 'Erie', 1),
(1409, 3655, 223, 'Essex', 1),
(1410, 3655, 223, 'Franklin', 1),
(1411, 3655, 223, 'Fulton', 1),
(1412, 3655, 223, 'Genesee', 1),
(1413, 3655, 223, 'Greene', 1),
(1414, 3655, 223, 'Hamilton', 1),
(1415, 3655, 223, 'Herkimer', 1),
(1416, 3655, 223, 'Jefferson', 1),
(1417, 3655, 223, 'Kings', 1),
(1418, 3655, 223, 'Lewis', 1),
(1419, 3655, 223, 'Livingston', 1),
(1420, 3655, 223, 'Madison', 1),
(1421, 3655, 223, 'Monroe', 1),
(1422, 3655, 223, 'Montgomery', 1),
(1423, 3655, 223, 'Nassau', 1),
(1424, 3655, 223, 'New York', 1),
(1425, 3655, 223, 'Niagara', 1),
(1426, 3655, 223, 'Oneida', 1),
(1427, 3655, 223, 'Onondaga', 1),
(1428, 3655, 223, 'Ontario', 1),
(1429, 3655, 223, 'Orange', 1),
(1430, 3655, 223, 'Orleans', 1),
(1431, 3655, 223, 'Oswego', 1),
(1432, 3655, 223, 'Otsego', 1),
(1433, 3655, 223, 'Putnam', 1),
(1434, 3655, 223, 'Queens', 1),
(1435, 3655, 223, 'Rensselaer', 1),
(1436, 3655, 223, 'Richmond', 1),
(1437, 3655, 223, 'Rockland', 1),
(1438, 3655, 223, 'Saratoga', 1),
(1439, 3655, 223, 'Schenectady', 1),
(1440, 3655, 223, 'Schoharie', 1),
(1441, 3655, 223, 'Schuyler', 1),
(1442, 3655, 223, 'Seneca', 1),
(1443, 3655, 223, 'St. Lawrence', 1),
(1444, 3655, 223, 'Steuben', 1),
(1445, 3655, 223, 'Suffolk', 1),
(1446, 3655, 223, 'Sullivan', 1),
(1447, 3655, 223, 'Tioga', 1),
(1448, 3655, 223, 'Tompkins', 1),
(1449, 3655, 223, 'Ulster', 1),
(1450, 3655, 223, 'Warren', 1),
(1451, 3655, 223, 'Washington', 1),
(1452, 3655, 223, 'Wayne', 1),
(1453, 3655, 223, 'Westchester', 1),
(1454, 3655, 223, 'Wyoming', 1),
(1455, 3655, 223, 'Yates', 1),
(1456, 3656, 223, 'Alamance', 1),
(1457, 3656, 223, 'Alexander', 1),
(1458, 3656, 223, 'Alleghany', 1),
(1459, 3656, 223, 'Anson', 1),
(1460, 3656, 223, 'Ashe', 1),
(1461, 3656, 223, 'Avery', 1),
(1462, 3656, 223, 'Beaufort', 1),
(1463, 3656, 223, 'Bertie', 1),
(1464, 3656, 223, 'Bladen', 1),
(1465, 3656, 223, 'Brunswick', 1),
(1466, 3656, 223, 'Buncombe', 1),
(1467, 3656, 223, 'Burke', 1),
(1468, 3656, 223, 'Cabarrus', 1),
(1469, 3656, 223, 'Caldwell', 1),
(1470, 3656, 223, 'Camden', 1),
(1471, 3656, 223, 'Carteret', 1),
(1472, 3656, 223, 'Caswell', 1),
(1473, 3656, 223, 'Catawba', 1),
(1474, 3656, 223, 'Chatham', 1),
(1475, 3656, 223, 'Cherokee', 1),
(1476, 3656, 223, 'Chowan', 1),
(1477, 3656, 223, 'Clay', 1),
(1478, 3656, 223, 'Cleveland', 1),
(1479, 3656, 223, 'Columbus', 1),
(1480, 3656, 223, 'Craven', 1),
(1481, 3656, 223, 'Cumberland', 1),
(1482, 3656, 223, 'Currituck', 1),
(1483, 3656, 223, 'Dare', 1),
(1484, 3656, 223, 'Davidson', 1),
(1485, 3656, 223, 'Davie', 1),
(1486, 3656, 223, 'Duplin', 1),
(1487, 3656, 223, 'Durham', 1),
(1488, 3656, 223, 'Edgecombe', 1),
(1489, 3656, 223, 'Forsyth', 1),
(1490, 3656, 223, 'Franklin', 1),
(1491, 3656, 223, 'Gaston', 1),
(1492, 3656, 223, 'Gates', 1),
(1493, 3656, 223, 'Graham', 1),
(1494, 3656, 223, 'Granville', 1),
(1495, 3656, 223, 'Greene', 1),
(1496, 3656, 223, 'Guilford', 1),
(1497, 3656, 223, 'Halifax', 1),
(1498, 3656, 223, 'Harnett', 1),
(1499, 3656, 223, 'Haywood', 1),
(1500, 3656, 223, 'Henderson', 1),
(1501, 3656, 223, 'Hertford', 1),
(1502, 3656, 223, 'Hoke', 1),
(1503, 3656, 223, 'Hyde', 1),
(1504, 3656, 223, 'Iredell', 1),
(1505, 3656, 223, 'Jackson', 1),
(1506, 3656, 223, 'Johnston', 1),
(1507, 3656, 223, 'Jones', 1),
(1508, 3656, 223, 'Lee', 1),
(1509, 3656, 223, 'Lenoir', 1),
(1510, 3656, 223, 'Lincoln', 1),
(1511, 3656, 223, 'Macon', 1),
(1512, 3656, 223, 'Madison', 1),
(1513, 3656, 223, 'Martin', 1),
(1514, 3656, 223, 'McDowell', 1),
(1515, 3656, 223, 'Mecklenburg', 1),
(1516, 3656, 223, 'Mitchell', 1),
(1517, 3656, 223, 'Montgomery', 1),
(1518, 3656, 223, 'Moore', 1),
(1519, 3656, 223, 'Nash', 1),
(1520, 3656, 223, 'New Hanover', 1),
(1521, 3656, 223, 'Northampton', 1),
(1522, 3657, 223, 'Adams', 1),
(1523, 3657, 223, 'Barnes', 1),
(1524, 3657, 223, 'Benson', 1),
(1525, 3657, 223, 'Billings', 1),
(1526, 3657, 223, 'Bottineau', 1),
(1527, 3657, 223, 'Bowman', 1),
(1528, 3657, 223, 'Burke', 1),
(1529, 3657, 223, 'Burleigh', 1),
(1530, 3657, 223, 'Cass', 1),
(1531, 3657, 223, 'Cavalier', 1),
(1532, 3657, 223, 'Dickey', 1),
(1533, 3657, 223, 'Divide', 1),
(1534, 3657, 223, 'Dunn', 1),
(1535, 3657, 223, 'Eddy', 1),
(1536, 3657, 223, 'Emmons', 1),
(1537, 3657, 223, 'Foster', 1),
(1538, 3657, 223, 'Golden Valley', 1),
(1539, 3657, 223, 'Grand Forks', 1),
(1540, 3657, 223, 'Grant', 1),
(1541, 3657, 223, 'Griggs', 1),
(1542, 3657, 223, 'Hettinger', 1),
(1543, 3657, 223, 'Kidder', 1),
(1544, 3657, 223, 'LaMoure', 1),
(1545, 3657, 223, 'Logan', 1),
(1546, 3657, 223, 'McHenry', 1),
(1547, 3657, 223, 'McIntosh', 1),
(1548, 3657, 223, 'McKenzie', 1),
(1549, 3657, 223, 'McLean', 1),
(1550, 3657, 223, 'Mercer', 1),
(1551, 3657, 223, 'Morton', 1),
(1552, 3657, 223, 'Mountrail', 1),
(1553, 3657, 223, 'Nelson', 1),
(1554, 3657, 223, 'Oliver', 1),
(1555, 3657, 223, 'Pembina', 1),
(1556, 3657, 223, 'Pierce', 1),
(1557, 3657, 223, 'Ramsey', 1),
(1558, 3657, 223, 'Ransom', 1),
(1559, 3657, 223, 'Renville', 1),
(1560, 3657, 223, 'Richland', 1),
(1561, 3657, 223, 'Rolette', 1),
(1562, 3657, 223, 'Sargent', 1),
(1563, 3657, 223, 'Sheridan', 1),
(1564, 3657, 223, 'Sioux', 1),
(1565, 3657, 223, 'Slope', 1),
(1566, 3657, 223, 'Stark', 1),
(1567, 3657, 223, 'Steele', 1),
(1568, 3657, 223, 'Stutsman', 1),
(1569, 3657, 223, 'Towner', 1),
(1570, 3657, 223, 'Traill', 1),
(1571, 3657, 223, 'Walsh', 1),
(1572, 3657, 223, 'Ward', 1),
(1573, 3657, 223, 'Wells', 1),
(1574, 3657, 223, 'Williams', 1),
(1575, 3659, 223, 'Adams', 1),
(1576, 3659, 223, 'Allen', 1),
(1577, 3659, 223, 'Ashland', 1),
(1578, 3659, 223, 'Ashtabula', 1),
(1579, 3659, 223, 'Athens', 1),
(1580, 3659, 223, 'Auglaize', 1),
(1581, 3659, 223, 'Belmont', 1),
(1582, 3659, 223, 'Brown', 1),
(1583, 3659, 223, 'Butler', 1),
(1584, 3659, 223, 'Carroll', 1),
(1585, 3659, 223, 'Champaign', 1),
(1586, 3659, 223, 'Clark', 1),
(1587, 3659, 223, 'Clermont', 1),
(1588, 3659, 223, 'Clinton', 1),
(1589, 3659, 223, 'Columbiana', 1),
(1590, 3659, 223, 'Coshocton', 1),
(1591, 3659, 223, 'Crawford', 1),
(1592, 3659, 223, 'Cuyahoga', 1),
(1593, 3659, 223, 'Darke', 1),
(1594, 3659, 223, 'Defiance', 1),
(1595, 3659, 223, 'Delaware', 1),
(1596, 3659, 223, 'Erie', 1),
(1597, 3659, 223, 'Fairfield', 1),
(1598, 3659, 223, 'Fayette', 1),
(1599, 3659, 223, 'Franklin', 1),
(1600, 3659, 223, 'Fulton', 1),
(1601, 3659, 223, 'Gallia', 1),
(1602, 3659, 223, 'Geauga', 1),
(1603, 3659, 223, 'Greene', 1),
(1604, 3659, 223, 'Guernsey', 1),
(1605, 3659, 223, 'Hamilton', 1),
(1606, 3659, 223, 'Hancock', 1),
(1607, 3659, 223, 'Hardin', 1),
(1608, 3659, 223, 'Harrison', 1),
(1609, 3659, 223, 'Henry', 1),
(1610, 3659, 223, 'Highland', 1),
(1611, 3659, 223, 'Hocking', 1),
(1612, 3659, 223, 'Holmes', 1),
(1613, 3659, 223, 'Huron', 1),
(1614, 3659, 223, 'Jackson', 1),
(1615, 3659, 223, 'Jefferson', 1),
(1616, 3659, 223, 'Knox', 1),
(1617, 3659, 223, 'Lake', 1),
(1618, 3659, 223, 'Lawrence', 1),
(1619, 3659, 223, 'Licking', 1);
INSERT INTO `city` (`cityId`, `stateId`, `countryId`, `name`, `status`) VALUES
(1620, 3659, 223, 'Logan', 1),
(1621, 3659, 223, 'Lorain', 1),
(1622, 3659, 223, 'Lucas', 1),
(1623, 3659, 223, 'Madison', 1),
(1624, 3659, 223, 'Mahoning', 1),
(1625, 3659, 223, 'Marion', 1),
(1626, 3659, 223, 'Medina', 1),
(1627, 3659, 223, 'Meigs', 1),
(1628, 3659, 223, 'Mercer', 1),
(1629, 3659, 223, 'Miami', 1),
(1630, 3659, 223, 'Monroe', 1),
(1631, 3659, 223, 'Montgomery', 1),
(1632, 3659, 223, 'Morgan', 1),
(1633, 3659, 223, 'Morrow', 1),
(1634, 3659, 223, 'Muskingum', 1),
(1635, 3659, 223, 'Noble', 1),
(1636, 3659, 223, 'Ottawa', 1),
(1637, 3659, 223, 'Paulding', 1),
(1638, 3659, 223, 'Perry', 1),
(1639, 3659, 223, 'Pickaway', 1),
(1640, 3659, 223, 'Pike', 1),
(1641, 3660, 223, 'Adair', 1),
(1642, 3660, 223, 'Alfalfa', 1),
(1643, 3660, 223, 'Atoka', 1),
(1644, 3660, 223, 'Beaver', 1),
(1645, 3660, 223, 'Beckham', 1),
(1646, 3660, 223, 'Blaine', 1),
(1647, 3660, 223, 'Bryan', 1),
(1648, 3660, 223, 'Caddo', 1),
(1649, 3660, 223, 'Canadian', 1),
(1650, 3660, 223, 'Carter', 1),
(1651, 3660, 223, 'Cherokee', 1),
(1652, 3660, 223, 'Choctaw', 1),
(1653, 3660, 223, 'Cimarron', 1),
(1654, 3660, 223, 'Cleveland', 1),
(1655, 3660, 223, 'Coal', 1),
(1656, 3660, 223, 'Comanche', 1),
(1657, 3660, 223, 'Cotton', 1),
(1658, 3660, 223, 'Craig', 1),
(1659, 3660, 223, 'Creek', 1),
(1660, 3660, 223, 'Custer', 1),
(1661, 3660, 223, 'Delaware', 1),
(1662, 3660, 223, 'Dewey', 1),
(1663, 3660, 223, 'Ellis', 1),
(1664, 3660, 223, 'Garfield', 1),
(1665, 3660, 223, 'Garvin', 1),
(1666, 3660, 223, 'Grady', 1),
(1667, 3660, 223, 'Grant', 1),
(1668, 3660, 223, 'Greer', 1),
(1669, 3660, 223, 'Harmon', 1),
(1670, 3660, 223, 'Harper', 1),
(1671, 3660, 223, 'Haskell', 1),
(1672, 3660, 223, 'Hughes', 1),
(1673, 3660, 223, 'Jackson', 1),
(1674, 3660, 223, 'Jefferson', 1),
(1675, 3660, 223, 'Johnston', 1),
(1676, 3660, 223, 'Kay', 1),
(1677, 3660, 223, 'Kingfisher', 1),
(1678, 3660, 223, 'Kiowa', 1),
(1679, 3660, 223, 'Latimer', 1),
(1680, 3660, 223, 'Le Flore', 1),
(1681, 3660, 223, 'Lincoln', 1),
(1682, 3660, 223, 'Logan', 1),
(1683, 3660, 223, 'Love', 1),
(1684, 3660, 223, 'Major', 1),
(1685, 3660, 223, 'Marshall', 1),
(1686, 3660, 223, 'Mayes', 1),
(1687, 3660, 223, 'McClain', 1),
(1688, 3660, 223, 'McCurtain', 1),
(1689, 3660, 223, 'McIntosh', 1),
(1690, 3660, 223, 'Murray', 1),
(1691, 3660, 223, 'Muskogee', 1),
(1692, 3660, 223, 'Noble', 1),
(1693, 3660, 223, 'Nowata', 1),
(1694, 3660, 223, 'Okfuskee', 1),
(1695, 3660, 223, 'Oklahoma', 1),
(1696, 3660, 223, 'Okmulgee', 1),
(1697, 3660, 223, 'Osage', 1),
(1698, 3660, 223, 'Ottawa', 1),
(1699, 3660, 223, 'Pawnee', 1),
(1700, 3660, 223, 'Payne', 1),
(1701, 3660, 223, 'Pittsburg', 1),
(1702, 3660, 223, 'Pontotoc', 1),
(1703, 3660, 223, 'Pottawatomie', 1),
(1704, 3660, 223, 'Pushmataha', 1),
(1705, 3660, 223, 'Roger Mills', 1),
(1706, 3660, 223, 'Rogers', 1),
(1707, 3661, 223, 'Baker', 1),
(1708, 3661, 223, 'Benton', 1),
(1709, 3661, 223, 'Clackamas', 1),
(1710, 3661, 223, 'Clatsop', 1),
(1711, 3661, 223, 'Columbia', 1),
(1712, 3661, 223, 'Coos', 1),
(1713, 3661, 223, 'Crook', 1),
(1714, 3661, 223, 'Curry', 1),
(1715, 3661, 223, 'Deschutes', 1),
(1716, 3661, 223, 'Douglas', 1),
(1717, 3661, 223, 'Gilliam', 1),
(1718, 3661, 223, 'Grant', 1),
(1719, 3661, 223, 'Harney', 1),
(1720, 3661, 223, 'Hood River', 1),
(1721, 3661, 223, 'Jackson', 1),
(1722, 3661, 223, 'Jefferson', 1),
(1723, 3661, 223, 'Josephine', 1),
(1724, 3661, 223, 'Klamath', 1),
(1725, 3661, 223, 'Lake', 1),
(1726, 3661, 223, 'Lane', 1),
(1727, 3661, 223, 'Lincoln', 1),
(1728, 3661, 223, 'Linn', 1),
(1729, 3661, 223, 'Malheur', 1),
(1730, 3661, 223, 'Marion', 1),
(1731, 3661, 223, 'Morrow', 1),
(1732, 3661, 223, 'Multnomah', 1),
(1733, 3661, 223, 'Polk', 1),
(1734, 3661, 223, 'Sherman', 1),
(1735, 3661, 223, 'Tillamook', 1),
(1736, 3661, 223, 'Umatilla', 1),
(1737, 3661, 223, 'Union', 1),
(1738, 3661, 223, 'Wallowa', 1),
(1739, 3661, 223, 'Wasco', 1),
(1740, 3661, 223, 'Washington', 1),
(1741, 3661, 223, 'Wheeler', 1),
(1742, 3661, 223, 'Yamhill', 1),
(1743, 3663, 223, 'Adams', 1),
(1744, 3663, 223, 'Allegheny', 1),
(1745, 3663, 223, 'Armstrong', 1),
(1746, 3663, 223, 'Beaver', 1),
(1747, 3663, 223, 'Bedford', 1),
(1748, 3663, 223, 'Berks', 1),
(1749, 3663, 223, 'Blair', 1),
(1750, 3663, 223, 'Bradford', 1),
(1751, 3663, 223, 'Bucks', 1),
(1752, 3663, 223, 'Butler', 1),
(1753, 3663, 223, 'Cambria', 1),
(1754, 3663, 223, 'Cameron', 1),
(1755, 3663, 223, 'Carbon', 1),
(1756, 3663, 223, 'Centre', 1),
(1757, 3663, 223, 'Chester', 1),
(1758, 3663, 223, 'Clarion', 1),
(1759, 3663, 223, 'Clearfield', 1),
(1760, 3663, 223, 'Clinton', 1),
(1761, 3663, 223, 'Columbia', 1),
(1762, 3663, 223, 'Crawford', 1),
(1763, 3663, 223, 'Cumberland', 1),
(1764, 3663, 223, 'Dauphin', 1),
(1765, 3663, 223, 'Delaware', 1),
(1766, 3663, 223, 'Elk', 1),
(1767, 3663, 223, 'Erie', 1),
(1768, 3663, 223, 'Fayette', 1),
(1769, 3663, 223, 'Forest', 1),
(1770, 3663, 223, 'Franklin', 1),
(1771, 3663, 223, 'Fulton', 1),
(1772, 3663, 223, 'Greene', 1),
(1773, 3663, 223, 'Huntingdon', 1),
(1774, 3663, 223, 'Indiana', 1),
(1775, 3663, 223, 'Jefferson', 1),
(1776, 3663, 223, 'Juniata', 1),
(1777, 3663, 223, 'Lackawanna', 1),
(1778, 3663, 223, 'Lancaster', 1),
(1779, 3663, 223, 'Lawrence', 1),
(1780, 3663, 223, 'Lebanon', 1),
(1781, 3663, 223, 'Lehigh', 1),
(1782, 3663, 223, 'Luzerne', 1),
(1783, 3663, 223, 'Lycoming', 1),
(1784, 3663, 223, 'McKean', 1),
(1785, 3663, 223, 'Mercer', 1),
(1786, 3663, 223, 'Mifflin', 1),
(1787, 3663, 223, 'Monroe', 1),
(1788, 3663, 223, 'Montgomery', 1),
(1789, 3663, 223, 'Montour', 1),
(1790, 3663, 223, 'Northampton', 1),
(1791, 3663, 223, 'Northumberland', 1),
(1792, 3663, 223, 'Perry', 1),
(1793, 3663, 223, 'Philadelphia', 1),
(1794, 3663, 223, 'Pike', 1),
(1795, 3663, 223, 'Potter', 1),
(1796, 3663, 223, 'Schuylkill', 1),
(1797, 3663, 223, 'Snyder', 1),
(1798, 3663, 223, 'Somerset', 1),
(1799, 3663, 223, 'Sullivan', 1),
(1800, 3663, 223, 'Susquehanna', 1),
(1801, 3663, 223, 'Tioga', 1),
(1802, 3663, 223, 'Union', 1),
(1803, 3663, 223, 'Venango', 1),
(1804, 3663, 223, 'Warren', 1),
(1805, 3663, 223, 'Washington', 1),
(1806, 3663, 223, 'Wayne', 1),
(1807, 3663, 223, 'Westmoreland', 1),
(1808, 3663, 223, 'Wyoming', 1),
(1809, 3665, 223, 'Bristol', 1),
(1810, 3665, 223, 'Kent', 1),
(1811, 3665, 223, 'Newport', 1),
(1812, 3665, 223, 'Providence', 1),
(1813, 3665, 223, 'Washington', 1),
(1814, 3666, 223, 'Abbeville', 1),
(1815, 3666, 223, 'Aiken', 1),
(1816, 3666, 223, 'Allendale', 1),
(1817, 3666, 223, 'Anderson', 1),
(1818, 3666, 223, 'Bamberg', 1),
(1819, 3666, 223, 'Barnwell', 1),
(1820, 3666, 223, 'Beaufort', 1),
(1821, 3666, 223, 'Berkeley', 1),
(1822, 3666, 223, 'Calhoun', 1),
(1823, 3666, 223, 'Charleston', 1),
(1824, 3666, 223, 'Cherokee', 1),
(1825, 3666, 223, 'Chester', 1),
(1826, 3666, 223, 'Chesterfield', 1),
(1827, 3666, 223, 'Clarendon', 1),
(1828, 3666, 223, 'Colleton', 1),
(1829, 3666, 223, 'Darlington', 1),
(1830, 3666, 223, 'Dillon', 1),
(1831, 3666, 223, 'Dorchester', 1),
(1832, 3666, 223, 'Edgefield', 1),
(1833, 3666, 223, 'Fairfield', 1),
(1834, 3666, 223, 'Florence', 1),
(1835, 3666, 223, 'Georgetown', 1),
(1836, 3666, 223, 'Greenville', 1),
(1837, 3666, 223, 'Greenwood', 1),
(1838, 3666, 223, 'Hampton', 1),
(1839, 3666, 223, 'Horry', 1),
(1840, 3666, 223, 'Jasper', 1),
(1841, 3666, 223, 'Kershaw', 1),
(1842, 3666, 223, 'Lancaster', 1),
(1843, 3666, 223, 'Laurens', 1),
(1844, 3666, 223, 'Lee', 1),
(1845, 3666, 223, 'Lexington', 1),
(1846, 3666, 223, 'Marion', 1),
(1847, 3666, 223, 'Marlboro', 1),
(1848, 3666, 223, 'McCormick', 1),
(1849, 3666, 223, 'Newberry', 1),
(1850, 3666, 223, 'Oconee', 1),
(1851, 3666, 223, 'Orangeburg', 1),
(1852, 3666, 223, 'Pickens', 1),
(1853, 3666, 223, 'Richland', 1),
(1854, 3666, 223, 'Saluda', 1),
(1855, 3666, 223, 'Spartanburg', 1),
(1856, 3666, 223, 'Sumter', 1),
(1857, 3666, 223, 'Union', 1),
(1858, 3666, 223, 'Williamsburg', 1),
(1859, 3666, 223, 'York', 1),
(1860, 3667, 223, 'Aurora', 1),
(1861, 3667, 223, 'Beadle', 1),
(1862, 3667, 223, 'Bennett', 1),
(1863, 3667, 223, 'Bon Homme', 1),
(1864, 3667, 223, 'Brookings', 1),
(1865, 3667, 223, 'Brown', 1),
(1866, 3667, 223, 'Brule', 1),
(1867, 3667, 223, 'Buffalo', 1),
(1868, 3667, 223, 'Butte', 1),
(1869, 3667, 223, 'Campbell', 1),
(1870, 3667, 223, 'Charles Mix', 1),
(1871, 3667, 223, 'Clark', 1),
(1872, 3667, 223, 'Clay', 1),
(1873, 3667, 223, 'Codington', 1),
(1874, 3667, 223, 'Corson', 1),
(1875, 3667, 223, 'Custer', 1),
(1876, 3667, 223, 'Davison', 1),
(1877, 3667, 223, 'Day', 1),
(1878, 3667, 223, 'Deuel', 1),
(1879, 3667, 223, 'Dewey', 1),
(1880, 3667, 223, 'Douglas', 1),
(1881, 3667, 223, 'Edmunds', 1),
(1882, 3667, 223, 'Fall River', 1),
(1883, 3667, 223, 'Faulk', 1),
(1884, 3667, 223, 'Grant', 1),
(1885, 3667, 223, 'Gregory', 1),
(1886, 3667, 223, 'Haakon', 1),
(1887, 3667, 223, 'Hamlin', 1),
(1888, 3667, 223, 'Hand', 1),
(1889, 3667, 223, 'Hanson', 1),
(1890, 3667, 223, 'Harding', 1),
(1891, 3667, 223, 'Hughes', 1),
(1892, 3667, 223, 'Hutchinson', 1),
(1893, 3667, 223, 'Hyde', 1),
(1894, 3667, 223, 'Jackson', 1),
(1895, 3667, 223, 'Jerauld', 1),
(1896, 3667, 223, 'Jones', 1),
(1897, 3667, 223, 'Kingsbury', 1),
(1898, 3667, 223, 'Lake', 1),
(1899, 3667, 223, 'Lawrence', 1),
(1900, 3667, 223, 'Lincoln', 1),
(1901, 3667, 223, 'Lyman', 1),
(1902, 3667, 223, 'Marshall', 1),
(1903, 3667, 223, 'McCook', 1),
(1904, 3667, 223, 'McPherson', 1),
(1905, 3667, 223, 'Meade', 1),
(1906, 3667, 223, 'Mellette', 1),
(1907, 3667, 223, 'Miner', 1),
(1908, 3667, 223, 'Minnehaha', 1),
(1909, 3667, 223, 'Moody', 1),
(1910, 3667, 223, 'Pennington', 1),
(1911, 3667, 223, 'Perkins', 1),
(1912, 3667, 223, 'Potter', 1),
(1913, 3667, 223, 'Roberts', 1),
(1914, 3667, 223, 'Sanborn', 1),
(1915, 3667, 223, 'Shannon', 1),
(1916, 3667, 223, 'Spink', 1),
(1917, 3667, 223, 'Stanley', 1),
(1918, 3667, 223, 'Sully', 1),
(1919, 3667, 223, 'Todd', 1),
(1920, 3667, 223, 'Tripp', 1),
(1921, 3667, 223, 'Turner', 1),
(1922, 3667, 223, 'Union', 1),
(1923, 3667, 223, 'Walworth', 1),
(1924, 3667, 223, 'Yankton', 1),
(1925, 3667, 223, 'Ziebach', 1),
(1926, 3668, 223, 'Anderson', 1),
(1927, 3668, 223, 'Bedford', 1),
(1928, 3668, 223, 'Benton', 1),
(1929, 3668, 223, 'Bledsoe', 1),
(1930, 3668, 223, 'Blount', 1),
(1931, 3668, 223, 'Bradley', 1),
(1932, 3668, 223, 'Campbell', 1),
(1933, 3668, 223, 'Cannon', 1),
(1934, 3668, 223, 'Carroll', 1),
(1935, 3668, 223, 'Carter', 1),
(1936, 3668, 223, 'Cheatham', 1),
(1937, 3668, 223, 'Chester', 1),
(1938, 3668, 223, 'Claiborne', 1),
(1939, 3668, 223, 'Clay', 1),
(1940, 3668, 223, 'Cocke', 1),
(1941, 3668, 223, 'Coffee', 1),
(1942, 3668, 223, 'Crockett', 1),
(1943, 3668, 223, 'Cumberland', 1),
(1944, 3668, 223, 'Davidson', 1),
(1945, 3668, 223, 'DeKalb', 1),
(1946, 3668, 223, 'Decatur', 1),
(1947, 3668, 223, 'Dickson', 1),
(1948, 3668, 223, 'Dyer', 1),
(1949, 3668, 223, 'Fayette', 1),
(1950, 3668, 223, 'Fentress', 1),
(1951, 3668, 223, 'Franklin', 1),
(1952, 3668, 223, 'Gibson', 1),
(1953, 3668, 223, 'Giles', 1),
(1954, 3668, 223, 'Grainger', 1),
(1955, 3668, 223, 'Greene', 1),
(1956, 3668, 223, 'Grundy', 1),
(1957, 3668, 223, 'Hamblen', 1),
(1958, 3668, 223, 'Hamilton', 1),
(1959, 3668, 223, 'Hancock', 1),
(1960, 3668, 223, 'Hardeman', 1),
(1961, 3668, 223, 'Hardin', 1),
(1962, 3668, 223, 'Hawkins', 1),
(1963, 3668, 223, 'Haywood', 1),
(1964, 3668, 223, 'Henderson', 1),
(1965, 3668, 223, 'Henry', 1),
(1966, 3668, 223, 'Hickman', 1),
(1967, 3668, 223, 'Houston', 1),
(1968, 3668, 223, 'Humphreys', 1),
(1969, 3668, 223, 'Jackson', 1),
(1970, 3668, 223, 'Jefferson', 1),
(1971, 3668, 223, 'Johnson', 1),
(1972, 3668, 223, 'Knox', 1),
(1973, 3668, 223, 'Lake', 1),
(1974, 3668, 223, 'Lauderdale', 1),
(1975, 3668, 223, 'Lawrence', 1),
(1976, 3668, 223, 'Lewis', 1),
(1977, 3668, 223, 'Lincoln', 1),
(1978, 3668, 223, 'Loudon', 1),
(1979, 3668, 223, 'Macon', 1),
(1980, 3668, 223, 'Madison', 1),
(1981, 3668, 223, 'Marion', 1),
(1982, 3668, 223, 'Marshall', 1),
(1983, 3668, 223, 'Maury', 1),
(1984, 3668, 223, 'McMinn', 1),
(1985, 3668, 223, 'McNairy', 1),
(1986, 3668, 223, 'Meigs', 1),
(1987, 3668, 223, 'Monroe', 1),
(1988, 3668, 223, 'Montgomery', 1),
(1989, 3668, 223, 'Moore', 1),
(1990, 3668, 223, 'Morgan', 1),
(1991, 3668, 223, 'Obion', 1),
(1992, 3669, 223, 'Anderson', 1),
(1993, 3669, 223, 'Andrews', 1),
(1994, 3669, 223, 'Angelina', 1),
(1995, 3669, 223, 'Aransas', 1),
(1996, 3669, 223, 'Archer', 1),
(1997, 3669, 223, 'Atascosa', 1),
(1998, 3669, 223, 'Austin', 1),
(1999, 3669, 223, 'Bandera', 1),
(2000, 3669, 223, 'Bastrop', 1),
(2001, 3669, 223, 'Baylor', 1),
(2002, 3669, 223, 'Bee', 1),
(2003, 3669, 223, 'Bell', 1),
(2004, 3669, 223, 'Bexar', 1),
(2005, 3669, 223, 'Blanco', 1),
(2006, 3669, 223, 'Bosque', 1),
(2007, 3669, 223, 'Bowie', 1),
(2008, 3669, 223, 'Brazoria', 1),
(2009, 3669, 223, 'Brazos', 1),
(2010, 3669, 223, 'Brooks', 1),
(2011, 3669, 223, 'Brown', 1),
(2012, 3669, 223, 'Burleson', 1),
(2013, 3669, 223, 'Burnet', 1),
(2014, 3669, 223, 'Caldwell', 1),
(2015, 3669, 223, 'Calhoun', 1),
(2016, 3669, 223, 'Callahan', 1),
(2017, 3669, 223, 'Cameron', 1),
(2018, 3669, 223, 'Camp', 1),
(2019, 3669, 223, 'Cass', 1),
(2020, 3669, 223, 'Chambers', 1),
(2021, 3669, 223, 'Cherokee', 1),
(2022, 3669, 223, 'Clay', 1),
(2023, 3669, 223, 'Coleman', 1),
(2024, 3669, 223, 'Collin', 1),
(2025, 3669, 223, 'Colorado', 1),
(2026, 3669, 223, 'Comal', 1),
(2027, 3669, 223, 'Comanche', 1),
(2028, 3669, 223, 'Concho', 1),
(2029, 3669, 223, 'Cooke', 1),
(2030, 3669, 223, 'Coryell', 1),
(2031, 3669, 223, 'Dallas', 1),
(2032, 3669, 223, 'DeWitt', 1),
(2033, 3669, 223, 'Delta', 1),
(2034, 3669, 223, 'Denton', 1),
(2035, 3669, 223, 'Dimmit', 1),
(2036, 3669, 223, 'Duval', 1),
(2037, 3669, 223, 'Eastland', 1),
(2038, 3669, 223, 'Ellis', 1),
(2039, 3669, 223, 'Erath', 1),
(2040, 3669, 223, 'Falls', 1),
(2041, 3669, 223, 'Fannin', 1),
(2042, 3669, 223, 'Fayette', 1),
(2043, 3669, 223, 'Foard', 1),
(2044, 3669, 223, 'Fort Bend', 1),
(2045, 3669, 223, 'Franklin', 1),
(2046, 3669, 223, 'Freestone', 1),
(2047, 3669, 223, 'Frio', 1),
(2048, 3669, 223, 'Gaines', 1),
(2049, 3669, 223, 'Galveston', 1),
(2050, 3669, 223, 'Garza', 1),
(2051, 3669, 223, 'Gillespie', 1),
(2052, 3669, 223, 'Glasscock', 1),
(2053, 3669, 223, 'Goliad', 1),
(2054, 3669, 223, 'Gonzales', 1),
(2055, 3669, 223, 'Grayson', 1),
(2056, 3669, 223, 'Gregg', 1),
(2057, 3669, 223, 'Grimes', 1),
(2058, 3670, 223, 'Beaver', 1),
(2059, 3670, 223, 'Box Elder', 1),
(2060, 3670, 223, 'Cache', 1),
(2061, 3670, 223, 'Carbon', 1),
(2062, 3670, 223, 'Daggett', 1),
(2063, 3670, 223, 'Davis', 1),
(2064, 3670, 223, 'Duchesne', 1),
(2065, 3670, 223, 'Emery', 1),
(2066, 3670, 223, 'Garfield', 1),
(2067, 3670, 223, 'Grand', 1),
(2068, 3670, 223, 'Iron', 1),
(2069, 3670, 223, 'Juab', 1),
(2070, 3670, 223, 'Kane', 1),
(2071, 3670, 223, 'Millard', 1),
(2072, 3670, 223, 'Morgan', 1),
(2073, 3670, 223, 'Piute', 1),
(2074, 3670, 223, 'Rich', 1),
(2075, 3670, 223, 'Salt Lake', 1),
(2076, 3670, 223, 'San Juan', 1),
(2077, 3670, 223, 'Sanpete', 1),
(2078, 3670, 223, 'Sevier', 1),
(2079, 3670, 223, 'Summit', 1),
(2080, 3670, 223, 'Tooele', 1),
(2081, 3670, 223, 'Uintah', 1),
(2082, 3670, 223, 'Utah', 1),
(2083, 3670, 223, 'Wasatch', 1),
(2084, 3670, 223, 'Washington', 1),
(2085, 3670, 223, 'Wayne', 1),
(2086, 3670, 223, 'Weber', 1),
(2087, 3671, 223, 'Addison', 1),
(2088, 3671, 223, 'Bennington', 1),
(2089, 3671, 223, 'Caledonia', 1),
(2090, 3671, 223, 'Chittenden', 1),
(2091, 3671, 223, 'Essex', 1),
(2092, 3671, 223, 'Franklin', 1),
(2093, 3671, 223, 'Grand Isle', 1),
(2094, 3671, 223, 'Lamoille', 1),
(2095, 3671, 223, 'Orange', 1),
(2096, 3671, 223, 'Orleans', 1),
(2097, 3671, 223, 'Rutland', 1),
(2098, 3671, 223, 'Washington', 1),
(2099, 3671, 223, 'Windham', 1),
(2100, 3671, 223, 'Windsor', 1),
(2101, 3673, 223, 'Accomack', 1),
(2102, 3673, 223, 'Albemarle', 1),
(2103, 3673, 223, 'Alleghany', 1),
(2104, 3673, 223, 'Amelia', 1),
(2105, 3673, 223, 'Amherst', 1),
(2106, 3673, 223, 'Appomattox', 1),
(2107, 3673, 223, 'Arlington', 1),
(2108, 3673, 223, 'Augusta', 1),
(2109, 3673, 223, 'Bath', 1),
(2110, 3673, 223, 'Bedford', 1),
(2111, 3673, 223, 'Bland', 1),
(2112, 3673, 223, 'Botetourt', 1),
(2113, 3673, 223, 'Brunswick', 1),
(2114, 3673, 223, 'Buchanan', 1),
(2115, 3673, 223, 'Buckingham', 1),
(2116, 3673, 223, 'Campbell', 1),
(2117, 3673, 223, 'Caroline', 1),
(2118, 3673, 223, 'Carroll', 1),
(2119, 3673, 223, 'Charles City', 1),
(2120, 3673, 223, 'Charlotte', 1),
(2121, 3673, 223, 'Chesterfield', 1),
(2122, 3673, 223, 'City of Alexandria', 1),
(2123, 3673, 223, 'City of Bedford', 1),
(2124, 3673, 223, 'City of Bristol', 1),
(2125, 3673, 223, 'City of Buena Vista', 1),
(2126, 3673, 223, 'City of Charlottesville', 1),
(2127, 3673, 223, 'City of Chesapeake', 1),
(2128, 3673, 223, 'City of Colonial Heights', 1),
(2129, 3673, 223, 'City of Covington', 1),
(2130, 3673, 223, 'City of Danville', 1),
(2131, 3673, 223, 'City of Emporia', 1),
(2132, 3673, 223, 'City of Fairfax', 1),
(2133, 3673, 223, 'City of Falls Church', 1),
(2134, 3673, 223, 'City of Franklin', 1),
(2135, 3673, 223, 'City of Fredericksburg', 1),
(2136, 3673, 223, 'City of Galax', 1),
(2137, 3673, 223, 'City of Hampton', 1),
(2138, 3673, 223, 'City of Harrisonburg', 1),
(2139, 3673, 223, 'City of Hopewell', 1),
(2140, 3673, 223, 'City of Lexington', 1),
(2141, 3673, 223, 'City of Lynchburg', 1),
(2142, 3673, 223, 'City of Manassas', 1),
(2143, 3673, 223, 'City of Manassas Park', 1),
(2144, 3673, 223, 'City of Martinsville', 1),
(2145, 3673, 223, 'City of Newport News', 1),
(2146, 3673, 223, 'City of Norfolk', 1),
(2147, 3673, 223, 'City of Norton', 1),
(2148, 3673, 223, 'City of Petersburg', 1),
(2149, 3673, 223, 'City of Poquoson', 1),
(2150, 3673, 223, 'City of Portsmouth', 1),
(2151, 3673, 223, 'City of Radford', 1),
(2152, 3673, 223, 'City of Richmond', 1),
(2153, 3673, 223, 'City of Roanoke', 1),
(2154, 3673, 223, 'City of Salem', 1),
(2155, 3673, 223, 'City of Staunton', 1),
(2156, 3673, 223, 'City of Suffolk', 1),
(2157, 3673, 223, 'City of Virginia Beach', 1),
(2158, 3673, 223, 'City of Waynesboro', 1),
(2159, 3673, 223, 'City of Williamsburg', 1),
(2160, 3673, 223, 'City of Winchester', 1),
(2161, 3673, 223, 'Clarke', 1),
(2162, 3673, 223, 'Craig', 1),
(2163, 3673, 223, 'Culpeper', 1),
(2164, 3673, 223, 'Cumberland', 1),
(2165, 3673, 223, 'Dickenson', 1),
(2166, 3673, 223, 'Dinwiddie', 1),
(2167, 3674, 223, 'Adams', 1),
(2168, 3674, 223, 'Asotin', 1),
(2169, 3674, 223, 'Benton', 1),
(2170, 3674, 223, 'Chelan', 1),
(2171, 3674, 223, 'Clallam', 1),
(2172, 3674, 223, 'Clark', 1),
(2173, 3674, 223, 'Columbia', 1),
(2174, 3674, 223, 'Cowlitz', 1),
(2175, 3674, 223, 'Douglas', 1),
(2176, 3674, 223, 'Ferry', 1),
(2177, 3674, 223, 'Franklin', 1),
(2178, 3674, 223, 'Garfield', 1),
(2179, 3674, 223, 'Grant', 1),
(2180, 3674, 223, 'Grays Harbor', 1),
(2181, 3674, 223, 'Island', 1),
(2182, 3674, 223, 'Jefferson', 1),
(2183, 3674, 223, 'King', 1),
(2184, 3674, 223, 'Kitsap', 1),
(2185, 3674, 223, 'Kittitas', 1),
(2186, 3674, 223, 'Klickitat', 1),
(2187, 3674, 223, 'Lewis', 1),
(2188, 3674, 223, 'Lincoln', 1),
(2189, 3674, 223, 'Mason', 1),
(2190, 3674, 223, 'Okanogan', 1),
(2191, 3674, 223, 'Pacific', 1),
(2192, 3674, 223, 'Pend Oreille', 1),
(2193, 3674, 223, 'Pierce', 1),
(2194, 3674, 223, 'San Juan', 1),
(2195, 3674, 223, 'Skagit', 1),
(2196, 3674, 223, 'Skamania', 1),
(2197, 3674, 223, 'Snohomish', 1),
(2198, 3674, 223, 'Spokane', 1),
(2199, 3674, 223, 'Stevens', 1),
(2200, 3674, 223, 'Thurston', 1),
(2201, 3674, 223, 'Wahkiakum', 1),
(2202, 3674, 223, 'Walla Walla', 1),
(2203, 3674, 223, 'Whatcom', 1),
(2204, 3674, 223, 'Whitman', 1),
(2205, 3674, 223, 'Yakima', 1),
(2206, 3675, 223, 'Barbour', 1),
(2207, 3675, 223, 'Berkeley', 1),
(2208, 3675, 223, 'Boone', 1),
(2209, 3675, 223, 'Braxton', 1),
(2210, 3675, 223, 'Brooke', 1),
(2211, 3675, 223, 'Cabell', 1),
(2212, 3675, 223, 'Calhoun', 1),
(2213, 3675, 223, 'Clay', 1),
(2214, 3675, 223, 'Doddridge', 1),
(2215, 3675, 223, 'Fayette', 1),
(2216, 3675, 223, 'Gilmer', 1),
(2217, 3675, 223, 'Grant', 1),
(2218, 3675, 223, 'Greenbrier', 1),
(2219, 3675, 223, 'Hampshire', 1),
(2220, 3675, 223, 'Hancock', 1),
(2221, 3675, 223, 'Hardy', 1),
(2222, 3675, 223, 'Harrison', 1),
(2223, 3675, 223, 'Jackson', 1),
(2224, 3675, 223, 'Jefferson', 1),
(2225, 3675, 223, 'Kanawha', 1),
(2226, 3675, 223, 'Lewis', 1),
(2227, 3675, 223, 'Lincoln', 1),
(2228, 3675, 223, 'Logan', 1),
(2229, 3675, 223, 'Marion', 1),
(2230, 3675, 223, 'Marshall', 1),
(2231, 3675, 223, 'Mason', 1),
(2232, 3675, 223, 'McDowell', 1),
(2233, 3675, 223, 'Mercer', 1),
(2234, 3675, 223, 'Mineral', 1),
(2235, 3675, 223, 'Mingo', 1),
(2236, 3675, 223, 'Monongalia', 1),
(2237, 3675, 223, 'Monroe', 1),
(2238, 3675, 223, 'Morgan', 1),
(2239, 3675, 223, 'Nicholas', 1),
(2240, 3675, 223, 'Ohio', 1),
(2241, 3675, 223, 'Pendleton', 1),
(2242, 3675, 223, 'Pleasants', 1),
(2243, 3675, 223, 'Pocahontas', 1),
(2244, 3675, 223, 'Preston', 1),
(2245, 3675, 223, 'Putnam', 1),
(2246, 3675, 223, 'Raleigh', 1),
(2247, 3675, 223, 'Randolph', 1),
(2248, 3675, 223, 'Ritchie', 1),
(2249, 3675, 223, 'Roane', 1),
(2250, 3675, 223, 'Summers', 1),
(2251, 3675, 223, 'Taylor', 1),
(2252, 3675, 223, 'Tucker', 1),
(2253, 3675, 223, 'Tyler', 1),
(2254, 3675, 223, 'Upshur', 1),
(2255, 3675, 223, 'Wayne', 1),
(2256, 3675, 223, 'Webster', 1),
(2257, 3675, 223, 'Wetzel', 1),
(2258, 3675, 223, 'Wirt', 1),
(2259, 3675, 223, 'Wood', 1),
(2260, 3675, 223, 'Wyoming', 1),
(2261, 3676, 223, 'Adams', 1),
(2262, 3676, 223, 'Ashland', 1),
(2263, 3676, 223, 'Barron', 1),
(2264, 3676, 223, 'Bayfield', 1),
(2265, 3676, 223, 'Brown', 1),
(2266, 3676, 223, 'Buffalo', 1),
(2267, 3676, 223, 'Burnett', 1),
(2268, 3676, 223, 'Calumet', 1),
(2269, 3676, 223, 'Chippewa', 1),
(2270, 3676, 223, 'Clark', 1),
(2271, 3676, 223, 'Columbia', 1),
(2272, 3676, 223, 'Crawford', 1),
(2273, 3676, 223, 'Dane', 1),
(2274, 3676, 223, 'Dodge', 1),
(2275, 3676, 223, 'Door', 1),
(2276, 3676, 223, 'Douglas', 1),
(2277, 3676, 223, 'Dunn', 1),
(2278, 3676, 223, 'Eau Claire', 1),
(2279, 3676, 223, 'Florence', 1),
(2280, 3676, 223, 'Fond du Lac', 1),
(2281, 3676, 223, 'Forest', 1),
(2282, 3676, 223, 'Grant', 1),
(2283, 3676, 223, 'Green', 1),
(2284, 3676, 223, 'Green Lake', 1),
(2285, 3676, 223, 'Iowa', 1),
(2286, 3676, 223, 'Iron', 1),
(2287, 3676, 223, 'Jackson', 1),
(2288, 3676, 223, 'Jefferson', 1),
(2289, 3676, 223, 'Juneau', 1),
(2290, 3676, 223, 'Kenosha', 1),
(2291, 3676, 223, 'Kewaunee', 1),
(2292, 3676, 223, 'La Crosse', 1),
(2293, 3676, 223, 'Lafayette', 1),
(2294, 3676, 223, 'Langlade', 1),
(2295, 3676, 223, 'Lincoln', 1),
(2296, 3676, 223, 'Manitowoc', 1),
(2297, 3676, 223, 'Marathon', 1),
(2298, 3676, 223, 'Marinette', 1),
(2299, 3676, 223, 'Marquette', 1),
(2300, 3676, 223, 'Menominee', 1),
(2301, 3676, 223, 'Milwaukee', 1),
(2302, 3676, 223, 'Monroe', 1),
(2303, 3676, 223, 'Oconto', 1),
(2304, 3676, 223, 'Oneida', 1),
(2305, 3676, 223, 'Outagamie', 1),
(2306, 3676, 223, 'Ozaukee', 1),
(2307, 3676, 223, 'Pepin', 1),
(2308, 3676, 223, 'Pierce', 1),
(2309, 3676, 223, 'Polk', 1),
(2310, 3676, 223, 'Portage', 1),
(2311, 3676, 223, 'Price', 1),
(2312, 3676, 223, 'Racine', 1),
(2313, 3676, 223, 'Richland', 1),
(2314, 3676, 223, 'Rock', 1),
(2315, 3676, 223, 'Rusk', 1),
(2316, 3676, 223, 'Saint Croix', 1),
(2317, 3676, 223, 'Sauk', 1),
(2318, 3676, 223, 'Sawyer', 1),
(2319, 3676, 223, 'Shawano', 1),
(2320, 3676, 223, 'Sheboygan', 1),
(2321, 3676, 223, 'Taylor', 1),
(2322, 3676, 223, 'Trempealeau', 1),
(2323, 3676, 223, 'Vernon', 1),
(2324, 3676, 223, 'Vilas', 1),
(2325, 3676, 223, 'Walworth', 1),
(2326, 3676, 223, 'Washburn', 1),
(2327, 3677, 223, 'Albany', 1),
(2328, 3677, 223, 'Big Horn', 1),
(2329, 3677, 223, 'Campbell', 1),
(2330, 3677, 223, 'Carbon', 1),
(2331, 3677, 223, 'Converse', 1),
(2332, 3677, 223, 'Crook', 1),
(2333, 3677, 223, 'Fremont', 1),
(2334, 3677, 223, 'Goshen', 1),
(2335, 3677, 223, 'Hot Springs', 1),
(2336, 3677, 223, 'Johnson', 1),
(2337, 3677, 223, 'Laramie', 1),
(2338, 3677, 223, 'Lincoln', 1),
(2339, 3677, 223, 'Natrona', 1),
(2340, 3677, 223, 'Niobrara', 1),
(2341, 3677, 223, 'Park', 1),
(2342, 3677, 223, 'Platte', 1),
(2343, 3677, 223, 'Sheridan', 1),
(2344, 3677, 223, 'Sublette', 1),
(2345, 3677, 223, 'Sweetwater', 1),
(2346, 3677, 223, 'Teton', 1),
(2347, 3677, 223, 'Uinta', 1),
(2348, 3677, 223, 'Washakie', 1),
(2349, 3677, 223, 'Weston', 1);

-- --------------------------------------------------------

--
-- Table structure for table `country`
--

CREATE TABLE IF NOT EXISTS `country` (
  `countryId` int(11) NOT NULL,
  `name` varchar(128) NOT NULL,
  `iso_code_2` varchar(2) NOT NULL,
  `iso_code_3` varchar(3) NOT NULL,
  `status` tinyint(1) NOT NULL DEFAULT '1'
) ENGINE=InnoDB AUTO_INCREMENT=252 DEFAULT CHARSET=utf8;

--
-- Dumping data for table `country`
--

INSERT INTO `country` (`countryId`, `name`, `iso_code_2`, `iso_code_3`, `status`) VALUES
(1, 'Afghanistan', 'AF', 'AFG', 1),
(2, 'Albania', 'AL', 'ALB', 1),
(3, 'Algeria', 'DZ', 'DZA', 1),
(4, 'American Samoa', 'AS', 'ASM', 1),
(5, 'Andorra', 'AD', 'AND', 1),
(6, 'Angola', 'AO', 'AGO', 1),
(7, 'Anguilla', 'AI', 'AIA', 1),
(8, 'Antarctica', 'AQ', 'ATA', 1),
(9, 'Antigua and Barbuda', 'AG', 'ATG', 1),
(10, 'Argentina', 'AR', 'ARG', 1),
(11, 'Armenia', 'AM', 'ARM', 1),
(12, 'Aruba', 'AW', 'ABW', 1),
(13, 'Australia', 'AU', 'AUS', 1),
(14, 'Austria', 'AT', 'AUT', 1),
(15, 'Azerbaijan', 'AZ', 'AZE', 1),
(16, 'Bahamas', 'BS', 'BHS', 1),
(17, 'Bahrain', 'BH', 'BHR', 1),
(18, 'Bangladesh', 'BD', 'BGD', 1),
(19, 'Barbados', 'BB', 'BRB', 1),
(20, 'Belarus', 'BY', 'BLR', 1),
(21, 'Belgium', 'BE', 'BEL', 1),
(22, 'Belize', 'BZ', 'BLZ', 1),
(23, 'Benin', 'BJ', 'BEN', 1),
(24, 'Bermuda', 'BM', 'BMU', 1),
(25, 'Bhutan', 'BT', 'BTN', 1),
(26, 'Bolivia', 'BO', 'BOL', 1),
(27, 'Bosnia and Herzegovina', 'BA', 'BIH', 1),
(28, 'Botswana', 'BW', 'BWA', 1),
(29, 'Bouvet Island', 'BV', 'BVT', 1),
(30, 'Brazil', 'BR', 'BRA', 1),
(31, 'British Indian Ocean Territory', 'IO', 'IOT', 1),
(32, 'Brunei Darussalam', 'BN', 'BRN', 1),
(33, 'Bulgaria', 'BG', 'BGR', 1),
(34, 'Burkina Faso', 'BF', 'BFA', 1),
(35, 'Burundi', 'BI', 'BDI', 1),
(36, 'Cambodia', 'KH', 'KHM', 1),
(37, 'Cameroon', 'CM', 'CMR', 1),
(38, 'Canada', 'CA', 'CAN', 1),
(39, 'Cape Verde', 'CV', 'CPV', 1),
(40, 'Cayman Islands', 'KY', 'CYM', 1),
(41, 'Central African Republic', 'CF', 'CAF', 1),
(42, 'Chad', 'TD', 'TCD', 1),
(43, 'Chile', 'CL', 'CHL', 1),
(44, 'China', 'CN', 'CHN', 1),
(45, 'Christmas Island', 'CX', 'CXR', 1),
(46, 'Cocos (Keeling) Islands', 'CC', 'CCK', 1),
(47, 'Colombia', 'CO', 'COL', 1),
(48, 'Comoros', 'KM', 'COM', 1),
(49, 'Congo', 'CG', 'COG', 1),
(50, 'Cook Islands', 'CK', 'COK', 1),
(51, 'Costa Rica', 'CR', 'CRI', 1),
(52, 'Cote D''Ivoire', 'CI', 'CIV', 1),
(53, 'Croatia', 'HR', 'HRV', 1),
(54, 'Cuba', 'CU', 'CUB', 1),
(55, 'Cyprus', 'CY', 'CYP', 1),
(56, 'Czech Republic', 'CZ', 'CZE', 1),
(57, 'Denmark', 'DK', 'DNK', 1),
(58, 'Djibouti', 'DJ', 'DJI', 1),
(59, 'Dominica', 'DM', 'DMA', 1),
(60, 'Dominican Republic', 'DO', 'DOM', 1),
(61, 'East Timor', 'TL', 'TLS', 1),
(62, 'Ecuador', 'EC', 'ECU', 1),
(63, 'Egypt', 'EG', 'EGY', 1),
(64, 'El Salvador', 'SV', 'SLV', 1),
(65, 'Equatorial Guinea', 'GQ', 'GNQ', 1),
(66, 'Eritrea', 'ER', 'ERI', 1),
(67, 'Estonia', 'EE', 'EST', 1),
(68, 'Ethiopia', 'ET', 'ETH', 1),
(69, 'Falkland Islands (Malvinas)', 'FK', 'FLK', 1),
(70, 'Faroe Islands', 'FO', 'FRO', 1),
(71, 'Fiji', 'FJ', 'FJI', 1),
(72, 'Finland', 'FI', 'FIN', 1),
(74, 'France, Metropolitan', 'FR', 'FRA', 1),
(75, 'French Guiana', 'GF', 'GUF', 1),
(76, 'French Polynesia', 'PF', 'PYF', 1),
(77, 'French Southern Territories', 'TF', 'ATF', 1),
(78, 'Gabon', 'GA', 'GAB', 1),
(79, 'Gambia', 'GM', 'GMB', 1),
(80, 'Georgia', 'GE', 'GEO', 1),
(81, 'Germany', 'DE', 'DEU', 1),
(82, 'Ghana', 'GH', 'GHA', 1),
(83, 'Gibraltar', 'GI', 'GIB', 1),
(84, 'Greece', 'GR', 'GRC', 1),
(85, 'Greenland', 'GL', 'GRL', 1),
(86, 'Grenada', 'GD', 'GRD', 1),
(87, 'Guadeloupe', 'GP', 'GLP', 1),
(88, 'Guam', 'GU', 'GUM', 1),
(89, 'Guatemala', 'GT', 'GTM', 1),
(90, 'Guinea', 'GN', 'GIN', 1),
(91, 'Guinea-Bissau', 'GW', 'GNB', 1),
(92, 'Guyana', 'GY', 'GUY', 1),
(93, 'Haiti', 'HT', 'HTI', 1),
(94, 'Heard and Mc Donald Islands', 'HM', 'HMD', 1),
(95, 'Honduras', 'HN', 'HND', 1),
(96, 'Hong Kong', 'HK', 'HKG', 1),
(97, 'Hungary', 'HU', 'HUN', 1),
(98, 'Iceland', 'IS', 'ISL', 1),
(99, 'India', 'IN', 'IND', 1),
(100, 'Indonesia', 'ID', 'IDN', 1),
(101, 'Iran (Islamic Republic of)', 'IR', 'IRN', 1),
(102, 'Iraq', 'IQ', 'IRQ', 1),
(103, 'Ireland', 'IE', 'IRL', 1),
(104, 'Israel', 'IL', 'ISR', 1),
(105, 'Italy', 'IT', 'ITA', 1),
(106, 'Jamaica', 'JM', 'JAM', 1),
(107, 'Japan', 'JP', 'JPN', 1),
(108, 'Jordan', 'JO', 'JOR', 1),
(109, 'Kazakhstan', 'KZ', 'KAZ', 1),
(110, 'Kenya', 'KE', 'KEN', 1),
(111, 'Kiribati', 'KI', 'KIR', 1),
(112, 'North Korea', 'KP', 'PRK', 1),
(113, 'Korea, Republic of', 'KR', 'KOR', 1),
(114, 'Kuwait', 'KW', 'KWT', 1),
(115, 'Kyrgyzstan', 'KG', 'KGZ', 1),
(116, 'Lao People''s Democratic Republic', 'LA', 'LAO', 1),
(117, 'Latvia', 'LV', 'LVA', 1),
(118, 'Lebanon', 'LB', 'LBN', 1),
(119, 'Lesotho', 'LS', 'LSO', 1),
(120, 'Liberia', 'LR', 'LBR', 1),
(121, 'Libyan Arab Jamahiriya', 'LY', 'LBY', 1),
(122, 'Liechtenstein', 'LI', 'LIE', 1),
(123, 'Lithuania', 'LT', 'LTU', 1),
(124, 'Luxembourg', 'LU', 'LUX', 1),
(125, 'Macau', 'MO', 'MAC', 1),
(126, 'FYROM', 'MK', 'MKD', 1),
(127, 'Madagascar', 'MG', 'MDG', 1),
(128, 'Malawi', 'MW', 'MWI', 1),
(129, 'Malaysia', 'MY', 'MYS', 1),
(130, 'Maldives', 'MV', 'MDV', 1),
(131, 'Mali', 'ML', 'MLI', 1),
(132, 'Malta', 'MT', 'MLT', 1),
(133, 'Marshall Islands', 'MH', 'MHL', 1),
(134, 'Martinique', 'MQ', 'MTQ', 1),
(135, 'Mauritania', 'MR', 'MRT', 1),
(136, 'Mauritius', 'MU', 'MUS', 1),
(137, 'Mayotte', 'YT', 'MYT', 1),
(138, 'Mexico', 'MX', 'MEX', 1),
(139, 'Micronesia, Federated States of', 'FM', 'FSM', 1),
(140, 'Moldova, Republic of', 'MD', 'MDA', 1),
(141, 'Monaco', 'MC', 'MCO', 1),
(142, 'Mongolia', 'MN', 'MNG', 1),
(143, 'Montserrat', 'MS', 'MSR', 1),
(144, 'Morocco', 'MA', 'MAR', 1),
(145, 'Mozambique', 'MZ', 'MOZ', 1),
(146, 'Myanmar', 'MM', 'MMR', 1),
(147, 'Namibia', 'NA', 'NAM', 1),
(148, 'Nauru', 'NR', 'NRU', 1),
(149, 'Nepal', 'NP', 'NPL', 1),
(150, 'Netherlands', 'NL', 'NLD', 1),
(151, 'Netherlands Antilles', 'AN', 'ANT', 1),
(152, 'New Caledonia', 'NC', 'NCL', 1),
(153, 'New Zealand', 'NZ', 'NZL', 1),
(154, 'Nicaragua', 'NI', 'NIC', 1),
(155, 'Niger', 'NE', 'NER', 1),
(156, 'Nigeria', 'NG', 'NGA', 1),
(157, 'Niue', 'NU', 'NIU', 1),
(158, 'Norfolk Island', 'NF', 'NFK', 1),
(159, 'Northern Mariana Islands', 'MP', 'MNP', 1),
(160, 'Norway', 'NO', 'NOR', 1),
(161, 'Oman', 'OM', 'OMN', 1),
(162, 'Pakistan', 'PK', 'PAK', 1),
(163, 'Palau', 'PW', 'PLW', 1),
(164, 'Panama', 'PA', 'PAN', 1),
(165, 'Papua New Guinea', 'PG', 'PNG', 1),
(166, 'Paraguay', 'PY', 'PRY', 1),
(167, 'Peru', 'PE', 'PER', 1),
(168, 'Philippines', 'PH', 'PHL', 1),
(169, 'Pitcairn', 'PN', 'PCN', 1),
(170, 'Poland', 'PL', 'POL', 1),
(171, 'Portugal', 'PT', 'PRT', 1),
(172, 'Puerto Rico', 'PR', 'PRI', 1),
(173, 'Qatar', 'QA', 'QAT', 1),
(174, 'Reunion', 'RE', 'REU', 1),
(175, 'Romania', 'RO', 'ROM', 1),
(176, 'Russian Federation', 'RU', 'RUS', 1),
(177, 'Rwanda', 'RW', 'RWA', 1),
(178, 'Saint Kitts and Nevis', 'KN', 'KNA', 1),
(179, 'Saint Lucia', 'LC', 'LCA', 1),
(180, 'Saint Vincent and the Grenadines', 'VC', 'VCT', 1),
(181, 'Samoa', 'WS', 'WSM', 1),
(182, 'San Marino', 'SM', 'SMR', 1),
(183, 'Sao Tome and Principe', 'ST', 'STP', 1),
(184, 'Saudi Arabia', 'SA', 'SAU', 1),
(185, 'Senegal', 'SN', 'SEN', 1),
(186, 'Seychelles', 'SC', 'SYC', 1),
(187, 'Sierra Leone', 'SL', 'SLE', 1),
(188, 'Singapore', 'SG', 'SGP', 1),
(189, 'Slovak Republic', 'SK', 'SVK', 1),
(190, 'Slovenia', 'SI', 'SVN', 1),
(191, 'Solomon Islands', 'SB', 'SLB', 1),
(192, 'Somalia', 'SO', 'SOM', 1),
(193, 'South Africa', 'ZA', 'ZAF', 1),
(194, 'South Georgia &amp; South Sandwich Islands', 'GS', 'SGS', 1),
(195, 'Spain', 'ES', 'ESP', 1),
(196, 'Sri Lanka', 'LK', 'LKA', 1),
(197, 'St. Helena', 'SH', 'SHN', 1),
(198, 'St. Pierre and Miquelon', 'PM', 'SPM', 1),
(199, 'Sudan', 'SD', 'SDN', 1),
(200, 'Suriname', 'SR', 'SUR', 1),
(201, 'Svalbard and Jan Mayen Islands', 'SJ', 'SJM', 1),
(202, 'Swaziland', 'SZ', 'SWZ', 1),
(203, 'Sweden', 'SE', 'SWE', 1),
(204, 'Switzerland', 'CH', 'CHE', 1),
(205, 'Syrian Arab Republic', 'SY', 'SYR', 1),
(206, 'Taiwan', 'TW', 'TWN', 1),
(207, 'Tajikistan', 'TJ', 'TJK', 1),
(208, 'Tanzania, United Republic of', 'TZ', 'TZA', 1),
(209, 'Thailand', 'TH', 'THA', 1),
(210, 'Togo', 'TG', 'TGO', 1),
(211, 'Tokelau', 'TK', 'TKL', 1),
(212, 'Tonga', 'TO', 'TON', 1),
(213, 'Trinidad and Tobago', 'TT', 'TTO', 1),
(214, 'Tunisia', 'TN', 'TUN', 1),
(215, 'Turkey', 'TR', 'TUR', 1),
(216, 'Turkmenistan', 'TM', 'TKM', 1),
(217, 'Turks and Caicos Islands', 'TC', 'TCA', 1),
(218, 'Tuvalu', 'TV', 'TUV', 1),
(219, 'Uganda', 'UG', 'UGA', 1),
(220, 'Ukraine', 'UA', 'UKR', 1),
(221, 'United Arab Emirates', 'AE', 'ARE', 1),
(222, 'United Kingdom', 'GB', 'GBR', 1),
(223, 'United States', 'US', 'USA', 1),
(224, 'United States Minor Outlying Islands', 'UM', 'UMI', 1),
(225, 'Uruguay', 'UY', 'URY', 1),
(226, 'Uzbekistan', 'UZ', 'UZB', 1),
(227, 'Vanuatu', 'VU', 'VUT', 1),
(228, 'Vatican City State (Holy See)', 'VA', 'VAT', 1),
(229, 'Venezuela', 'VE', 'VEN', 1),
(230, 'Viet Nam', 'VN', 'VNM', 1),
(231, 'Virgin Islands (British)', 'VG', 'VGB', 1),
(232, 'Virgin Islands (U.S.)', 'VI', 'VIR', 1),
(233, 'Wallis and Futuna Islands', 'WF', 'WLF', 1),
(234, 'Western Sahara', 'EH', 'ESH', 1),
(235, 'Yemen', 'YE', 'YEM', 1),
(237, 'Democratic Republic of Congo', 'CD', 'COD', 1),
(238, 'Zambia', 'ZM', 'ZMB', 1),
(239, 'Zimbabwe', 'ZW', 'ZWE', 1),
(240, 'Jersey', 'JE', 'JEY', 1),
(241, 'Guernsey', 'GG', 'GGY', 1),
(242, 'Montenegro', 'ME', 'MNE', 1),
(243, 'Serbia', 'RS', 'SRB', 1),
(244, 'Aaland Islands', 'AX', 'ALA', 1),
(245, 'Bonaire, Sint Eustatius and Saba', 'BQ', 'BES', 1),
(246, 'Curacao', 'CW', 'CUW', 1),
(247, 'Palestinian Territory, Occupied', 'PS', 'PSE', 1),
(248, 'South Sudan', 'SS', 'SSD', 1),
(249, 'St. Barthelemy', 'BL', 'BLM', 1),
(250, 'St. Martin (French part)', 'MF', 'MAF', 1),
(251, 'Canary Islands', 'IC', 'ICA', 1);

-- --------------------------------------------------------

--
-- Table structure for table `key_highlight`
--

CREATE TABLE IF NOT EXISTS `key_highlight` (
  `keyhighlightId` int(11) NOT NULL,
  `keyhighlightIcon` varchar(256) NOT NULL,
  `keyhighlightTitle` varchar(256) NOT NULL,
  `keyhighlightStatus` tinyint(1) NOT NULL
) ENGINE=InnoDB AUTO_INCREMENT=5 DEFAULT CHARSET=latin1;

--
-- Dumping data for table `key_highlight`
--

INSERT INTO `key_highlight` (`keyhighlightId`, `keyhighlightIcon`, `keyhighlightTitle`, `keyhighlightStatus`) VALUES
(3, '1452510521a417c29ff5691f1e9ccf592a7dc01731.jpg', 'Test key highlight 2', 1),
(4, '1452511540ed25c7fc97d20f71163f05a1eb3ee417.png', 'Test key highlight 2', 1);

-- --------------------------------------------------------

--
-- Table structure for table `members`
--

CREATE TABLE IF NOT EXISTS `members` (
  `memberId` int(11) NOT NULL,
  `firstName` varchar(256) DEFAULT NULL,
  `lastName` varchar(256) DEFAULT NULL,
  `nickName` varchar(256) NOT NULL,
  `passWord` varchar(512) NOT NULL,
  `emailAddress` varchar(256) NOT NULL,
  `phone` varchar(20) DEFAULT NULL,
  `addressOne` varchar(500) DEFAULT NULL,
  `addressTwo` varchar(500) DEFAULT NULL,
  `city` varchar(50) DEFAULT NULL,
  `stateId` int(11) DEFAULT NULL,
  `countryId` int(11) DEFAULT NULL,
  `zipCode` int(11) DEFAULT NULL,
  `avatar` varchar(256) DEFAULT NULL,
  `status` tinyint(1) NOT NULL DEFAULT '1',
  `memberData` text,
  `createdOn` date NOT NULL
) ENGINE=InnoDB AUTO_INCREMENT=4 DEFAULT CHARSET=latin1 COMMENT='Tourpage member table';

--
-- Dumping data for table `members`
--

INSERT INTO `members` (`memberId`, `firstName`, `lastName`, `nickName`, `passWord`, `emailAddress`, `phone`, `addressOne`, `addressTwo`, `city`, `stateId`, `countryId`, `zipCode`, `avatar`, `status`, `memberData`, `createdOn`) VALUES
(1, 'Amit', 'Sarkar', 'amitsarkar', 'de9a24847460daea392147e65a136298', 'amit.bargad@gmail.com', '9874563210', 'address one', '', 'New York', 3655, 223, 11935, '1452496753257cc57bc5c33959cb37ceaa43a11c91.jpg', 1, 'a:1:{s:8:"favorite";a:2:{s:5:"tours";a:2:{s:36:"b9240436-e058-4eb4-bb28-f17ca76a7239";O:8:"stdClass":3:{s:2:"id";s:36:"b9240436-e058-4eb4-bb28-f17ca76a7239";s:4:"type";s:4:"tour";s:7:"addedOn";i:1452672263;}s:36:"dba9768a-4be2-465a-8f6a-88fd26f5d718";O:8:"stdClass":3:{s:2:"id";s:36:"dba9768a-4be2-465a-8f6a-88fd26f5d718";s:4:"type";s:4:"tour";s:7:"addedOn";i:1452672390;}}s:7:"vendors";a:1:{i:1;O:8:"stdClass":3:{s:2:"id";s:1:"1";s:4:"type";s:6:"vendor";s:7:"addedOn";i:1452672385;}}}}', '2015-02-14'),
(2, 'Amitssss', 'Activation', 'amtss', 'e11170b8cbd2d74102651cb967fa28e5', 'amit.bargad124@gmail.com', '1222222222', 'address oneeeee', '', 'New York', 2, 1, NULL, NULL, 1, NULL, '2015-05-20'),
(3, 'Snigdha', 'Basak Sarkar', 'Rupa', '4b5eeadc5f94d13bf5d83a20cb3c1aff', 'snigdhabasak2210@gmail.com', '9088993344', '2B Pretoria Street', 'Sukanta pally', 'Kolkata', 1506, 99, 700113, NULL, 1, NULL, '2016-01-15');

-- --------------------------------------------------------

--
-- Table structure for table `members_events`
--

CREATE TABLE IF NOT EXISTS `members_events` (
  `eventId` int(11) NOT NULL,
  `memberId` int(11) NOT NULL,
  `eventKey` varchar(100) NOT NULL,
  `eventCreatedOn` int(11) NOT NULL,
  `eventValidThru` int(11) NOT NULL,
  `eventStatus` tinyint(2) NOT NULL,
  `eventComment` varchar(100) DEFAULT NULL
) ENGINE=InnoDB AUTO_INCREMENT=3 DEFAULT CHARSET=latin1;

--
-- Dumping data for table `members_events`
--

INSERT INTO `members_events` (`eventId`, `memberId`, `eventKey`, `eventCreatedOn`, `eventValidThru`, `eventStatus`, `eventComment`) VALUES
(1, 2, 'member_create_new_account', 1446792034, 1446878434, 2, NULL),
(2, 3, 'member_create_new_account', 1452845371, 1452931771, 1, NULL);

-- --------------------------------------------------------

--
-- Table structure for table `members_tour_review`
--

CREATE TABLE IF NOT EXISTS `members_tour_review` (
  `memberTourReviewId` int(11) NOT NULL,
  `memberId` int(11) NOT NULL,
  `tourId` varchar(100) NOT NULL,
  `reviewId` int(11) NOT NULL
) ENGINE=InnoDB AUTO_INCREMENT=5 DEFAULT CHARSET=latin1;

--
-- Dumping data for table `members_tour_review`
--

INSERT INTO `members_tour_review` (`memberTourReviewId`, `memberId`, `tourId`, `reviewId`) VALUES
(1, 1, 'd6633264-7fdc-40e0-804a-02fc53d97f29', 1),
(2, 1, 'd6633264-7fdc-40e0-804a-02fc53d97f29', 2),
(3, 1, 'd6633264-7fdc-40e0-804a-02fc53d97f29', 3),
(4, 1, 'd6633264-7fdc-40e0-804a-02fc53d97f29', 4);

-- --------------------------------------------------------

--
-- Table structure for table `members_to_vendor`
--

CREATE TABLE IF NOT EXISTS `members_to_vendor` (
  `memberstovendorId` int(11) NOT NULL,
  `memberId` int(11) NOT NULL,
  `vendorId` int(11) NOT NULL
) ENGINE=InnoDB AUTO_INCREMENT=2 DEFAULT CHARSET=latin1;

--
-- Dumping data for table `members_to_vendor`
--

INSERT INTO `members_to_vendor` (`memberstovendorId`, `memberId`, `vendorId`) VALUES
(1, 3, 1);

-- --------------------------------------------------------

--
-- Table structure for table `place_of_attractions`
--

CREATE TABLE IF NOT EXISTS `place_of_attractions` (
  `attractionId` int(11) NOT NULL,
  `attractionName` varchar(256) NOT NULL,
  `cityId` int(11) NOT NULL,
  `stateId` int(11) NOT NULL,
  `countryId` int(11) NOT NULL,
  `status` tinyint(1) NOT NULL DEFAULT '1'
) ENGINE=InnoDB AUTO_INCREMENT=5 DEFAULT CHARSET=latin1;

-- --------------------------------------------------------

--
-- Table structure for table `state`
--

CREATE TABLE IF NOT EXISTS `state` (
  `stateId` int(11) NOT NULL,
  `countryId` int(11) NOT NULL,
  `name` varchar(128) NOT NULL,
  `code` varchar(32) NOT NULL,
  `status` tinyint(1) NOT NULL DEFAULT '1'
) ENGINE=InnoDB AUTO_INCREMENT=4033 DEFAULT CHARSET=utf8;

--
-- Dumping data for table `state`
--

INSERT INTO `state` (`stateId`, `countryId`, `name`, `code`, `status`) VALUES
(1, 1, 'Badakhshan', 'BDS', 1),
(2, 1, 'Badghis', 'BDG', 1),
(3, 1, 'Baghlan', 'BGL', 1),
(4, 1, 'Balkh', 'BAL', 1),
(5, 1, 'Bamian', 'BAM', 1),
(6, 1, 'Farah', 'FRA', 1),
(7, 1, 'Faryab', 'FYB', 1),
(8, 1, 'Ghazni', 'GHA', 1),
(9, 1, 'Ghowr', 'GHO', 1),
(10, 1, 'Helmand', 'HEL', 1),
(11, 1, 'Herat', 'HER', 1),
(12, 1, 'Jowzjan', 'JOW', 1),
(13, 1, 'Kabul', 'KAB', 1),
(14, 1, 'Kandahar', 'KAN', 1),
(15, 1, 'Kapisa', 'KAP', 1),
(16, 1, 'Khost', 'KHO', 1),
(17, 1, 'Konar', 'KNR', 1),
(18, 1, 'Kondoz', 'KDZ', 1),
(19, 1, 'Laghman', 'LAG', 1),
(20, 1, 'Lowgar', 'LOW', 1),
(21, 1, 'Nangrahar', 'NAN', 1),
(22, 1, 'Nimruz', 'NIM', 1),
(23, 1, 'Nurestan', 'NUR', 1),
(24, 1, 'Oruzgan', 'ORU', 1),
(25, 1, 'Paktia', 'PIA', 1),
(26, 1, 'Paktika', 'PKA', 1),
(27, 1, 'Parwan', 'PAR', 1),
(28, 1, 'Samangan', 'SAM', 1),
(29, 1, 'Sar-e Pol', 'SAR', 1),
(30, 1, 'Takhar', 'TAK', 1),
(31, 1, 'Wardak', 'WAR', 1),
(32, 1, 'Zabol', 'ZAB', 1),
(33, 2, 'Berat', 'BR', 1),
(34, 2, 'Bulqize', 'BU', 1),
(35, 2, 'Delvine', 'DL', 1),
(36, 2, 'Devoll', 'DV', 1),
(37, 2, 'Diber', 'DI', 1),
(38, 2, 'Durres', 'DR', 1),
(39, 2, 'Elbasan', 'EL', 1),
(40, 2, 'Kolonje', 'ER', 1),
(41, 2, 'Fier', 'FR', 1),
(42, 2, 'Gjirokaster', 'GJ', 1),
(43, 2, 'Gramsh', 'GR', 1),
(44, 2, 'Has', 'HA', 1),
(45, 2, 'Kavaje', 'KA', 1),
(46, 2, 'Kurbin', 'KB', 1),
(47, 2, 'Kucove', 'KC', 1),
(48, 2, 'Korce', 'KO', 1),
(49, 2, 'Kruje', 'KR', 1),
(50, 2, 'Kukes', 'KU', 1),
(51, 2, 'Librazhd', 'LB', 1),
(52, 2, 'Lezhe', 'LE', 1),
(53, 2, 'Lushnje', 'LU', 1),
(54, 2, 'Malesi e Madhe', 'MM', 1),
(55, 2, 'Mallakaster', 'MK', 1),
(56, 2, 'Mat', 'MT', 1),
(57, 2, 'Mirdite', 'MR', 1),
(58, 2, 'Peqin', 'PQ', 1),
(59, 2, 'Permet', 'PR', 1),
(60, 2, 'Pogradec', 'PG', 1),
(61, 2, 'Puke', 'PU', 1),
(62, 2, 'Shkoder', 'SH', 1),
(63, 2, 'Skrapar', 'SK', 1),
(64, 2, 'Sarande', 'SR', 1),
(65, 2, 'Tepelene', 'TE', 1),
(66, 2, 'Tropoje', 'TP', 1),
(67, 2, 'Tirane', 'TR', 1),
(68, 2, 'Vlore', 'VL', 1),
(69, 3, 'Adrar', 'ADR', 1),
(70, 3, 'Ain Defla', 'ADE', 1),
(71, 3, 'Ain Temouchent', 'ATE', 1),
(72, 3, 'Alger', 'ALG', 1),
(73, 3, 'Annaba', 'ANN', 1),
(74, 3, 'Batna', 'BAT', 1),
(75, 3, 'Bechar', 'BEC', 1),
(76, 3, 'Bejaia', 'BEJ', 1),
(77, 3, 'Biskra', 'BIS', 1),
(78, 3, 'Blida', 'BLI', 1),
(79, 3, 'Bordj Bou Arreridj', 'BBA', 1),
(80, 3, 'Bouira', 'BOA', 1),
(81, 3, 'Boumerdes', 'BMD', 1),
(82, 3, 'Chlef', 'CHL', 1),
(83, 3, 'Constantine', 'CON', 1),
(84, 3, 'Djelfa', 'DJE', 1),
(85, 3, 'El Bayadh', 'EBA', 1),
(86, 3, 'El Oued', 'EOU', 1),
(87, 3, 'El Tarf', 'ETA', 1),
(88, 3, 'Ghardaia', 'GHA', 1),
(89, 3, 'Guelma', 'GUE', 1),
(90, 3, 'Illizi', 'ILL', 1),
(91, 3, 'Jijel', 'JIJ', 1),
(92, 3, 'Khenchela', 'KHE', 1),
(93, 3, 'Laghouat', 'LAG', 1),
(94, 3, 'Muaskar', 'MUA', 1),
(95, 3, 'Medea', 'MED', 1),
(96, 3, 'Mila', 'MIL', 1),
(97, 3, 'Mostaganem', 'MOS', 1),
(98, 3, 'M''Sila', 'MSI', 1),
(99, 3, 'Naama', 'NAA', 1),
(100, 3, 'Oran', 'ORA', 1),
(101, 3, 'Ouargla', 'OUA', 1),
(102, 3, 'Oum el-Bouaghi', 'OEB', 1),
(103, 3, 'Relizane', 'REL', 1),
(104, 3, 'Saida', 'SAI', 1),
(105, 3, 'Setif', 'SET', 1),
(106, 3, 'Sidi Bel Abbes', 'SBA', 1),
(107, 3, 'Skikda', 'SKI', 1),
(108, 3, 'Souk Ahras', 'SAH', 1),
(109, 3, 'Tamanghasset', 'TAM', 1),
(110, 3, 'Tebessa', 'TEB', 1),
(111, 3, 'Tiaret', 'TIA', 1),
(112, 3, 'Tindouf', 'TIN', 1),
(113, 3, 'Tipaza', 'TIP', 1),
(114, 3, 'Tissemsilt', 'TIS', 1),
(115, 3, 'Tizi Ouzou', 'TOU', 1),
(116, 3, 'Tlemcen', 'TLE', 1),
(117, 4, 'Eastern', 'E', 1),
(118, 4, 'Manu''a', 'M', 1),
(119, 4, 'Rose Island', 'R', 1),
(120, 4, 'Swains Island', 'S', 1),
(121, 4, 'Western', 'W', 1),
(122, 5, 'Andorra la Vella', 'ALV', 1),
(123, 5, 'Canillo', 'CAN', 1),
(124, 5, 'Encamp', 'ENC', 1),
(125, 5, 'Escaldes-Engordany', 'ESE', 1),
(126, 5, 'La Massana', 'LMA', 1),
(127, 5, 'Ordino', 'ORD', 1),
(128, 5, 'Sant Julia de Loria', 'SJL', 1),
(129, 6, 'Bengo', 'BGO', 1),
(130, 6, 'Benguela', 'BGU', 1),
(131, 6, 'Bie', 'BIE', 1),
(132, 6, 'Cabinda', 'CAB', 1),
(133, 6, 'Cuando-Cubango', 'CCU', 1),
(134, 6, 'Cuanza Norte', 'CNO', 1),
(135, 6, 'Cuanza Sul', 'CUS', 1),
(136, 6, 'Cunene', 'CNN', 1),
(137, 6, 'Huambo', 'HUA', 1),
(138, 6, 'Huila', 'HUI', 1),
(139, 6, 'Luanda', 'LUA', 1),
(140, 6, 'Lunda Norte', 'LNO', 1),
(141, 6, 'Lunda Sul', 'LSU', 1),
(142, 6, 'Malange', 'MAL', 1),
(143, 6, 'Moxico', 'MOX', 1),
(144, 6, 'Namibe', 'NAM', 1),
(145, 6, 'Uige', 'UIG', 1),
(146, 6, 'Zaire', 'ZAI', 1),
(147, 9, 'Saint George', 'ASG', 1),
(148, 9, 'Saint John', 'ASJ', 1),
(149, 9, 'Saint Mary', 'ASM', 1),
(150, 9, 'Saint Paul', 'ASL', 1),
(151, 9, 'Saint Peter', 'ASR', 1),
(152, 9, 'Saint Philip', 'ASH', 1),
(153, 9, 'Barbuda', 'BAR', 1),
(154, 9, 'Redonda', 'RED', 1),
(155, 10, 'Antartida e Islas del Atlantico', 'AN', 1),
(156, 10, 'Buenos Aires', 'BA', 1),
(157, 10, 'Catamarca', 'CA', 1),
(158, 10, 'Chaco', 'CH', 1),
(159, 10, 'Chubut', 'CU', 1),
(160, 10, 'Cordoba', 'CO', 1),
(161, 10, 'Corrientes', 'CR', 1),
(162, 10, 'Distrito Federal', 'DF', 1),
(163, 10, 'Entre Rios', 'ER', 1),
(164, 10, 'Formosa', 'FO', 1),
(165, 10, 'Jujuy', 'JU', 1),
(166, 10, 'La Pampa', 'LP', 1),
(167, 10, 'La Rioja', 'LR', 1),
(168, 10, 'Mendoza', 'ME', 1),
(169, 10, 'Misiones', 'MI', 1),
(170, 10, 'Neuquen', 'NE', 1),
(171, 10, 'Rio Negro', 'RN', 1),
(172, 10, 'Salta', 'SA', 1),
(173, 10, 'San Juan', 'SJ', 1),
(174, 10, 'San Luis', 'SL', 1),
(175, 10, 'Santa Cruz', 'SC', 1),
(176, 10, 'Santa Fe', 'SF', 1),
(177, 10, 'Santiago del Estero', 'SD', 1),
(178, 10, 'Tierra del Fuego', 'TF', 1),
(179, 10, 'Tucuman', 'TU', 1),
(180, 11, 'Aragatsotn', 'AGT', 1),
(181, 11, 'Ararat', 'ARR', 1),
(182, 11, 'Armavir', 'ARM', 1),
(183, 11, 'Geghark''unik''', 'GEG', 1),
(184, 11, 'Kotayk''', 'KOT', 1),
(185, 11, 'Lorri', 'LOR', 1),
(186, 11, 'Shirak', 'SHI', 1),
(187, 11, 'Syunik''', 'SYU', 1),
(188, 11, 'Tavush', 'TAV', 1),
(189, 11, 'Vayots'' Dzor', 'VAY', 1),
(190, 11, 'Yerevan', 'YER', 1),
(191, 13, 'Australian Capital Territory', 'ACT', 1),
(192, 13, 'New South Wales', 'NSW', 1),
(193, 13, 'Northern Territory', 'NT', 1),
(194, 13, 'Queensland', 'QLD', 1),
(195, 13, 'South Australia', 'SA', 1),
(196, 13, 'Tasmania', 'TAS', 1),
(197, 13, 'Victoria', 'VIC', 1),
(198, 13, 'Western Australia', 'WA', 1),
(199, 14, 'Burgenland', 'BUR', 1),
(200, 14, 'Krnten', 'KAR', 1),
(201, 14, 'Nieder&ouml;sterreich', 'NOS', 1),
(202, 14, 'Ober&ouml;sterreich', 'OOS', 1),
(203, 14, 'Salzburg', 'SAL', 1),
(204, 14, 'Steiermark', 'STE', 1),
(205, 14, 'Tirol', 'TIR', 1),
(206, 14, 'Vorarlberg', 'VOR', 1),
(207, 14, 'Wien', 'WIE', 1),
(208, 15, 'Ali Bayramli', 'AB', 1),
(209, 15, 'Abseron', 'ABS', 1),
(210, 15, 'AgcabAdi', 'AGC', 1),
(211, 15, 'Agdam', 'AGM', 1),
(212, 15, 'Agdas', 'AGS', 1),
(213, 15, 'Agstafa', 'AGA', 1),
(214, 15, 'Agsu', 'AGU', 1),
(215, 15, 'Astara', 'AST', 1),
(216, 15, 'Baki', 'BA', 1),
(217, 15, 'BabAk', 'BAB', 1),
(218, 15, 'BalakAn', 'BAL', 1),
(219, 15, 'BArdA', 'BAR', 1),
(220, 15, 'Beylaqan', 'BEY', 1),
(221, 15, 'Bilasuvar', 'BIL', 1),
(222, 15, 'Cabrayil', 'CAB', 1),
(223, 15, 'Calilabab', 'CAL', 1),
(224, 15, 'Culfa', 'CUL', 1),
(225, 15, 'Daskasan', 'DAS', 1),
(226, 15, 'Davaci', 'DAV', 1),
(227, 15, 'Fuzuli', 'FUZ', 1),
(228, 15, 'Ganca', 'GA', 1),
(229, 15, 'Gadabay', 'GAD', 1),
(230, 15, 'Goranboy', 'GOR', 1),
(231, 15, 'Goycay', 'GOY', 1),
(232, 15, 'Haciqabul', 'HAC', 1),
(233, 15, 'Imisli', 'IMI', 1),
(234, 15, 'Ismayilli', 'ISM', 1),
(235, 15, 'Kalbacar', 'KAL', 1),
(236, 15, 'Kurdamir', 'KUR', 1),
(237, 15, 'Lankaran', 'LA', 1),
(238, 15, 'Lacin', 'LAC', 1),
(239, 15, 'Lankaran', 'LAN', 1),
(240, 15, 'Lerik', 'LER', 1),
(241, 15, 'Masalli', 'MAS', 1),
(242, 15, 'Mingacevir', 'MI', 1),
(243, 15, 'Naftalan', 'NA', 1),
(244, 15, 'Neftcala', 'NEF', 1),
(245, 15, 'Oguz', 'OGU', 1),
(246, 15, 'Ordubad', 'ORD', 1),
(247, 15, 'Qabala', 'QAB', 1),
(248, 15, 'Qax', 'QAX', 1),
(249, 15, 'Qazax', 'QAZ', 1),
(250, 15, 'Qobustan', 'QOB', 1),
(251, 15, 'Quba', 'QBA', 1),
(252, 15, 'Qubadli', 'QBI', 1),
(253, 15, 'Qusar', 'QUS', 1),
(254, 15, 'Saki', 'SA', 1),
(255, 15, 'Saatli', 'SAT', 1),
(256, 15, 'Sabirabad', 'SAB', 1),
(257, 15, 'Sadarak', 'SAD', 1),
(258, 15, 'Sahbuz', 'SAH', 1),
(259, 15, 'Saki', 'SAK', 1),
(260, 15, 'Salyan', 'SAL', 1),
(261, 15, 'Sumqayit', 'SM', 1),
(262, 15, 'Samaxi', 'SMI', 1),
(263, 15, 'Samkir', 'SKR', 1),
(264, 15, 'Samux', 'SMX', 1),
(265, 15, 'Sarur', 'SAR', 1),
(266, 15, 'Siyazan', 'SIY', 1),
(267, 15, 'Susa', 'SS', 1),
(268, 15, 'Susa', 'SUS', 1),
(269, 15, 'Tartar', 'TAR', 1),
(270, 15, 'Tovuz', 'TOV', 1),
(271, 15, 'Ucar', 'UCA', 1),
(272, 15, 'Xankandi', 'XA', 1),
(273, 15, 'Xacmaz', 'XAC', 1),
(274, 15, 'Xanlar', 'XAN', 1),
(275, 15, 'Xizi', 'XIZ', 1),
(276, 15, 'Xocali', 'XCI', 1),
(277, 15, 'Xocavand', 'XVD', 1),
(278, 15, 'Yardimli', 'YAR', 1),
(279, 15, 'Yevlax', 'YEV', 1),
(280, 15, 'Zangilan', 'ZAN', 1),
(281, 15, 'Zaqatala', 'ZAQ', 1),
(282, 15, 'Zardab', 'ZAR', 1),
(283, 15, 'Naxcivan', 'NX', 1),
(284, 16, 'Acklins', 'ACK', 1),
(285, 16, 'Berry Islands', 'BER', 1),
(286, 16, 'Bimini', 'BIM', 1),
(287, 16, 'Black Point', 'BLK', 1),
(288, 16, 'Cat Island', 'CAT', 1),
(289, 16, 'Central Abaco', 'CAB', 1),
(290, 16, 'Central Andros', 'CAN', 1),
(291, 16, 'Central Eleuthera', 'CEL', 1),
(292, 16, 'City of Freeport', 'FRE', 1),
(293, 16, 'Crooked Island', 'CRO', 1),
(294, 16, 'East Grand Bahama', 'EGB', 1),
(295, 16, 'Exuma', 'EXU', 1),
(296, 16, 'Grand Cay', 'GRD', 1),
(297, 16, 'Harbour Island', 'HAR', 1),
(298, 16, 'Hope Town', 'HOP', 1),
(299, 16, 'Inagua', 'INA', 1),
(300, 16, 'Long Island', 'LNG', 1),
(301, 16, 'Mangrove Cay', 'MAN', 1),
(302, 16, 'Mayaguana', 'MAY', 1),
(303, 16, 'Moore''s Island', 'MOO', 1),
(304, 16, 'North Abaco', 'NAB', 1),
(305, 16, 'North Andros', 'NAN', 1),
(306, 16, 'North Eleuthera', 'NEL', 1),
(307, 16, 'Ragged Island', 'RAG', 1),
(308, 16, 'Rum Cay', 'RUM', 1),
(309, 16, 'San Salvador', 'SAL', 1),
(310, 16, 'South Abaco', 'SAB', 1),
(311, 16, 'South Andros', 'SAN', 1),
(312, 16, 'South Eleuthera', 'SEL', 1),
(313, 16, 'Spanish Wells', 'SWE', 1),
(314, 16, 'West Grand Bahama', 'WGB', 1),
(315, 17, 'Capital', 'CAP', 1),
(316, 17, 'Central', 'CEN', 1),
(317, 17, 'Muharraq', 'MUH', 1),
(318, 17, 'Northern', 'NOR', 1),
(319, 17, 'Southern', 'SOU', 1),
(320, 18, 'Barisal', 'BAR', 1),
(321, 18, 'Chittagong', 'CHI', 1),
(322, 18, 'Dhaka', 'DHA', 1),
(323, 18, 'Khulna', 'KHU', 1),
(324, 18, 'Rajshahi', 'RAJ', 1),
(325, 18, 'Sylhet', 'SYL', 1),
(326, 19, 'Christ Church', 'CC', 1),
(327, 19, 'Saint Andrew', 'AND', 1),
(328, 19, 'Saint George', 'GEO', 1),
(329, 19, 'Saint James', 'JAM', 1),
(330, 19, 'Saint John', 'JOH', 1),
(331, 19, 'Saint Joseph', 'JOS', 1),
(332, 19, 'Saint Lucy', 'LUC', 1),
(333, 19, 'Saint Michael', 'MIC', 1),
(334, 19, 'Saint Peter', 'PET', 1),
(335, 19, 'Saint Philip', 'PHI', 1),
(336, 19, 'Saint Thomas', 'THO', 1),
(337, 20, 'Brestskaya (Brest)', 'BR', 1),
(338, 20, 'Homyel''skaya (Homyel'')', 'HO', 1),
(339, 20, 'Horad Minsk', 'HM', 1),
(340, 20, 'Hrodzyenskaya (Hrodna)', 'HR', 1),
(341, 20, 'Mahilyowskaya (Mahilyow)', 'MA', 1),
(342, 20, 'Minskaya', 'MI', 1),
(343, 20, 'Vitsyebskaya (Vitsyebsk)', 'VI', 1),
(344, 21, 'Antwerpen', 'VAN', 1),
(345, 21, 'Brabant Wallon', 'WBR', 1),
(346, 21, 'Hainaut', 'WHT', 1),
(347, 21, 'Lige', 'WLG', 1),
(348, 21, 'Limburg', 'VLI', 1),
(349, 21, 'Luxembourg', 'WLX', 1),
(350, 21, 'Namur', 'WNA', 1),
(351, 21, 'Oost-Vlaanderen', 'VOV', 1),
(352, 21, 'Vlaams Brabant', 'VBR', 1),
(353, 21, 'West-Vlaanderen', 'VWV', 1),
(354, 22, 'Belize', 'BZ', 1),
(355, 22, 'Cayo', 'CY', 1),
(356, 22, 'Corozal', 'CR', 1),
(357, 22, 'Orange Walk', 'OW', 1),
(358, 22, 'Stann Creek', 'SC', 1),
(359, 22, 'Toledo', 'TO', 1),
(360, 23, 'Alibori', 'AL', 1),
(361, 23, 'Atakora', 'AK', 1),
(362, 23, 'Atlantique', 'AQ', 1),
(363, 23, 'Borgou', 'BO', 1),
(364, 23, 'Collines', 'CO', 1),
(365, 23, 'Donga', 'DO', 1),
(366, 23, 'Kouffo', 'KO', 1),
(367, 23, 'Littoral', 'LI', 1),
(368, 23, 'Mono', 'MO', 1),
(369, 23, 'Oueme', 'OU', 1),
(370, 23, 'Plateau', 'PL', 1),
(371, 23, 'Zou', 'ZO', 1),
(372, 24, 'Devonshire', 'DS', 1),
(373, 24, 'Hamilton City', 'HC', 1),
(374, 24, 'Hamilton', 'HA', 1),
(375, 24, 'Paget', 'PG', 1),
(376, 24, 'Pembroke', 'PB', 1),
(377, 24, 'Saint George City', 'GC', 1),
(378, 24, 'Saint George''s', 'SG', 1),
(379, 24, 'Sandys', 'SA', 1),
(380, 24, 'Smith''s', 'SM', 1),
(381, 24, 'Southampton', 'SH', 1),
(382, 24, 'Warwick', 'WA', 1),
(383, 25, 'Bumthang', 'BUM', 1),
(384, 25, 'Chukha', 'CHU', 1),
(385, 25, 'Dagana', 'DAG', 1),
(386, 25, 'Gasa', 'GAS', 1),
(387, 25, 'Haa', 'HAA', 1),
(388, 25, 'Lhuntse', 'LHU', 1),
(389, 25, 'Mongar', 'MON', 1),
(390, 25, 'Paro', 'PAR', 1),
(391, 25, 'Pemagatshel', 'PEM', 1),
(392, 25, 'Punakha', 'PUN', 1),
(393, 25, 'Samdrup Jongkhar', 'SJO', 1),
(394, 25, 'Samtse', 'SAT', 1),
(395, 25, 'Sarpang', 'SAR', 1),
(396, 25, 'Thimphu', 'THI', 1),
(397, 25, 'Trashigang', 'TRG', 1),
(398, 25, 'Trashiyangste', 'TRY', 1),
(399, 25, 'Trongsa', 'TRO', 1),
(400, 25, 'Tsirang', 'TSI', 1),
(401, 25, 'Wangdue Phodrang', 'WPH', 1),
(402, 25, 'Zhemgang', 'ZHE', 1),
(403, 26, 'Beni', 'BEN', 1),
(404, 26, 'Chuquisaca', 'CHU', 1),
(405, 26, 'Cochabamba', 'COC', 1),
(406, 26, 'La Paz', 'LPZ', 1),
(407, 26, 'Oruro', 'ORU', 1),
(408, 26, 'Pando', 'PAN', 1),
(409, 26, 'Potosi', 'POT', 1),
(410, 26, 'Santa Cruz', 'SCZ', 1),
(411, 26, 'Tarija', 'TAR', 1),
(412, 27, 'Brcko district', 'BRO', 1),
(413, 27, 'Unsko-Sanski Kanton', 'FUS', 1),
(414, 27, 'Posavski Kanton', 'FPO', 1),
(415, 27, 'Tuzlanski Kanton', 'FTU', 1),
(416, 27, 'Zenicko-Dobojski Kanton', 'FZE', 1),
(417, 27, 'Bosanskopodrinjski Kanton', 'FBP', 1),
(418, 27, 'Srednjebosanski Kanton', 'FSB', 1),
(419, 27, 'Hercegovacko-neretvanski Kanton', 'FHN', 1),
(420, 27, 'Zapadnohercegovacka Zupanija', 'FZH', 1),
(421, 27, 'Kanton Sarajevo', 'FSA', 1),
(422, 27, 'Zapadnobosanska', 'FZA', 1),
(423, 27, 'Banja Luka', 'SBL', 1),
(424, 27, 'Doboj', 'SDO', 1),
(425, 27, 'Bijeljina', 'SBI', 1),
(426, 27, 'Vlasenica', 'SVL', 1),
(427, 27, 'Sarajevo-Romanija or Sokolac', 'SSR', 1),
(428, 27, 'Foca', 'SFO', 1),
(429, 27, 'Trebinje', 'STR', 1),
(430, 28, 'Central', 'CE', 1),
(431, 28, 'Ghanzi', 'GH', 1),
(432, 28, 'Kgalagadi', 'KD', 1),
(433, 28, 'Kgatleng', 'KT', 1),
(434, 28, 'Kweneng', 'KW', 1),
(435, 28, 'Ngamiland', 'NG', 1),
(436, 28, 'North East', 'NE', 1),
(437, 28, 'North West', 'NW', 1),
(438, 28, 'South East', 'SE', 1),
(439, 28, 'Southern', 'SO', 1),
(440, 30, 'Acre', 'AC', 1),
(441, 30, 'Alagoas', 'AL', 1),
(442, 30, 'Amap', 'AP', 1),
(443, 30, 'Amazonas', 'AM', 1),
(444, 30, 'Bahia', 'BA', 1),
(445, 30, 'Cear', 'CE', 1),
(446, 30, 'Distrito Federal', 'DF', 1),
(447, 30, 'Esprito Santo', 'ES', 1),
(448, 30, 'Gois', 'GO', 1),
(449, 30, 'Maranho', 'MA', 1),
(450, 30, 'Mato Grosso', 'MT', 1),
(451, 30, 'Mato Grosso do Sul', 'MS', 1),
(452, 30, 'Minas Gerais', 'MG', 1),
(453, 30, 'Par', 'PA', 1),
(454, 30, 'Paraba', 'PB', 1),
(455, 30, 'Paran', 'PR', 1),
(456, 30, 'Pernambuco', 'PE', 1),
(457, 30, 'Piau', 'PI', 1),
(458, 30, 'Rio de Janeiro', 'RJ', 1),
(459, 30, 'Rio Grande do Norte', 'RN', 1),
(460, 30, 'Rio Grande do Sul', 'RS', 1),
(461, 30, 'Rondnia', 'RO', 1),
(462, 30, 'Roraima', 'RR', 1),
(463, 30, 'Santa Catarina', 'SC', 1),
(464, 30, 'So Paulo', 'SP', 1),
(465, 30, 'Sergipe', 'SE', 1),
(466, 30, 'Tocantins', 'TO', 1),
(467, 31, 'Peros Banhos', 'PB', 1),
(468, 31, 'Salomon Islands', 'SI', 1),
(469, 31, 'Nelsons Island', 'NI', 1),
(470, 31, 'Three Brothers', 'TB', 1),
(471, 31, 'Eagle Islands', 'EA', 1),
(472, 31, 'Danger Island', 'DI', 1),
(473, 31, 'Egmont Islands', 'EG', 1),
(474, 31, 'Diego Garcia', 'DG', 1),
(475, 32, 'Belait', 'BEL', 1),
(476, 32, 'Brunei and Muara', 'BRM', 1),
(477, 32, 'Temburong', 'TEM', 1),
(478, 32, 'Tutong', 'TUT', 1),
(479, 33, 'Blagoevgrad', '', 1),
(480, 33, 'Burgas', '', 1),
(481, 33, 'Dobrich', '', 1),
(482, 33, 'Gabrovo', '', 1),
(483, 33, 'Haskovo', '', 1),
(484, 33, 'Kardjali', '', 1),
(485, 33, 'Kyustendil', '', 1),
(486, 33, 'Lovech', '', 1),
(487, 33, 'Montana', '', 1),
(488, 33, 'Pazardjik', '', 1),
(489, 33, 'Pernik', '', 1),
(490, 33, 'Pleven', '', 1),
(491, 33, 'Plovdiv', '', 1),
(492, 33, 'Razgrad', '', 1),
(493, 33, 'Shumen', '', 1),
(494, 33, 'Silistra', '', 1),
(495, 33, 'Sliven', '', 1),
(496, 33, 'Smolyan', '', 1),
(497, 33, 'Sofia', '', 1),
(498, 33, 'Sofia - town', '', 1),
(499, 33, 'Stara Zagora', '', 1),
(500, 33, 'Targovishte', '', 1),
(501, 33, 'Varna', '', 1),
(502, 33, 'Veliko Tarnovo', '', 1),
(503, 33, 'Vidin', '', 1),
(504, 33, 'Vratza', '', 1),
(505, 33, 'Yambol', '', 1),
(506, 34, 'Bale', 'BAL', 1),
(507, 34, 'Bam', 'BAM', 1),
(508, 34, 'Banwa', 'BAN', 1),
(509, 34, 'Bazega', 'BAZ', 1),
(510, 34, 'Bougouriba', 'BOR', 1),
(511, 34, 'Boulgou', 'BLG', 1),
(512, 34, 'Boulkiemde', 'BOK', 1),
(513, 34, 'Comoe', 'COM', 1),
(514, 34, 'Ganzourgou', 'GAN', 1),
(515, 34, 'Gnagna', 'GNA', 1),
(516, 34, 'Gourma', 'GOU', 1),
(517, 34, 'Houet', 'HOU', 1),
(518, 34, 'Ioba', 'IOA', 1),
(519, 34, 'Kadiogo', 'KAD', 1),
(520, 34, 'Kenedougou', 'KEN', 1),
(521, 34, 'Komondjari', 'KOD', 1),
(522, 34, 'Kompienga', 'KOP', 1),
(523, 34, 'Kossi', 'KOS', 1),
(524, 34, 'Koulpelogo', 'KOL', 1),
(525, 34, 'Kouritenga', 'KOT', 1),
(526, 34, 'Kourweogo', 'KOW', 1),
(527, 34, 'Leraba', 'LER', 1),
(528, 34, 'Loroum', 'LOR', 1),
(529, 34, 'Mouhoun', 'MOU', 1),
(530, 34, 'Nahouri', 'NAH', 1),
(531, 34, 'Namentenga', 'NAM', 1),
(532, 34, 'Nayala', 'NAY', 1),
(533, 34, 'Noumbiel', 'NOU', 1),
(534, 34, 'Oubritenga', 'OUB', 1),
(535, 34, 'Oudalan', 'OUD', 1),
(536, 34, 'Passore', 'PAS', 1),
(537, 34, 'Poni', 'PON', 1),
(538, 34, 'Sanguie', 'SAG', 1),
(539, 34, 'Sanmatenga', 'SAM', 1),
(540, 34, 'Seno', 'SEN', 1),
(541, 34, 'Sissili', 'SIS', 1),
(542, 34, 'Soum', 'SOM', 1),
(543, 34, 'Sourou', 'SOR', 1),
(544, 34, 'Tapoa', 'TAP', 1),
(545, 34, 'Tuy', 'TUY', 1),
(546, 34, 'Yagha', 'YAG', 1),
(547, 34, 'Yatenga', 'YAT', 1),
(548, 34, 'Ziro', 'ZIR', 1),
(549, 34, 'Zondoma', 'ZOD', 1),
(550, 34, 'Zoundweogo', 'ZOW', 1),
(551, 35, 'Bubanza', 'BB', 1),
(552, 35, 'Bujumbura', 'BJ', 1),
(553, 35, 'Bururi', 'BR', 1),
(554, 35, 'Cankuzo', 'CA', 1),
(555, 35, 'Cibitoke', 'CI', 1),
(556, 35, 'Gitega', 'GI', 1),
(557, 35, 'Karuzi', 'KR', 1),
(558, 35, 'Kayanza', 'KY', 1),
(559, 35, 'Kirundo', 'KI', 1),
(560, 35, 'Makamba', 'MA', 1),
(561, 35, 'Muramvya', 'MU', 1),
(562, 35, 'Muyinga', 'MY', 1),
(563, 35, 'Mwaro', 'MW', 1),
(564, 35, 'Ngozi', 'NG', 1),
(565, 35, 'Rutana', 'RT', 1),
(566, 35, 'Ruyigi', 'RY', 1),
(567, 36, 'Phnom Penh', 'PP', 1),
(568, 36, 'Preah Seihanu (Kompong Som or Sihanoukville)', 'PS', 1),
(569, 36, 'Pailin', 'PA', 1),
(570, 36, 'Keb', 'KB', 1),
(571, 36, 'Banteay Meanchey', 'BM', 1),
(572, 36, 'Battambang', 'BA', 1),
(573, 36, 'Kampong Cham', 'KM', 1),
(574, 36, 'Kampong Chhnang', 'KN', 1),
(575, 36, 'Kampong Speu', 'KU', 1),
(576, 36, 'Kampong Som', 'KO', 1),
(577, 36, 'Kampong Thom', 'KT', 1),
(578, 36, 'Kampot', 'KP', 1),
(579, 36, 'Kandal', 'KL', 1),
(580, 36, 'Kaoh Kong', 'KK', 1),
(581, 36, 'Kratie', 'KR', 1),
(582, 36, 'Mondul Kiri', 'MK', 1),
(583, 36, 'Oddar Meancheay', 'OM', 1),
(584, 36, 'Pursat', 'PU', 1),
(585, 36, 'Preah Vihear', 'PR', 1),
(586, 36, 'Prey Veng', 'PG', 1),
(587, 36, 'Ratanak Kiri', 'RK', 1),
(588, 36, 'Siemreap', 'SI', 1),
(589, 36, 'Stung Treng', 'ST', 1),
(590, 36, 'Svay Rieng', 'SR', 1),
(591, 36, 'Takeo', 'TK', 1),
(592, 37, 'Adamawa (Adamaoua)', 'ADA', 1),
(593, 37, 'Centre', 'CEN', 1),
(594, 37, 'East (Est)', 'EST', 1),
(595, 37, 'Extreme North (Extreme-Nord)', 'EXN', 1),
(596, 37, 'Littoral', 'LIT', 1),
(597, 37, 'North (Nord)', 'NOR', 1),
(598, 37, 'Northwest (Nord-Ouest)', 'NOT', 1),
(599, 37, 'West (Ouest)', 'OUE', 1),
(600, 37, 'South (Sud)', 'SUD', 1),
(601, 37, 'Southwest (Sud-Ouest).', 'SOU', 1),
(602, 38, 'Alberta', 'AB', 1),
(603, 38, 'British Columbia', 'BC', 1),
(604, 38, 'Manitoba', 'MB', 1),
(605, 38, 'New Brunswick', 'NB', 1),
(606, 38, 'Newfoundland and Labrador', 'NL', 1),
(607, 38, 'Northwest Territories', 'NT', 1),
(608, 38, 'Nova Scotia', 'NS', 1),
(609, 38, 'Nunavut', 'NU', 1),
(610, 38, 'Ontario', 'ON', 1),
(611, 38, 'Prince Edward Island', 'PE', 1),
(612, 38, 'Qu&eacute;bec', 'QC', 1),
(613, 38, 'Saskatchewan', 'SK', 1),
(614, 38, 'Yukon Territory', 'YT', 1),
(615, 39, 'Boa Vista', 'BV', 1),
(616, 39, 'Brava', 'BR', 1),
(617, 39, 'Calheta de Sao Miguel', 'CS', 1),
(618, 39, 'Maio', 'MA', 1),
(619, 39, 'Mosteiros', 'MO', 1),
(620, 39, 'Paul', 'PA', 1),
(621, 39, 'Porto Novo', 'PN', 1),
(622, 39, 'Praia', 'PR', 1),
(623, 39, 'Ribeira Grande', 'RG', 1),
(624, 39, 'Sal', 'SL', 1),
(625, 39, 'Santa Catarina', 'CA', 1),
(626, 39, 'Santa Cruz', 'CR', 1),
(627, 39, 'Sao Domingos', 'SD', 1),
(628, 39, 'Sao Filipe', 'SF', 1),
(629, 39, 'Sao Nicolau', 'SN', 1),
(630, 39, 'Sao Vicente', 'SV', 1),
(631, 39, 'Tarrafal', 'TA', 1),
(632, 40, 'Creek', 'CR', 1),
(633, 40, 'Eastern', 'EA', 1),
(634, 40, 'Midland', 'ML', 1),
(635, 40, 'South Town', 'ST', 1),
(636, 40, 'Spot Bay', 'SP', 1),
(637, 40, 'Stake Bay', 'SK', 1),
(638, 40, 'West End', 'WD', 1),
(639, 40, 'Western', 'WN', 1),
(640, 41, 'Bamingui-Bangoran', 'BBA', 1),
(641, 41, 'Basse-Kotto', 'BKO', 1),
(642, 41, 'Haute-Kotto', 'HKO', 1),
(643, 41, 'Haut-Mbomou', 'HMB', 1),
(644, 41, 'Kemo', 'KEM', 1),
(645, 41, 'Lobaye', 'LOB', 1),
(646, 41, 'Mambere-Kade', 'MKD', 1),
(647, 41, 'Mbomou', 'MBO', 1),
(648, 41, 'Nana-Mambere', 'NMM', 1),
(649, 41, 'Ombella-M''Poko', 'OMP', 1),
(650, 41, 'Ouaka', 'OUK', 1),
(651, 41, 'Ouham', 'OUH', 1),
(652, 41, 'Ouham-Pende', 'OPE', 1),
(653, 41, 'Vakaga', 'VAK', 1),
(654, 41, 'Nana-Grebizi', 'NGR', 1),
(655, 41, 'Sangha-Mbaere', 'SMB', 1),
(656, 41, 'Bangui', 'BAN', 1),
(657, 42, 'Batha', 'BA', 1),
(658, 42, 'Biltine', 'BI', 1),
(659, 42, 'Borkou-Ennedi-Tibesti', 'BE', 1),
(660, 42, 'Chari-Baguirmi', 'CB', 1),
(661, 42, 'Guera', 'GU', 1),
(662, 42, 'Kanem', 'KA', 1),
(663, 42, 'Lac', 'LA', 1),
(664, 42, 'Logone Occidental', 'LC', 1),
(665, 42, 'Logone Oriental', 'LR', 1),
(666, 42, 'Mayo-Kebbi', 'MK', 1),
(667, 42, 'Moyen-Chari', 'MC', 1),
(668, 42, 'Ouaddai', 'OU', 1),
(669, 42, 'Salamat', 'SA', 1),
(670, 42, 'Tandjile', 'TA', 1),
(671, 43, 'Aisen del General Carlos Ibanez', 'AI', 1),
(672, 43, 'Antofagasta', 'AN', 1),
(673, 43, 'Araucania', 'AR', 1),
(674, 43, 'Atacama', 'AT', 1),
(675, 43, 'Bio-Bio', 'BI', 1),
(676, 43, 'Coquimbo', 'CO', 1),
(677, 43, 'Libertador General Bernardo O''Hi', 'LI', 1),
(678, 43, 'Los Lagos', 'LL', 1),
(679, 43, 'Magallanes y de la Antartica Chi', 'MA', 1),
(680, 43, 'Maule', 'ML', 1),
(681, 43, 'Region Metropolitana', 'RM', 1),
(682, 43, 'Tarapaca', 'TA', 1),
(683, 43, 'Valparaiso', 'VS', 1),
(684, 44, 'Anhui', 'AN', 1),
(685, 44, 'Beijing', 'BE', 1),
(686, 44, 'Chongqing', 'CH', 1),
(687, 44, 'Fujian', 'FU', 1),
(688, 44, 'Gansu', 'GA', 1),
(689, 44, 'Guangdong', 'GU', 1),
(690, 44, 'Guangxi', 'GX', 1),
(691, 44, 'Guizhou', 'GZ', 1),
(692, 44, 'Hainan', 'HA', 1),
(693, 44, 'Hebei', 'HB', 1),
(694, 44, 'Heilongjiang', 'HL', 1),
(695, 44, 'Henan', 'HE', 1),
(696, 44, 'Hong Kong', 'HK', 1),
(697, 44, 'Hubei', 'HU', 1),
(698, 44, 'Hunan', 'HN', 1),
(699, 44, 'Inner Mongolia', 'IM', 1),
(700, 44, 'Jiangsu', 'JI', 1),
(701, 44, 'Jiangxi', 'JX', 1),
(702, 44, 'Jilin', 'JL', 1),
(703, 44, 'Liaoning', 'LI', 1),
(704, 44, 'Macau', 'MA', 1),
(705, 44, 'Ningxia', 'NI', 1),
(706, 44, 'Shaanxi', 'SH', 1),
(707, 44, 'Shandong', 'SA', 1),
(708, 44, 'Shanghai', 'SG', 1),
(709, 44, 'Shanxi', 'SX', 1),
(710, 44, 'Sichuan', 'SI', 1),
(711, 44, 'Tianjin', 'TI', 1),
(712, 44, 'Xinjiang', 'XI', 1),
(713, 44, 'Yunnan', 'YU', 1),
(714, 44, 'Zhejiang', 'ZH', 1),
(715, 46, 'Direction Island', 'D', 1),
(716, 46, 'Home Island', 'H', 1),
(717, 46, 'Horsburgh Island', 'O', 1),
(718, 46, 'South Island', 'S', 1),
(719, 46, 'West Island', 'W', 1),
(720, 47, 'Amazonas', 'AMZ', 1),
(721, 47, 'Antioquia', 'ANT', 1),
(722, 47, 'Arauca', 'ARA', 1),
(723, 47, 'Atlantico', 'ATL', 1),
(724, 47, 'Bogota D.C.', 'BDC', 1),
(725, 47, 'Bolivar', 'BOL', 1),
(726, 47, 'Boyaca', 'BOY', 1),
(727, 47, 'Caldas', 'CAL', 1),
(728, 47, 'Caqueta', 'CAQ', 1),
(729, 47, 'Casanare', 'CAS', 1),
(730, 47, 'Cauca', 'CAU', 1),
(731, 47, 'Cesar', 'CES', 1),
(732, 47, 'Choco', 'CHO', 1),
(733, 47, 'Cordoba', 'COR', 1),
(734, 47, 'Cundinamarca', 'CAM', 1),
(735, 47, 'Guainia', 'GNA', 1),
(736, 47, 'Guajira', 'GJR', 1),
(737, 47, 'Guaviare', 'GVR', 1),
(738, 47, 'Huila', 'HUI', 1),
(739, 47, 'Magdalena', 'MAG', 1),
(740, 47, 'Meta', 'MET', 1),
(741, 47, 'Narino', 'NAR', 1),
(742, 47, 'Norte de Santander', 'NDS', 1),
(743, 47, 'Putumayo', 'PUT', 1),
(744, 47, 'Quindio', 'QUI', 1),
(745, 47, 'Risaralda', 'RIS', 1),
(746, 47, 'San Andres y Providencia', 'SAP', 1),
(747, 47, 'Santander', 'SAN', 1),
(748, 47, 'Sucre', 'SUC', 1),
(749, 47, 'Tolima', 'TOL', 1),
(750, 47, 'Valle del Cauca', 'VDC', 1),
(751, 47, 'Vaupes', 'VAU', 1),
(752, 47, 'Vichada', 'VIC', 1),
(753, 48, 'Grande Comore', 'G', 1),
(754, 48, 'Anjouan', 'A', 1),
(755, 48, 'Moheli', 'M', 1),
(756, 49, 'Bouenza', 'BO', 1),
(757, 49, 'Brazzaville', 'BR', 1),
(758, 49, 'Cuvette', 'CU', 1),
(759, 49, 'Cuvette-Ouest', 'CO', 1),
(760, 49, 'Kouilou', 'KO', 1),
(761, 49, 'Lekoumou', 'LE', 1),
(762, 49, 'Likouala', 'LI', 1),
(763, 49, 'Niari', 'NI', 1),
(764, 49, 'Plateaux', 'PL', 1),
(765, 49, 'Pool', 'PO', 1),
(766, 49, 'Sangha', 'SA', 1),
(767, 50, 'Pukapuka', 'PU', 1),
(768, 50, 'Rakahanga', 'RK', 1),
(769, 50, 'Manihiki', 'MK', 1),
(770, 50, 'Penrhyn', 'PE', 1),
(771, 50, 'Nassau Island', 'NI', 1),
(772, 50, 'Surwarrow', 'SU', 1),
(773, 50, 'Palmerston', 'PA', 1),
(774, 50, 'Aitutaki', 'AI', 1),
(775, 50, 'Manuae', 'MA', 1),
(776, 50, 'Takutea', 'TA', 1),
(777, 50, 'Mitiaro', 'MT', 1),
(778, 50, 'Atiu', 'AT', 1),
(779, 50, 'Mauke', 'MU', 1),
(780, 50, 'Rarotonga', 'RR', 1),
(781, 50, 'Mangaia', 'MG', 1),
(782, 51, 'Alajuela', 'AL', 1),
(783, 51, 'Cartago', 'CA', 1),
(784, 51, 'Guanacaste', 'GU', 1),
(785, 51, 'Heredia', 'HE', 1),
(786, 51, 'Limon', 'LI', 1),
(787, 51, 'Puntarenas', 'PU', 1),
(788, 51, 'San Jose', 'SJ', 1),
(789, 52, 'Abengourou', 'ABE', 1),
(790, 52, 'Abidjan', 'ABI', 1),
(791, 52, 'Aboisso', 'ABO', 1),
(792, 52, 'Adiake', 'ADI', 1),
(793, 52, 'Adzope', 'ADZ', 1),
(794, 52, 'Agboville', 'AGB', 1),
(795, 52, 'Agnibilekrou', 'AGN', 1),
(796, 52, 'Alepe', 'ALE', 1),
(797, 52, 'Bocanda', 'BOC', 1),
(798, 52, 'Bangolo', 'BAN', 1),
(799, 52, 'Beoumi', 'BEO', 1),
(800, 52, 'Biankouma', 'BIA', 1),
(801, 52, 'Bondoukou', 'BDK', 1),
(802, 52, 'Bongouanou', 'BGN', 1),
(803, 52, 'Bouafle', 'BFL', 1),
(804, 52, 'Bouake', 'BKE', 1),
(805, 52, 'Bouna', 'BNA', 1),
(806, 52, 'Boundiali', 'BDL', 1),
(807, 52, 'Dabakala', 'DKL', 1),
(808, 52, 'Dabou', 'DBU', 1),
(809, 52, 'Daloa', 'DAL', 1),
(810, 52, 'Danane', 'DAN', 1),
(811, 52, 'Daoukro', 'DAO', 1),
(812, 52, 'Dimbokro', 'DIM', 1),
(813, 52, 'Divo', 'DIV', 1),
(814, 52, 'Duekoue', 'DUE', 1),
(815, 52, 'Ferkessedougou', 'FER', 1),
(816, 52, 'Gagnoa', 'GAG', 1),
(817, 52, 'Grand-Bassam', 'GBA', 1),
(818, 52, 'Grand-Lahou', 'GLA', 1),
(819, 52, 'Guiglo', 'GUI', 1),
(820, 52, 'Issia', 'ISS', 1),
(821, 52, 'Jacqueville', 'JAC', 1),
(822, 52, 'Katiola', 'KAT', 1),
(823, 52, 'Korhogo', 'KOR', 1),
(824, 52, 'Lakota', 'LAK', 1),
(825, 52, 'Man', 'MAN', 1),
(826, 52, 'Mankono', 'MKN', 1),
(827, 52, 'Mbahiakro', 'MBA', 1),
(828, 52, 'Odienne', 'ODI', 1),
(829, 52, 'Oume', 'OUM', 1),
(830, 52, 'Sakassou', 'SAK', 1),
(831, 52, 'San-Pedro', 'SPE', 1),
(832, 52, 'Sassandra', 'SAS', 1),
(833, 52, 'Seguela', 'SEG', 1),
(834, 52, 'Sinfra', 'SIN', 1),
(835, 52, 'Soubre', 'SOU', 1),
(836, 52, 'Tabou', 'TAB', 1),
(837, 52, 'Tanda', 'TAN', 1),
(838, 52, 'Tiebissou', 'TIE', 1),
(839, 52, 'Tingrela', 'TIN', 1),
(840, 52, 'Tiassale', 'TIA', 1),
(841, 52, 'Touba', 'TBA', 1),
(842, 52, 'Toulepleu', 'TLP', 1),
(843, 52, 'Toumodi', 'TMD', 1),
(844, 52, 'Vavoua', 'VAV', 1),
(845, 52, 'Yamoussoukro', 'YAM', 1),
(846, 52, 'Zuenoula', 'ZUE', 1),
(847, 53, 'Bjelovar-Bilogora', 'BB', 1),
(848, 53, 'City of Zagreb', 'CZ', 1),
(849, 53, 'Dubrovnik-Neretva', 'DN', 1),
(850, 53, 'Istra', 'IS', 1),
(851, 53, 'Karlovac', 'KA', 1),
(852, 53, 'Koprivnica-Krizevci', 'KK', 1),
(853, 53, 'Krapina-Zagorje', 'KZ', 1),
(854, 53, 'Lika-Senj', 'LS', 1),
(855, 53, 'Medimurje', 'ME', 1),
(856, 53, 'Osijek-Baranja', 'OB', 1),
(857, 53, 'Pozega-Slavonia', 'PS', 1),
(858, 53, 'Primorje-Gorski Kotar', 'PG', 1),
(859, 53, 'Sibenik', 'SI', 1),
(860, 53, 'Sisak-Moslavina', 'SM', 1),
(861, 53, 'Slavonski Brod-Posavina', 'SB', 1),
(862, 53, 'Split-Dalmatia', 'SD', 1),
(863, 53, 'Varazdin', 'VA', 1),
(864, 53, 'Virovitica-Podravina', 'VP', 1),
(865, 53, 'Vukovar-Srijem', 'VS', 1),
(866, 53, 'Zadar-Knin', 'ZK', 1),
(867, 53, 'Zagreb', 'ZA', 1),
(868, 54, 'Camaguey', 'CA', 1),
(869, 54, 'Ciego de Avila', 'CD', 1),
(870, 54, 'Cienfuegos', 'CI', 1),
(871, 54, 'Ciudad de La Habana', 'CH', 1),
(872, 54, 'Granma', 'GR', 1),
(873, 54, 'Guantanamo', 'GU', 1),
(874, 54, 'Holguin', 'HO', 1),
(875, 54, 'Isla de la Juventud', 'IJ', 1),
(876, 54, 'La Habana', 'LH', 1),
(877, 54, 'Las Tunas', 'LT', 1),
(878, 54, 'Matanzas', 'MA', 1),
(879, 54, 'Pinar del Rio', 'PR', 1),
(880, 54, 'Sancti Spiritus', 'SS', 1),
(881, 54, 'Santiago de Cuba', 'SC', 1),
(882, 54, 'Villa Clara', 'VC', 1),
(883, 55, 'Famagusta', 'F', 1),
(884, 55, 'Kyrenia', 'K', 1),
(885, 55, 'Larnaca', 'A', 1),
(886, 55, 'Limassol', 'I', 1),
(887, 55, 'Nicosia', 'N', 1),
(888, 55, 'Paphos', 'P', 1),
(889, 56, 'steck', 'U', 1),
(890, 56, 'Jihoesk', 'C', 1),
(891, 56, 'Jihomoravsk', 'B', 1),
(892, 56, 'Karlovarsk', 'K', 1),
(893, 56, 'Krlovehradeck', 'H', 1),
(894, 56, 'Libereck', 'L', 1),
(895, 56, 'Moravskoslezsk', 'T', 1),
(896, 56, 'Olomouck', 'M', 1),
(897, 56, 'Pardubick', 'E', 1),
(898, 56, 'Plzesk', 'P', 1),
(899, 56, 'Praha', 'A', 1),
(900, 56, 'Stedoesk', 'S', 1),
(901, 56, 'Vysoina', 'J', 1),
(902, 56, 'Zlnsk', 'Z', 1),
(903, 57, 'Arhus', 'AR', 1),
(904, 57, 'Bornholm', 'BH', 1),
(905, 57, 'Copenhagen', 'CO', 1),
(906, 57, 'Faroe Islands', 'FO', 1),
(907, 57, 'Frederiksborg', 'FR', 1),
(908, 57, 'Fyn', 'FY', 1),
(909, 57, 'Kobenhavn', 'KO', 1),
(910, 57, 'Nordjylland', 'NO', 1),
(911, 57, 'Ribe', 'RI', 1),
(912, 57, 'Ringkobing', 'RK', 1),
(913, 57, 'Roskilde', 'RO', 1),
(914, 57, 'Sonderjylland', 'SO', 1),
(915, 57, 'Storstrom', 'ST', 1),
(916, 57, 'Vejle', 'VK', 1),
(917, 57, 'Vestj&aelig;lland', 'VJ', 1),
(918, 57, 'Viborg', 'VB', 1),
(919, 58, '''Ali Sabih', 'S', 1),
(920, 58, 'Dikhil', 'K', 1),
(921, 58, 'Djibouti', 'J', 1),
(922, 58, 'Obock', 'O', 1),
(923, 58, 'Tadjoura', 'T', 1),
(924, 59, 'Saint Andrew Parish', 'AND', 1),
(925, 59, 'Saint David Parish', 'DAV', 1),
(926, 59, 'Saint George Parish', 'GEO', 1),
(927, 59, 'Saint John Parish', 'JOH', 1),
(928, 59, 'Saint Joseph Parish', 'JOS', 1),
(929, 59, 'Saint Luke Parish', 'LUK', 1),
(930, 59, 'Saint Mark Parish', 'MAR', 1),
(931, 59, 'Saint Patrick Parish', 'PAT', 1),
(932, 59, 'Saint Paul Parish', 'PAU', 1),
(933, 59, 'Saint Peter Parish', 'PET', 1),
(934, 60, 'Distrito Nacional', 'DN', 1),
(935, 60, 'Azua', 'AZ', 1),
(936, 60, 'Baoruco', 'BC', 1),
(937, 60, 'Barahona', 'BH', 1),
(938, 60, 'Dajabon', 'DJ', 1),
(939, 60, 'Duarte', 'DU', 1),
(940, 60, 'Elias Pina', 'EL', 1),
(941, 60, 'El Seybo', 'SY', 1),
(942, 60, 'Espaillat', 'ET', 1),
(943, 60, 'Hato Mayor', 'HM', 1),
(944, 60, 'Independencia', 'IN', 1),
(945, 60, 'La Altagracia', 'AL', 1),
(946, 60, 'La Romana', 'RO', 1),
(947, 60, 'La Vega', 'VE', 1),
(948, 60, 'Maria Trinidad Sanchez', 'MT', 1),
(949, 60, 'Monsenor Nouel', 'MN', 1),
(950, 60, 'Monte Cristi', 'MC', 1),
(951, 60, 'Monte Plata', 'MP', 1),
(952, 60, 'Pedernales', 'PD', 1),
(953, 60, 'Peravia (Bani)', 'PR', 1),
(954, 60, 'Puerto Plata', 'PP', 1),
(955, 60, 'Salcedo', 'SL', 1),
(956, 60, 'Samana', 'SM', 1),
(957, 60, 'Sanchez Ramirez', 'SH', 1),
(958, 60, 'San Cristobal', 'SC', 1),
(959, 60, 'San Jose de Ocoa', 'JO', 1),
(960, 60, 'San Juan', 'SJ', 1),
(961, 60, 'San Pedro de Macoris', 'PM', 1),
(962, 60, 'Santiago', 'SA', 1),
(963, 60, 'Santiago Rodriguez', 'ST', 1),
(964, 60, 'Santo Domingo', 'SD', 1),
(965, 60, 'Valverde', 'VA', 1),
(966, 61, 'Aileu', 'AL', 1),
(967, 61, 'Ainaro', 'AN', 1),
(968, 61, 'Baucau', 'BA', 1),
(969, 61, 'Bobonaro', 'BO', 1),
(970, 61, 'Cova Lima', 'CO', 1),
(971, 61, 'Dili', 'DI', 1),
(972, 61, 'Ermera', 'ER', 1),
(973, 61, 'Lautem', 'LA', 1),
(974, 61, 'Liquica', 'LI', 1),
(975, 61, 'Manatuto', 'MT', 1),
(976, 61, 'Manufahi', 'MF', 1),
(977, 61, 'Oecussi', 'OE', 1),
(978, 61, 'Viqueque', 'VI', 1),
(979, 62, 'Azuay', 'AZU', 1),
(980, 62, 'Bolivar', 'BOL', 1),
(981, 62, 'Ca&ntilde;ar', 'CAN', 1),
(982, 62, 'Carchi', 'CAR', 1),
(983, 62, 'Chimborazo', 'CHI', 1),
(984, 62, 'Cotopaxi', 'COT', 1),
(985, 62, 'El Oro', 'EOR', 1),
(986, 62, 'Esmeraldas', 'ESM', 1),
(987, 62, 'Gal&aacute;pagos', 'GPS', 1),
(988, 62, 'Guayas', 'GUA', 1),
(989, 62, 'Imbabura', 'IMB', 1),
(990, 62, 'Loja', 'LOJ', 1),
(991, 62, 'Los Rios', 'LRO', 1),
(992, 62, 'Manab&iacute;', 'MAN', 1),
(993, 62, 'Morona Santiago', 'MSA', 1),
(994, 62, 'Napo', 'NAP', 1),
(995, 62, 'Orellana', 'ORE', 1),
(996, 62, 'Pastaza', 'PAS', 1),
(997, 62, 'Pichincha', 'PIC', 1),
(998, 62, 'Sucumb&iacute;os', 'SUC', 1),
(999, 62, 'Tungurahua', 'TUN', 1),
(1000, 62, 'Zamora Chinchipe', 'ZCH', 1),
(1001, 63, 'Ad Daqahliyah', 'DHY', 1),
(1002, 63, 'Al Bahr al Ahmar', 'BAM', 1),
(1003, 63, 'Al Buhayrah', 'BHY', 1),
(1004, 63, 'Al Fayyum', 'FYM', 1),
(1005, 63, 'Al Gharbiyah', 'GBY', 1),
(1006, 63, 'Al Iskandariyah', 'IDR', 1),
(1007, 63, 'Al Isma''iliyah', 'IML', 1),
(1008, 63, 'Al Jizah', 'JZH', 1),
(1009, 63, 'Al Minufiyah', 'MFY', 1),
(1010, 63, 'Al Minya', 'MNY', 1),
(1011, 63, 'Al Qahirah', 'QHR', 1),
(1012, 63, 'Al Qalyubiyah', 'QLY', 1),
(1013, 63, 'Al Wadi al Jadid', 'WJD', 1),
(1014, 63, 'Ash Sharqiyah', 'SHQ', 1),
(1015, 63, 'As Suways', 'SWY', 1),
(1016, 63, 'Aswan', 'ASW', 1),
(1017, 63, 'Asyut', 'ASY', 1),
(1018, 63, 'Bani Suwayf', 'BSW', 1),
(1019, 63, 'Bur Sa''id', 'BSD', 1),
(1020, 63, 'Dumyat', 'DMY', 1),
(1021, 63, 'Janub Sina''', 'JNS', 1),
(1022, 63, 'Kafr ash Shaykh', 'KSH', 1),
(1023, 63, 'Matruh', 'MAT', 1),
(1024, 63, 'Qina', 'QIN', 1),
(1025, 63, 'Shamal Sina''', 'SHS', 1),
(1026, 63, 'Suhaj', 'SUH', 1),
(1027, 64, 'Ahuachapan', 'AH', 1),
(1028, 64, 'Cabanas', 'CA', 1),
(1029, 64, 'Chalatenango', 'CH', 1),
(1030, 64, 'Cuscatlan', 'CU', 1),
(1031, 64, 'La Libertad', 'LB', 1),
(1032, 64, 'La Paz', 'PZ', 1),
(1033, 64, 'La Union', 'UN', 1),
(1034, 64, 'Morazan', 'MO', 1),
(1035, 64, 'San Miguel', 'SM', 1),
(1036, 64, 'San Salvador', 'SS', 1),
(1037, 64, 'San Vicente', 'SV', 1),
(1038, 64, 'Santa Ana', 'SA', 1),
(1039, 64, 'Sonsonate', 'SO', 1),
(1040, 64, 'Usulutan', 'US', 1),
(1041, 65, 'Provincia Annobon', 'AN', 1),
(1042, 65, 'Provincia Bioko Norte', 'BN', 1),
(1043, 65, 'Provincia Bioko Sur', 'BS', 1),
(1044, 65, 'Provincia Centro Sur', 'CS', 1),
(1045, 65, 'Provincia Kie-Ntem', 'KN', 1),
(1046, 65, 'Provincia Litoral', 'LI', 1),
(1047, 65, 'Provincia Wele-Nzas', 'WN', 1),
(1048, 66, 'Central (Maekel)', 'MA', 1),
(1049, 66, 'Anseba (Keren)', 'KE', 1),
(1050, 66, 'Southern Red Sea (Debub-Keih-Bahri)', 'DK', 1),
(1051, 66, 'Northern Red Sea (Semien-Keih-Bahri)', 'SK', 1),
(1052, 66, 'Southern (Debub)', 'DE', 1),
(1053, 66, 'Gash-Barka (Barentu)', 'BR', 1),
(1054, 67, 'Harjumaa (Tallinn)', 'HA', 1),
(1055, 67, 'Hiiumaa (Kardla)', 'HI', 1),
(1056, 67, 'Ida-Virumaa (Johvi)', 'IV', 1),
(1057, 67, 'Jarvamaa (Paide)', 'JA', 1),
(1058, 67, 'Jogevamaa (Jogeva)', 'JO', 1),
(1059, 67, 'Laane-Virumaa (Rakvere)', 'LV', 1),
(1060, 67, 'Laanemaa (Haapsalu)', 'LA', 1),
(1061, 67, 'Parnumaa (Parnu)', 'PA', 1),
(1062, 67, 'Polvamaa (Polva)', 'PO', 1),
(1063, 67, 'Raplamaa (Rapla)', 'RA', 1),
(1064, 67, 'Saaremaa (Kuessaare)', 'SA', 1),
(1065, 67, 'Tartumaa (Tartu)', 'TA', 1),
(1066, 67, 'Valgamaa (Valga)', 'VA', 1),
(1067, 67, 'Viljandimaa (Viljandi)', 'VI', 1),
(1068, 67, 'Vorumaa (Voru)', 'VO', 1),
(1069, 68, 'Afar', 'AF', 1),
(1070, 68, 'Amhara', 'AH', 1),
(1071, 68, 'Benishangul-Gumaz', 'BG', 1),
(1072, 68, 'Gambela', 'GB', 1),
(1073, 68, 'Hariai', 'HR', 1),
(1074, 68, 'Oromia', 'OR', 1),
(1075, 68, 'Somali', 'SM', 1),
(1076, 68, 'Southern Nations - Nationalities and Peoples Region', 'SN', 1),
(1077, 68, 'Tigray', 'TG', 1),
(1078, 68, 'Addis Ababa', 'AA', 1),
(1079, 68, 'Dire Dawa', 'DD', 1),
(1080, 71, 'Central Division', 'C', 1),
(1081, 71, 'Northern Division', 'N', 1),
(1082, 71, 'Eastern Division', 'E', 1),
(1083, 71, 'Western Division', 'W', 1),
(1084, 71, 'Rotuma', 'R', 1),
(1085, 72, 'Ahvenanmaan Laani', 'AL', 1),
(1086, 72, 'Etela-Suomen Laani', 'ES', 1),
(1087, 72, 'Ita-Suomen Laani', 'IS', 1),
(1088, 72, 'Lansi-Suomen Laani', 'LS', 1),
(1089, 72, 'Lapin Lanani', 'LA', 1),
(1090, 72, 'Oulun Laani', 'OU', 1),
(1114, 74, 'Ain', '01', 1),
(1115, 74, 'Aisne', '02', 1),
(1116, 74, 'Allier', '03', 1),
(1117, 74, 'Alpes de Haute Provence', '04', 1),
(1118, 74, 'Hautes-Alpes', '05', 1),
(1119, 74, 'Alpes Maritimes', '06', 1),
(1120, 74, 'Ard&egrave;che', '07', 1),
(1121, 74, 'Ardennes', '08', 1),
(1122, 74, 'Ari&egrave;ge', '09', 1),
(1123, 74, 'Aube', '10', 1),
(1124, 74, 'Aude', '11', 1),
(1125, 74, 'Aveyron', '12', 1),
(1126, 74, 'Bouches du Rh&ocirc;ne', '13', 1),
(1127, 74, 'Calvados', '14', 1),
(1128, 74, 'Cantal', '15', 1),
(1129, 74, 'Charente', '16', 1),
(1130, 74, 'Charente Maritime', '17', 1),
(1131, 74, 'Cher', '18', 1),
(1132, 74, 'Corr&egrave;ze', '19', 1),
(1133, 74, 'Corse du Sud', '2A', 1),
(1134, 74, 'Haute Corse', '2B', 1),
(1135, 74, 'C&ocirc;te d&#039;or', '21', 1),
(1136, 74, 'C&ocirc;tes d&#039;Armor', '22', 1),
(1137, 74, 'Creuse', '23', 1),
(1138, 74, 'Dordogne', '24', 1),
(1139, 74, 'Doubs', '25', 1),
(1140, 74, 'Dr&ocirc;me', '26', 1),
(1141, 74, 'Eure', '27', 1),
(1142, 74, 'Eure et Loir', '28', 1),
(1143, 74, 'Finist&egrave;re', '29', 1),
(1144, 74, 'Gard', '30', 1),
(1145, 74, 'Haute Garonne', '31', 1),
(1146, 74, 'Gers', '32', 1),
(1147, 74, 'Gironde', '33', 1),
(1148, 74, 'H&eacute;rault', '34', 1),
(1149, 74, 'Ille et Vilaine', '35', 1),
(1150, 74, 'Indre', '36', 1),
(1151, 74, 'Indre et Loire', '37', 1),
(1152, 74, 'Is&eacute;re', '38', 1),
(1153, 74, 'Jura', '39', 1),
(1154, 74, 'Landes', '40', 1),
(1155, 74, 'Loir et Cher', '41', 1),
(1156, 74, 'Loire', '42', 1),
(1157, 74, 'Haute Loire', '43', 1),
(1158, 74, 'Loire Atlantique', '44', 1),
(1159, 74, 'Loiret', '45', 1),
(1160, 74, 'Lot', '46', 1),
(1161, 74, 'Lot et Garonne', '47', 1),
(1162, 74, 'Loz&egrave;re', '48', 1),
(1163, 74, 'Maine et Loire', '49', 1),
(1164, 74, 'Manche', '50', 1),
(1165, 74, 'Marne', '51', 1),
(1166, 74, 'Haute Marne', '52', 1),
(1167, 74, 'Mayenne', '53', 1),
(1168, 74, 'Meurthe et Moselle', '54', 1),
(1169, 74, 'Meuse', '55', 1),
(1170, 74, 'Morbihan', '56', 1),
(1171, 74, 'Moselle', '57', 1),
(1172, 74, 'Ni&egrave;vre', '58', 1),
(1173, 74, 'Nord', '59', 1),
(1174, 74, 'Oise', '60', 1),
(1175, 74, 'Orne', '61', 1),
(1176, 74, 'Pas de Calais', '62', 1),
(1177, 74, 'Puy de D&ocirc;me', '63', 1),
(1178, 74, 'Pyr&eacute;n&eacute;es Atlantiques', '64', 1),
(1179, 74, 'Hautes Pyr&eacute;n&eacute;es', '65', 1),
(1180, 74, 'Pyr&eacute;n&eacute;es Orientales', '66', 1),
(1181, 74, 'Bas Rhin', '67', 1),
(1182, 74, 'Haut Rhin', '68', 1),
(1183, 74, 'Rh&ocirc;ne', '69', 1),
(1184, 74, 'Haute Sa&ocirc;ne', '70', 1),
(1185, 74, 'Sa&ocirc;ne et Loire', '71', 1),
(1186, 74, 'Sarthe', '72', 1),
(1187, 74, 'Savoie', '73', 1),
(1188, 74, 'Haute Savoie', '74', 1),
(1189, 74, 'Paris', '75', 1),
(1190, 74, 'Seine Maritime', '76', 1),
(1191, 74, 'Seine et Marne', '77', 1),
(1192, 74, 'Yvelines', '78', 1),
(1193, 74, 'Deux S&egrave;vres', '79', 1),
(1194, 74, 'Somme', '80', 1),
(1195, 74, 'Tarn', '81', 1),
(1196, 74, 'Tarn et Garonne', '82', 1),
(1197, 74, 'Var', '83', 1),
(1198, 74, 'Vaucluse', '84', 1),
(1199, 74, 'Vend&eacute;e', '85', 1),
(1200, 74, 'Vienne', '86', 1),
(1201, 74, 'Haute Vienne', '87', 1),
(1202, 74, 'Vosges', '88', 1),
(1203, 74, 'Yonne', '89', 1),
(1204, 74, 'Territoire de Belfort', '90', 1),
(1205, 74, 'Essonne', '91', 1),
(1206, 74, 'Hauts de Seine', '92', 1),
(1207, 74, 'Seine St-Denis', '93', 1),
(1208, 74, 'Val de Marne', '94', 1),
(1209, 74, 'Val d''Oise', '95', 1),
(1210, 76, 'Archipel des Marquises', 'M', 1),
(1211, 76, 'Archipel des Tuamotu', 'T', 1),
(1212, 76, 'Archipel des Tubuai', 'I', 1),
(1213, 76, 'Iles du Vent', 'V', 1),
(1214, 76, 'Iles Sous-le-Vent', 'S', 1),
(1215, 77, 'Iles Crozet', 'C', 1),
(1216, 77, 'Iles Kerguelen', 'K', 1),
(1217, 77, 'Ile Amsterdam', 'A', 1),
(1218, 77, 'Ile Saint-Paul', 'P', 1),
(1219, 77, 'Adelie Land', 'D', 1),
(1220, 78, 'Estuaire', 'ES', 1),
(1221, 78, 'Haut-Ogooue', 'HO', 1),
(1222, 78, 'Moyen-Ogooue', 'MO', 1),
(1223, 78, 'Ngounie', 'NG', 1),
(1224, 78, 'Nyanga', 'NY', 1),
(1225, 78, 'Ogooue-Ivindo', 'OI', 1),
(1226, 78, 'Ogooue-Lolo', 'OL', 1),
(1227, 78, 'Ogooue-Maritime', 'OM', 1),
(1228, 78, 'Woleu-Ntem', 'WN', 1),
(1229, 79, 'Banjul', 'BJ', 1),
(1230, 79, 'Basse', 'BS', 1),
(1231, 79, 'Brikama', 'BR', 1),
(1232, 79, 'Janjangbure', 'JA', 1),
(1233, 79, 'Kanifeng', 'KA', 1),
(1234, 79, 'Kerewan', 'KE', 1),
(1235, 79, 'Kuntaur', 'KU', 1),
(1236, 79, 'Mansakonko', 'MA', 1),
(1237, 79, 'Lower River', 'LR', 1),
(1238, 79, 'Central River', 'CR', 1),
(1239, 79, 'North Bank', 'NB', 1),
(1240, 79, 'Upper River', 'UR', 1),
(1241, 79, 'Western', 'WE', 1),
(1242, 80, 'Abkhazia', 'AB', 1),
(1243, 80, 'Ajaria', 'AJ', 1),
(1244, 80, 'Tbilisi', 'TB', 1),
(1245, 80, 'Guria', 'GU', 1),
(1246, 80, 'Imereti', 'IM', 1),
(1247, 80, 'Kakheti', 'KA', 1),
(1248, 80, 'Kvemo Kartli', 'KK', 1),
(1249, 80, 'Mtskheta-Mtianeti', 'MM', 1),
(1250, 80, 'Racha Lechkhumi and Kvemo Svanet', 'RL', 1),
(1251, 80, 'Samegrelo-Zemo Svaneti', 'SZ', 1),
(1252, 80, 'Samtskhe-Javakheti', 'SJ', 1),
(1253, 80, 'Shida Kartli', 'SK', 1),
(1254, 81, 'Baden-W&uuml;rttemberg', 'BAW', 1),
(1255, 81, 'Bayern', 'BAY', 1),
(1256, 81, 'Berlin', 'BER', 1),
(1257, 81, 'Brandenburg', 'BRG', 1),
(1258, 81, 'Bremen', 'BRE', 1),
(1259, 81, 'Hamburg', 'HAM', 1),
(1260, 81, 'Hessen', 'HES', 1),
(1261, 81, 'Mecklenburg-Vorpommern', 'MEC', 1),
(1262, 81, 'Niedersachsen', 'NDS', 1),
(1263, 81, 'Nordrhein-Westfalen', 'NRW', 1),
(1264, 81, 'Rheinland-Pfalz', 'RHE', 1),
(1265, 81, 'Saarland', 'SAR', 1),
(1266, 81, 'Sachsen', 'SAS', 1),
(1267, 81, 'Sachsen-Anhalt', 'SAC', 1),
(1268, 81, 'Schleswig-Holstein', 'SCN', 1),
(1269, 81, 'Th&uuml;ringen', 'THE', 1),
(1270, 82, 'Ashanti Region', 'AS', 1),
(1271, 82, 'Brong-Ahafo Region', 'BA', 1),
(1272, 82, 'Central Region', 'CE', 1),
(1273, 82, 'Eastern Region', 'EA', 1),
(1274, 82, 'Greater Accra Region', 'GA', 1),
(1275, 82, 'Northern Region', 'NO', 1),
(1276, 82, 'Upper East Region', 'UE', 1),
(1277, 82, 'Upper West Region', 'UW', 1),
(1278, 82, 'Volta Region', 'VO', 1),
(1279, 82, 'Western Region', 'WE', 1),
(1280, 84, 'Attica', 'AT', 1),
(1281, 84, 'Central Greece', 'CN', 1),
(1282, 84, 'Central Macedonia', 'CM', 1),
(1283, 84, 'Crete', 'CR', 1),
(1284, 84, 'East Macedonia and Thrace', 'EM', 1),
(1285, 84, 'Epirus', 'EP', 1),
(1286, 84, 'Ionian Islands', 'II', 1),
(1287, 84, 'North Aegean', 'NA', 1),
(1288, 84, 'Peloponnesos', 'PP', 1),
(1289, 84, 'South Aegean', 'SA', 1),
(1290, 84, 'Thessaly', 'TH', 1),
(1291, 84, 'West Greece', 'WG', 1),
(1292, 84, 'West Macedonia', 'WM', 1),
(1293, 85, 'Avannaa', 'A', 1),
(1294, 85, 'Tunu', 'T', 1),
(1295, 85, 'Kitaa', 'K', 1),
(1296, 86, 'Saint Andrew', 'A', 1),
(1297, 86, 'Saint David', 'D', 1),
(1298, 86, 'Saint George', 'G', 1),
(1299, 86, 'Saint John', 'J', 1),
(1300, 86, 'Saint Mark', 'M', 1),
(1301, 86, 'Saint Patrick', 'P', 1),
(1302, 86, 'Carriacou', 'C', 1),
(1303, 86, 'Petit Martinique', 'Q', 1),
(1304, 89, 'Alta Verapaz', 'AV', 1),
(1305, 89, 'Baja Verapaz', 'BV', 1),
(1306, 89, 'Chimaltenango', 'CM', 1),
(1307, 89, 'Chiquimula', 'CQ', 1),
(1308, 89, 'El Peten', 'PE', 1),
(1309, 89, 'El Progreso', 'PR', 1),
(1310, 89, 'El Quiche', 'QC', 1),
(1311, 89, 'Escuintla', 'ES', 1),
(1312, 89, 'Guatemala', 'GU', 1),
(1313, 89, 'Huehuetenango', 'HU', 1),
(1314, 89, 'Izabal', 'IZ', 1),
(1315, 89, 'Jalapa', 'JA', 1),
(1316, 89, 'Jutiapa', 'JU', 1),
(1317, 89, 'Quetzaltenango', 'QZ', 1),
(1318, 89, 'Retalhuleu', 'RE', 1),
(1319, 89, 'Sacatepequez', 'ST', 1),
(1320, 89, 'San Marcos', 'SM', 1),
(1321, 89, 'Santa Rosa', 'SR', 1),
(1322, 89, 'Solola', 'SO', 1),
(1323, 89, 'Suchitepequez', 'SU', 1),
(1324, 89, 'Totonicapan', 'TO', 1),
(1325, 89, 'Zacapa', 'ZA', 1),
(1326, 90, 'Conakry', 'CNK', 1),
(1327, 90, 'Beyla', 'BYL', 1),
(1328, 90, 'Boffa', 'BFA', 1),
(1329, 90, 'Boke', 'BOK', 1),
(1330, 90, 'Coyah', 'COY', 1),
(1331, 90, 'Dabola', 'DBL', 1),
(1332, 90, 'Dalaba', 'DLB', 1),
(1333, 90, 'Dinguiraye', 'DGR', 1),
(1334, 90, 'Dubreka', 'DBR', 1),
(1335, 90, 'Faranah', 'FRN', 1),
(1336, 90, 'Forecariah', 'FRC', 1),
(1337, 90, 'Fria', 'FRI', 1),
(1338, 90, 'Gaoual', 'GAO', 1),
(1339, 90, 'Gueckedou', 'GCD', 1),
(1340, 90, 'Kankan', 'KNK', 1),
(1341, 90, 'Kerouane', 'KRN', 1),
(1342, 90, 'Kindia', 'KND', 1),
(1343, 90, 'Kissidougou', 'KSD', 1),
(1344, 90, 'Koubia', 'KBA', 1),
(1345, 90, 'Koundara', 'KDA', 1),
(1346, 90, 'Kouroussa', 'KRA', 1),
(1347, 90, 'Labe', 'LAB', 1),
(1348, 90, 'Lelouma', 'LLM', 1),
(1349, 90, 'Lola', 'LOL', 1),
(1350, 90, 'Macenta', 'MCT', 1),
(1351, 90, 'Mali', 'MAL', 1),
(1352, 90, 'Mamou', 'MAM', 1),
(1353, 90, 'Mandiana', 'MAN', 1),
(1354, 90, 'Nzerekore', 'NZR', 1),
(1355, 90, 'Pita', 'PIT', 1),
(1356, 90, 'Siguiri', 'SIG', 1),
(1357, 90, 'Telimele', 'TLM', 1),
(1358, 90, 'Tougue', 'TOG', 1),
(1359, 90, 'Yomou', 'YOM', 1),
(1360, 91, 'Bafata Region', 'BF', 1),
(1361, 91, 'Biombo Region', 'BB', 1),
(1362, 91, 'Bissau Region', 'BS', 1),
(1363, 91, 'Bolama Region', 'BL', 1),
(1364, 91, 'Cacheu Region', 'CA', 1),
(1365, 91, 'Gabu Region', 'GA', 1),
(1366, 91, 'Oio Region', 'OI', 1),
(1367, 91, 'Quinara Region', 'QU', 1),
(1368, 91, 'Tombali Region', 'TO', 1),
(1369, 92, 'Barima-Waini', 'BW', 1),
(1370, 92, 'Cuyuni-Mazaruni', 'CM', 1),
(1371, 92, 'Demerara-Mahaica', 'DM', 1),
(1372, 92, 'East Berbice-Corentyne', 'EC', 1),
(1373, 92, 'Essequibo Islands-West Demerara', 'EW', 1),
(1374, 92, 'Mahaica-Berbice', 'MB', 1),
(1375, 92, 'Pomeroon-Supenaam', 'PM', 1),
(1376, 92, 'Potaro-Siparuni', 'PI', 1),
(1377, 92, 'Upper Demerara-Berbice', 'UD', 1),
(1378, 92, 'Upper Takutu-Upper Essequibo', 'UT', 1),
(1379, 93, 'Artibonite', 'AR', 1),
(1380, 93, 'Centre', 'CE', 1),
(1381, 93, 'Grand''Anse', 'GA', 1),
(1382, 93, 'Nord', 'ND', 1),
(1383, 93, 'Nord-Est', 'NE', 1),
(1384, 93, 'Nord-Ouest', 'NO', 1),
(1385, 93, 'Ouest', 'OU', 1),
(1386, 93, 'Sud', 'SD', 1),
(1387, 93, 'Sud-Est', 'SE', 1),
(1388, 94, 'Flat Island', 'F', 1),
(1389, 94, 'McDonald Island', 'M', 1),
(1390, 94, 'Shag Island', 'S', 1),
(1391, 94, 'Heard Island', 'H', 1),
(1392, 95, 'Atlantida', 'AT', 1),
(1393, 95, 'Choluteca', 'CH', 1),
(1394, 95, 'Colon', 'CL', 1),
(1395, 95, 'Comayagua', 'CM', 1),
(1396, 95, 'Copan', 'CP', 1),
(1397, 95, 'Cortes', 'CR', 1),
(1398, 95, 'El Paraiso', 'PA', 1),
(1399, 95, 'Francisco Morazan', 'FM', 1),
(1400, 95, 'Gracias a Dios', 'GD', 1),
(1401, 95, 'Intibuca', 'IN', 1),
(1402, 95, 'Islas de la Bahia (Bay Islands)', 'IB', 1),
(1403, 95, 'La Paz', 'PZ', 1),
(1404, 95, 'Lempira', 'LE', 1),
(1405, 95, 'Ocotepeque', 'OC', 1),
(1406, 95, 'Olancho', 'OL', 1),
(1407, 95, 'Santa Barbara', 'SB', 1),
(1408, 95, 'Valle', 'VA', 1),
(1409, 95, 'Yoro', 'YO', 1),
(1410, 96, 'Central and Western Hong Kong Island', 'HCW', 1),
(1411, 96, 'Eastern Hong Kong Island', 'HEA', 1),
(1412, 96, 'Southern Hong Kong Island', 'HSO', 1),
(1413, 96, 'Wan Chai Hong Kong Island', 'HWC', 1),
(1414, 96, 'Kowloon City Kowloon', 'KKC', 1),
(1415, 96, 'Kwun Tong Kowloon', 'KKT', 1),
(1416, 96, 'Sham Shui Po Kowloon', 'KSS', 1),
(1417, 96, 'Wong Tai Sin Kowloon', 'KWT', 1),
(1418, 96, 'Yau Tsim Mong Kowloon', 'KYT', 1),
(1419, 96, 'Islands New Territories', 'NIS', 1),
(1420, 96, 'Kwai Tsing New Territories', 'NKT', 1),
(1421, 96, 'North New Territories', 'NNO', 1),
(1422, 96, 'Sai Kung New Territories', 'NSK', 1),
(1423, 96, 'Sha Tin New Territories', 'NST', 1),
(1424, 96, 'Tai Po New Territories', 'NTP', 1),
(1425, 96, 'Tsuen Wan New Territories', 'NTW', 1),
(1426, 96, 'Tuen Mun New Territories', 'NTM', 1),
(1427, 96, 'Yuen Long New Territories', 'NYL', 1),
(1428, 97, 'Bacs-Kiskun', 'BK', 1),
(1429, 97, 'Baranya', 'BA', 1),
(1430, 97, 'Bekes', 'BE', 1),
(1431, 97, 'Bekescsaba', 'BS', 1),
(1432, 97, 'Borsod-Abauj-Zemplen', 'BZ', 1),
(1433, 97, 'Budapest', 'BU', 1),
(1434, 97, 'Csongrad', 'CS', 1),
(1435, 97, 'Debrecen', 'DE', 1),
(1436, 97, 'Dunaujvaros', 'DU', 1),
(1437, 97, 'Eger', 'EG', 1),
(1438, 97, 'Fejer', 'FE', 1),
(1439, 97, 'Gyor', 'GY', 1),
(1440, 97, 'Gyor-Moson-Sopron', 'GM', 1),
(1441, 97, 'Hajdu-Bihar', 'HB', 1),
(1442, 97, 'Heves', 'HE', 1),
(1443, 97, 'Hodmezovasarhely', 'HO', 1),
(1444, 97, 'Jasz-Nagykun-Szolnok', 'JN', 1),
(1445, 97, 'Kaposvar', 'KA', 1),
(1446, 97, 'Kecskemet', 'KE', 1),
(1447, 97, 'Komarom-Esztergom', 'KO', 1),
(1448, 97, 'Miskolc', 'MI', 1),
(1449, 97, 'Nagykanizsa', 'NA', 1),
(1450, 97, 'Nograd', 'NO', 1),
(1451, 97, 'Nyiregyhaza', 'NY', 1),
(1452, 97, 'Pecs', 'PE', 1),
(1453, 97, 'Pest', 'PS', 1),
(1454, 97, 'Somogy', 'SO', 1),
(1455, 97, 'Sopron', 'SP', 1),
(1456, 97, 'Szabolcs-Szatmar-Bereg', 'SS', 1),
(1457, 97, 'Szeged', 'SZ', 1),
(1458, 97, 'Szekesfehervar', 'SE', 1),
(1459, 97, 'Szolnok', 'SL', 1),
(1460, 97, 'Szombathely', 'SM', 1),
(1461, 97, 'Tatabanya', 'TA', 1),
(1462, 97, 'Tolna', 'TO', 1),
(1463, 97, 'Vas', 'VA', 1),
(1464, 97, 'Veszprem', 'VE', 1),
(1465, 97, 'Zala', 'ZA', 1),
(1466, 97, 'Zalaegerszeg', 'ZZ', 1),
(1467, 98, 'Austurland', 'AL', 1),
(1468, 98, 'Hofuoborgarsvaeoi', 'HF', 1),
(1469, 98, 'Norourland eystra', 'NE', 1),
(1470, 98, 'Norourland vestra', 'NV', 1),
(1471, 98, 'Suourland', 'SL', 1),
(1472, 98, 'Suournes', 'SN', 1),
(1473, 98, 'Vestfiroir', 'VF', 1),
(1474, 98, 'Vesturland', 'VL', 1),
(1475, 99, 'Andaman and Nicobar Islands', 'AN', 1),
(1476, 99, 'Andhra Pradesh', 'AP', 1),
(1477, 99, 'Arunachal Pradesh', 'AR', 1),
(1478, 99, 'Assam', 'AS', 1),
(1479, 99, 'Bihar', 'BI', 1),
(1480, 99, 'Chandigarh', 'CH', 1),
(1481, 99, 'Dadra and Nagar Haveli', 'DA', 1),
(1482, 99, 'Daman and Diu', 'DM', 1),
(1483, 99, 'Delhi', 'DE', 1),
(1484, 99, 'Goa', 'GO', 1),
(1485, 99, 'Gujarat', 'GU', 1),
(1486, 99, 'Haryana', 'HA', 1),
(1487, 99, 'Himachal Pradesh', 'HP', 1),
(1488, 99, 'Jammu and Kashmir', 'JA', 1),
(1489, 99, 'Karnataka', 'KA', 1),
(1490, 99, 'Kerala', 'KE', 1),
(1491, 99, 'Lakshadweep Islands', 'LI', 1),
(1492, 99, 'Madhya Pradesh', 'MP', 1),
(1493, 99, 'Maharashtra', 'MA', 1),
(1494, 99, 'Manipur', 'MN', 1),
(1495, 99, 'Meghalaya', 'ME', 1),
(1496, 99, 'Mizoram', 'MI', 1),
(1497, 99, 'Nagaland', 'NA', 1),
(1498, 99, 'Orissa', 'OR', 1),
(1499, 99, 'Pondicherry', 'PO', 1),
(1500, 99, 'Punjab', 'PU', 1),
(1501, 99, 'Rajasthan', 'RA', 1),
(1502, 99, 'Sikkim', 'SI', 1),
(1503, 99, 'Tamil Nadu', 'TN', 1),
(1504, 99, 'Tripura', 'TR', 1),
(1505, 99, 'Uttar Pradesh', 'UP', 1),
(1506, 99, 'West Bengal', 'WB', 1),
(1507, 100, 'Aceh', 'AC', 1),
(1508, 100, 'Bali', 'BA', 1),
(1509, 100, 'Banten', 'BT', 1),
(1510, 100, 'Bengkulu', 'BE', 1),
(1511, 100, 'BoDeTaBek', 'BD', 1),
(1512, 100, 'Gorontalo', 'GO', 1),
(1513, 100, 'Jakarta Raya', 'JK', 1),
(1514, 100, 'Jambi', 'JA', 1),
(1515, 100, 'Jawa Barat', 'JB', 1),
(1516, 100, 'Jawa Tengah', 'JT', 1),
(1517, 100, 'Jawa Timur', 'JI', 1),
(1518, 100, 'Kalimantan Barat', 'KB', 1),
(1519, 100, 'Kalimantan Selatan', 'KS', 1),
(1520, 100, 'Kalimantan Tengah', 'KT', 1),
(1521, 100, 'Kalimantan Timur', 'KI', 1),
(1522, 100, 'Kepulauan Bangka Belitung', 'BB', 1),
(1523, 100, 'Lampung', 'LA', 1),
(1524, 100, 'Maluku', 'MA', 1),
(1525, 100, 'Maluku Utara', 'MU', 1),
(1526, 100, 'Nusa Tenggara Barat', 'NB', 1),
(1527, 100, 'Nusa Tenggara Timur', 'NT', 1),
(1528, 100, 'Papua', 'PA', 1),
(1529, 100, 'Riau', 'RI', 1),
(1530, 100, 'Sulawesi Selatan', 'SN', 1),
(1531, 100, 'Sulawesi Tengah', 'ST', 1),
(1532, 100, 'Sulawesi Tenggara', 'SG', 1),
(1533, 100, 'Sulawesi Utara', 'SA', 1),
(1534, 100, 'Sumatera Barat', 'SB', 1),
(1535, 100, 'Sumatera Selatan', 'SS', 1),
(1536, 100, 'Sumatera Utara', 'SU', 1),
(1537, 100, 'Yogyakarta', 'YO', 1),
(1538, 101, 'Tehran', 'TEH', 1),
(1539, 101, 'Qom', 'QOM', 1),
(1540, 101, 'Markazi', 'MKZ', 1),
(1541, 101, 'Qazvin', 'QAZ', 1),
(1542, 101, 'Gilan', 'GIL', 1),
(1543, 101, 'Ardabil', 'ARD', 1),
(1544, 101, 'Zanjan', 'ZAN', 1),
(1545, 101, 'East Azarbaijan', 'EAZ', 1),
(1546, 101, 'West Azarbaijan', 'WEZ', 1),
(1547, 101, 'Kurdistan', 'KRD', 1),
(1548, 101, 'Hamadan', 'HMD', 1),
(1549, 101, 'Kermanshah', 'KRM', 1),
(1550, 101, 'Ilam', 'ILM', 1),
(1551, 101, 'Lorestan', 'LRS', 1),
(1552, 101, 'Khuzestan', 'KZT', 1),
(1553, 101, 'Chahar Mahaal and Bakhtiari', 'CMB', 1),
(1554, 101, 'Kohkiluyeh and Buyer Ahmad', 'KBA', 1),
(1555, 101, 'Bushehr', 'BSH', 1),
(1556, 101, 'Fars', 'FAR', 1),
(1557, 101, 'Hormozgan', 'HRM', 1),
(1558, 101, 'Sistan and Baluchistan', 'SBL', 1),
(1559, 101, 'Kerman', 'KRB', 1);
INSERT INTO `state` (`stateId`, `countryId`, `name`, `code`, `status`) VALUES
(1560, 101, 'Yazd', 'YZD', 1),
(1561, 101, 'Esfahan', 'EFH', 1),
(1562, 101, 'Semnan', 'SMN', 1),
(1563, 101, 'Mazandaran', 'MZD', 1),
(1564, 101, 'Golestan', 'GLS', 1),
(1565, 101, 'North Khorasan', 'NKH', 1),
(1566, 101, 'Razavi Khorasan', 'RKH', 1),
(1567, 101, 'South Khorasan', 'SKH', 1),
(1568, 102, 'Baghdad', 'BD', 1),
(1569, 102, 'Salah ad Din', 'SD', 1),
(1570, 102, 'Diyala', 'DY', 1),
(1571, 102, 'Wasit', 'WS', 1),
(1572, 102, 'Maysan', 'MY', 1),
(1573, 102, 'Al Basrah', 'BA', 1),
(1574, 102, 'Dhi Qar', 'DQ', 1),
(1575, 102, 'Al Muthanna', 'MU', 1),
(1576, 102, 'Al Qadisyah', 'QA', 1),
(1577, 102, 'Babil', 'BB', 1),
(1578, 102, 'Al Karbala', 'KB', 1),
(1579, 102, 'An Najaf', 'NJ', 1),
(1580, 102, 'Al Anbar', 'AB', 1),
(1581, 102, 'Ninawa', 'NN', 1),
(1582, 102, 'Dahuk', 'DH', 1),
(1583, 102, 'Arbil', 'AL', 1),
(1584, 102, 'At Ta''mim', 'TM', 1),
(1585, 102, 'As Sulaymaniyah', 'SL', 1),
(1586, 103, 'Carlow', 'CA', 1),
(1587, 103, 'Cavan', 'CV', 1),
(1588, 103, 'Clare', 'CL', 1),
(1589, 103, 'Cork', 'CO', 1),
(1590, 103, 'Donegal', 'DO', 1),
(1591, 103, 'Dublin', 'DU', 1),
(1592, 103, 'Galway', 'GA', 1),
(1593, 103, 'Kerry', 'KE', 1),
(1594, 103, 'Kildare', 'KI', 1),
(1595, 103, 'Kilkenny', 'KL', 1),
(1596, 103, 'Laois', 'LA', 1),
(1597, 103, 'Leitrim', 'LE', 1),
(1598, 103, 'Limerick', 'LI', 1),
(1599, 103, 'Longford', 'LO', 1),
(1600, 103, 'Louth', 'LU', 1),
(1601, 103, 'Mayo', 'MA', 1),
(1602, 103, 'Meath', 'ME', 1),
(1603, 103, 'Monaghan', 'MO', 1),
(1604, 103, 'Offaly', 'OF', 1),
(1605, 103, 'Roscommon', 'RO', 1),
(1606, 103, 'Sligo', 'SL', 1),
(1607, 103, 'Tipperary', 'TI', 1),
(1608, 103, 'Waterford', 'WA', 1),
(1609, 103, 'Westmeath', 'WE', 1),
(1610, 103, 'Wexford', 'WX', 1),
(1611, 103, 'Wicklow', 'WI', 1),
(1612, 104, 'Be''er Sheva', 'BS', 1),
(1613, 104, 'Bika''at Hayarden', 'BH', 1),
(1614, 104, 'Eilat and Arava', 'EA', 1),
(1615, 104, 'Galil', 'GA', 1),
(1616, 104, 'Haifa', 'HA', 1),
(1617, 104, 'Jehuda Mountains', 'JM', 1),
(1618, 104, 'Jerusalem', 'JE', 1),
(1619, 104, 'Negev', 'NE', 1),
(1620, 104, 'Semaria', 'SE', 1),
(1621, 104, 'Sharon', 'SH', 1),
(1622, 104, 'Tel Aviv (Gosh Dan)', 'TA', 1),
(1643, 106, 'Clarendon Parish', 'CLA', 1),
(1644, 106, 'Hanover Parish', 'HAN', 1),
(1645, 106, 'Kingston Parish', 'KIN', 1),
(1646, 106, 'Manchester Parish', 'MAN', 1),
(1647, 106, 'Portland Parish', 'POR', 1),
(1648, 106, 'Saint Andrew Parish', 'AND', 1),
(1649, 106, 'Saint Ann Parish', 'ANN', 1),
(1650, 106, 'Saint Catherine Parish', 'CAT', 1),
(1651, 106, 'Saint Elizabeth Parish', 'ELI', 1),
(1652, 106, 'Saint James Parish', 'JAM', 1),
(1653, 106, 'Saint Mary Parish', 'MAR', 1),
(1654, 106, 'Saint Thomas Parish', 'THO', 1),
(1655, 106, 'Trelawny Parish', 'TRL', 1),
(1656, 106, 'Westmoreland Parish', 'WML', 1),
(1657, 107, 'Aichi', 'AI', 1),
(1658, 107, 'Akita', 'AK', 1),
(1659, 107, 'Aomori', 'AO', 1),
(1660, 107, 'Chiba', 'CH', 1),
(1661, 107, 'Ehime', 'EH', 1),
(1662, 107, 'Fukui', 'FK', 1),
(1663, 107, 'Fukuoka', 'FU', 1),
(1664, 107, 'Fukushima', 'FS', 1),
(1665, 107, 'Gifu', 'GI', 1),
(1666, 107, 'Gumma', 'GU', 1),
(1667, 107, 'Hiroshima', 'HI', 1),
(1668, 107, 'Hokkaido', 'HO', 1),
(1669, 107, 'Hyogo', 'HY', 1),
(1670, 107, 'Ibaraki', 'IB', 1),
(1671, 107, 'Ishikawa', 'IS', 1),
(1672, 107, 'Iwate', 'IW', 1),
(1673, 107, 'Kagawa', 'KA', 1),
(1674, 107, 'Kagoshima', 'KG', 1),
(1675, 107, 'Kanagawa', 'KN', 1),
(1676, 107, 'Kochi', 'KO', 1),
(1677, 107, 'Kumamoto', 'KU', 1),
(1678, 107, 'Kyoto', 'KY', 1),
(1679, 107, 'Mie', 'MI', 1),
(1680, 107, 'Miyagi', 'MY', 1),
(1681, 107, 'Miyazaki', 'MZ', 1),
(1682, 107, 'Nagano', 'NA', 1),
(1683, 107, 'Nagasaki', 'NG', 1),
(1684, 107, 'Nara', 'NR', 1),
(1685, 107, 'Niigata', 'NI', 1),
(1686, 107, 'Oita', 'OI', 1),
(1687, 107, 'Okayama', 'OK', 1),
(1688, 107, 'Okinawa', 'ON', 1),
(1689, 107, 'Osaka', 'OS', 1),
(1690, 107, 'Saga', 'SA', 1),
(1691, 107, 'Saitama', 'SI', 1),
(1692, 107, 'Shiga', 'SH', 1),
(1693, 107, 'Shimane', 'SM', 1),
(1694, 107, 'Shizuoka', 'SZ', 1),
(1695, 107, 'Tochigi', 'TO', 1),
(1696, 107, 'Tokushima', 'TS', 1),
(1697, 107, 'Tokyo', 'TK', 1),
(1698, 107, 'Tottori', 'TT', 1),
(1699, 107, 'Toyama', 'TY', 1),
(1700, 107, 'Wakayama', 'WA', 1),
(1701, 107, 'Yamagata', 'YA', 1),
(1702, 107, 'Yamaguchi', 'YM', 1),
(1703, 107, 'Yamanashi', 'YN', 1),
(1704, 108, '''Amman', 'AM', 1),
(1705, 108, 'Ajlun', 'AJ', 1),
(1706, 108, 'Al ''Aqabah', 'AA', 1),
(1707, 108, 'Al Balqa''', 'AB', 1),
(1708, 108, 'Al Karak', 'AK', 1),
(1709, 108, 'Al Mafraq', 'AL', 1),
(1710, 108, 'At Tafilah', 'AT', 1),
(1711, 108, 'Az Zarqa''', 'AZ', 1),
(1712, 108, 'Irbid', 'IR', 1),
(1713, 108, 'Jarash', 'JA', 1),
(1714, 108, 'Ma''an', 'MA', 1),
(1715, 108, 'Madaba', 'MD', 1),
(1716, 109, 'Almaty', 'AL', 1),
(1717, 109, 'Almaty City', 'AC', 1),
(1718, 109, 'Aqmola', 'AM', 1),
(1719, 109, 'Aqtobe', 'AQ', 1),
(1720, 109, 'Astana City', 'AS', 1),
(1721, 109, 'Atyrau', 'AT', 1),
(1722, 109, 'Batys Qazaqstan', 'BA', 1),
(1723, 109, 'Bayqongyr City', 'BY', 1),
(1724, 109, 'Mangghystau', 'MA', 1),
(1725, 109, 'Ongtustik Qazaqstan', 'ON', 1),
(1726, 109, 'Pavlodar', 'PA', 1),
(1727, 109, 'Qaraghandy', 'QA', 1),
(1728, 109, 'Qostanay', 'QO', 1),
(1729, 109, 'Qyzylorda', 'QY', 1),
(1730, 109, 'Shyghys Qazaqstan', 'SH', 1),
(1731, 109, 'Soltustik Qazaqstan', 'SO', 1),
(1732, 109, 'Zhambyl', 'ZH', 1),
(1733, 110, 'Central', 'CE', 1),
(1734, 110, 'Coast', 'CO', 1),
(1735, 110, 'Eastern', 'EA', 1),
(1736, 110, 'Nairobi Area', 'NA', 1),
(1737, 110, 'North Eastern', 'NE', 1),
(1738, 110, 'Nyanza', 'NY', 1),
(1739, 110, 'Rift Valley', 'RV', 1),
(1740, 110, 'Western', 'WE', 1),
(1741, 111, 'Abaiang', 'AG', 1),
(1742, 111, 'Abemama', 'AM', 1),
(1743, 111, 'Aranuka', 'AK', 1),
(1744, 111, 'Arorae', 'AO', 1),
(1745, 111, 'Banaba', 'BA', 1),
(1746, 111, 'Beru', 'BE', 1),
(1747, 111, 'Butaritari', 'bT', 1),
(1748, 111, 'Kanton', 'KA', 1),
(1749, 111, 'Kiritimati', 'KR', 1),
(1750, 111, 'Kuria', 'KU', 1),
(1751, 111, 'Maiana', 'MI', 1),
(1752, 111, 'Makin', 'MN', 1),
(1753, 111, 'Marakei', 'ME', 1),
(1754, 111, 'Nikunau', 'NI', 1),
(1755, 111, 'Nonouti', 'NO', 1),
(1756, 111, 'Onotoa', 'ON', 1),
(1757, 111, 'Tabiteuea', 'TT', 1),
(1758, 111, 'Tabuaeran', 'TR', 1),
(1759, 111, 'Tamana', 'TM', 1),
(1760, 111, 'Tarawa', 'TW', 1),
(1761, 111, 'Teraina', 'TE', 1),
(1762, 112, 'Chagang-do', 'CHA', 1),
(1763, 112, 'Hamgyong-bukto', 'HAB', 1),
(1764, 112, 'Hamgyong-namdo', 'HAN', 1),
(1765, 112, 'Hwanghae-bukto', 'HWB', 1),
(1766, 112, 'Hwanghae-namdo', 'HWN', 1),
(1767, 112, 'Kangwon-do', 'KAN', 1),
(1768, 112, 'P''yongan-bukto', 'PYB', 1),
(1769, 112, 'P''yongan-namdo', 'PYN', 1),
(1770, 112, 'Ryanggang-do (Yanggang-do)', 'YAN', 1),
(1771, 112, 'Rason Directly Governed City', 'NAJ', 1),
(1772, 112, 'P''yongyang Special City', 'PYO', 1),
(1773, 113, 'Ch''ungch''ong-bukto', 'CO', 1),
(1774, 113, 'Ch''ungch''ong-namdo', 'CH', 1),
(1775, 113, 'Cheju-do', 'CD', 1),
(1776, 113, 'Cholla-bukto', 'CB', 1),
(1777, 113, 'Cholla-namdo', 'CN', 1),
(1778, 113, 'Inch''on-gwangyoksi', 'IG', 1),
(1779, 113, 'Kangwon-do', 'KA', 1),
(1780, 113, 'Kwangju-gwangyoksi', 'KG', 1),
(1781, 113, 'Kyonggi-do', 'KD', 1),
(1782, 113, 'Kyongsang-bukto', 'KB', 1),
(1783, 113, 'Kyongsang-namdo', 'KN', 1),
(1784, 113, 'Pusan-gwangyoksi', 'PG', 1),
(1785, 113, 'Soul-t''ukpyolsi', 'SO', 1),
(1786, 113, 'Taegu-gwangyoksi', 'TA', 1),
(1787, 113, 'Taejon-gwangyoksi', 'TG', 1),
(1788, 114, 'Al ''Asimah', 'AL', 1),
(1789, 114, 'Al Ahmadi', 'AA', 1),
(1790, 114, 'Al Farwaniyah', 'AF', 1),
(1791, 114, 'Al Jahra''', 'AJ', 1),
(1792, 114, 'Hawalli', 'HA', 1),
(1793, 115, 'Bishkek', 'GB', 1),
(1794, 115, 'Batken', 'B', 1),
(1795, 115, 'Chu', 'C', 1),
(1796, 115, 'Jalal-Abad', 'J', 1),
(1797, 115, 'Naryn', 'N', 1),
(1798, 115, 'Osh', 'O', 1),
(1799, 115, 'Talas', 'T', 1),
(1800, 115, 'Ysyk-Kol', 'Y', 1),
(1801, 116, 'Vientiane', 'VT', 1),
(1802, 116, 'Attapu', 'AT', 1),
(1803, 116, 'Bokeo', 'BK', 1),
(1804, 116, 'Bolikhamxai', 'BL', 1),
(1805, 116, 'Champasak', 'CH', 1),
(1806, 116, 'Houaphan', 'HO', 1),
(1807, 116, 'Khammouan', 'KH', 1),
(1808, 116, 'Louang Namtha', 'LM', 1),
(1809, 116, 'Louangphabang', 'LP', 1),
(1810, 116, 'Oudomxai', 'OU', 1),
(1811, 116, 'Phongsali', 'PH', 1),
(1812, 116, 'Salavan', 'SL', 1),
(1813, 116, 'Savannakhet', 'SV', 1),
(1814, 116, 'Vientiane', 'VI', 1),
(1815, 116, 'Xaignabouli', 'XA', 1),
(1816, 116, 'Xekong', 'XE', 1),
(1817, 116, 'Xiangkhoang', 'XI', 1),
(1818, 116, 'Xaisomboun', 'XN', 1),
(1819, 117, 'Aizkraukles Rajons', 'AIZ', 1),
(1820, 117, 'Aluksnes Rajons', 'ALU', 1),
(1821, 117, 'Balvu Rajons', 'BAL', 1),
(1822, 117, 'Bauskas Rajons', 'BAU', 1),
(1823, 117, 'Cesu Rajons', 'CES', 1),
(1824, 117, 'Daugavpils Rajons', 'DGR', 1),
(1825, 117, 'Dobeles Rajons', 'DOB', 1),
(1826, 117, 'Gulbenes Rajons', 'GUL', 1),
(1827, 117, 'Jekabpils Rajons', 'JEK', 1),
(1828, 117, 'Jelgavas Rajons', 'JGR', 1),
(1829, 117, 'Kraslavas Rajons', 'KRA', 1),
(1830, 117, 'Kuldigas Rajons', 'KUL', 1),
(1831, 117, 'Liepajas Rajons', 'LPR', 1),
(1832, 117, 'Limbazu Rajons', 'LIM', 1),
(1833, 117, 'Ludzas Rajons', 'LUD', 1),
(1834, 117, 'Madonas Rajons', 'MAD', 1),
(1835, 117, 'Ogres Rajons', 'OGR', 1),
(1836, 117, 'Preilu Rajons', 'PRE', 1),
(1837, 117, 'Rezeknes Rajons', 'RZR', 1),
(1838, 117, 'Rigas Rajons', 'RGR', 1),
(1839, 117, 'Saldus Rajons', 'SAL', 1),
(1840, 117, 'Talsu Rajons', 'TAL', 1),
(1841, 117, 'Tukuma Rajons', 'TUK', 1),
(1842, 117, 'Valkas Rajons', 'VLK', 1),
(1843, 117, 'Valmieras Rajons', 'VLM', 1),
(1844, 117, 'Ventspils Rajons', 'VSR', 1),
(1845, 117, 'Daugavpils', 'DGV', 1),
(1846, 117, 'Jelgava', 'JGV', 1),
(1847, 117, 'Jurmala', 'JUR', 1),
(1848, 117, 'Liepaja', 'LPK', 1),
(1849, 117, 'Rezekne', 'RZK', 1),
(1850, 117, 'Riga', 'RGA', 1),
(1851, 117, 'Ventspils', 'VSL', 1),
(1852, 119, 'Berea', 'BE', 1),
(1853, 119, 'Butha-Buthe', 'BB', 1),
(1854, 119, 'Leribe', 'LE', 1),
(1855, 119, 'Mafeteng', 'MF', 1),
(1856, 119, 'Maseru', 'MS', 1),
(1857, 119, 'Mohale''s Hoek', 'MH', 1),
(1858, 119, 'Mokhotlong', 'MK', 1),
(1859, 119, 'Qacha''s Nek', 'QN', 1),
(1860, 119, 'Quthing', 'QT', 1),
(1861, 119, 'Thaba-Tseka', 'TT', 1),
(1862, 120, 'Bomi', 'BI', 1),
(1863, 120, 'Bong', 'BG', 1),
(1864, 120, 'Grand Bassa', 'GB', 1),
(1865, 120, 'Grand Cape Mount', 'CM', 1),
(1866, 120, 'Grand Gedeh', 'GG', 1),
(1867, 120, 'Grand Kru', 'GK', 1),
(1868, 120, 'Lofa', 'LO', 1),
(1869, 120, 'Margibi', 'MG', 1),
(1870, 120, 'Maryland', 'ML', 1),
(1871, 120, 'Montserrado', 'MS', 1),
(1872, 120, 'Nimba', 'NB', 1),
(1873, 120, 'River Cess', 'RC', 1),
(1874, 120, 'Sinoe', 'SN', 1),
(1875, 121, 'Ajdabiya', 'AJ', 1),
(1876, 121, 'Al ''Aziziyah', 'AZ', 1),
(1877, 121, 'Al Fatih', 'FA', 1),
(1878, 121, 'Al Jabal al Akhdar', 'JA', 1),
(1879, 121, 'Al Jufrah', 'JU', 1),
(1880, 121, 'Al Khums', 'KH', 1),
(1881, 121, 'Al Kufrah', 'KU', 1),
(1882, 121, 'An Nuqat al Khams', 'NK', 1),
(1883, 121, 'Ash Shati''', 'AS', 1),
(1884, 121, 'Awbari', 'AW', 1),
(1885, 121, 'Az Zawiyah', 'ZA', 1),
(1886, 121, 'Banghazi', 'BA', 1),
(1887, 121, 'Darnah', 'DA', 1),
(1888, 121, 'Ghadamis', 'GD', 1),
(1889, 121, 'Gharyan', 'GY', 1),
(1890, 121, 'Misratah', 'MI', 1),
(1891, 121, 'Murzuq', 'MZ', 1),
(1892, 121, 'Sabha', 'SB', 1),
(1893, 121, 'Sawfajjin', 'SW', 1),
(1894, 121, 'Surt', 'SU', 1),
(1895, 121, 'Tarabulus (Tripoli)', 'TL', 1),
(1896, 121, 'Tarhunah', 'TH', 1),
(1897, 121, 'Tubruq', 'TU', 1),
(1898, 121, 'Yafran', 'YA', 1),
(1899, 121, 'Zlitan', 'ZL', 1),
(1900, 122, 'Vaduz', 'V', 1),
(1901, 122, 'Schaan', 'A', 1),
(1902, 122, 'Balzers', 'B', 1),
(1903, 122, 'Triesen', 'N', 1),
(1904, 122, 'Eschen', 'E', 1),
(1905, 122, 'Mauren', 'M', 1),
(1906, 122, 'Triesenberg', 'T', 1),
(1907, 122, 'Ruggell', 'R', 1),
(1908, 122, 'Gamprin', 'G', 1),
(1909, 122, 'Schellenberg', 'L', 1),
(1910, 122, 'Planken', 'P', 1),
(1911, 123, 'Alytus', 'AL', 1),
(1912, 123, 'Kaunas', 'KA', 1),
(1913, 123, 'Klaipeda', 'KL', 1),
(1914, 123, 'Marijampole', 'MA', 1),
(1915, 123, 'Panevezys', 'PA', 1),
(1916, 123, 'Siauliai', 'SI', 1),
(1917, 123, 'Taurage', 'TA', 1),
(1918, 123, 'Telsiai', 'TE', 1),
(1919, 123, 'Utena', 'UT', 1),
(1920, 123, 'Vilnius', 'VI', 1),
(1921, 124, 'Diekirch', 'DD', 1),
(1922, 124, 'Clervaux', 'DC', 1),
(1923, 124, 'Redange', 'DR', 1),
(1924, 124, 'Vianden', 'DV', 1),
(1925, 124, 'Wiltz', 'DW', 1),
(1926, 124, 'Grevenmacher', 'GG', 1),
(1927, 124, 'Echternach', 'GE', 1),
(1928, 124, 'Remich', 'GR', 1),
(1929, 124, 'Luxembourg', 'LL', 1),
(1930, 124, 'Capellen', 'LC', 1),
(1931, 124, 'Esch-sur-Alzette', 'LE', 1),
(1932, 124, 'Mersch', 'LM', 1),
(1933, 125, 'Our Lady Fatima Parish', 'OLF', 1),
(1934, 125, 'St. Anthony Parish', 'ANT', 1),
(1935, 125, 'St. Lazarus Parish', 'LAZ', 1),
(1936, 125, 'Cathedral Parish', 'CAT', 1),
(1937, 125, 'St. Lawrence Parish', 'LAW', 1),
(1938, 127, 'Antananarivo', 'AN', 1),
(1939, 127, 'Antsiranana', 'AS', 1),
(1940, 127, 'Fianarantsoa', 'FN', 1),
(1941, 127, 'Mahajanga', 'MJ', 1),
(1942, 127, 'Toamasina', 'TM', 1),
(1943, 127, 'Toliara', 'TL', 1),
(1944, 128, 'Balaka', 'BLK', 1),
(1945, 128, 'Blantyre', 'BLT', 1),
(1946, 128, 'Chikwawa', 'CKW', 1),
(1947, 128, 'Chiradzulu', 'CRD', 1),
(1948, 128, 'Chitipa', 'CTP', 1),
(1949, 128, 'Dedza', 'DDZ', 1),
(1950, 128, 'Dowa', 'DWA', 1),
(1951, 128, 'Karonga', 'KRG', 1),
(1952, 128, 'Kasungu', 'KSG', 1),
(1953, 128, 'Likoma', 'LKM', 1),
(1954, 128, 'Lilongwe', 'LLG', 1),
(1955, 128, 'Machinga', 'MCG', 1),
(1956, 128, 'Mangochi', 'MGC', 1),
(1957, 128, 'Mchinji', 'MCH', 1),
(1958, 128, 'Mulanje', 'MLJ', 1),
(1959, 128, 'Mwanza', 'MWZ', 1),
(1960, 128, 'Mzimba', 'MZM', 1),
(1961, 128, 'Ntcheu', 'NTU', 1),
(1962, 128, 'Nkhata Bay', 'NKB', 1),
(1963, 128, 'Nkhotakota', 'NKH', 1),
(1964, 128, 'Nsanje', 'NSJ', 1),
(1965, 128, 'Ntchisi', 'NTI', 1),
(1966, 128, 'Phalombe', 'PHL', 1),
(1967, 128, 'Rumphi', 'RMP', 1),
(1968, 128, 'Salima', 'SLM', 1),
(1969, 128, 'Thyolo', 'THY', 1),
(1970, 128, 'Zomba', 'ZBA', 1),
(1971, 129, 'Johor', 'JO', 1),
(1972, 129, 'Kedah', 'KE', 1),
(1973, 129, 'Kelantan', 'KL', 1),
(1974, 129, 'Labuan', 'LA', 1),
(1975, 129, 'Melaka', 'ME', 1),
(1976, 129, 'Negeri Sembilan', 'NS', 1),
(1977, 129, 'Pahang', 'PA', 1),
(1978, 129, 'Perak', 'PE', 1),
(1979, 129, 'Perlis', 'PR', 1),
(1980, 129, 'Pulau Pinang', 'PP', 1),
(1981, 129, 'Sabah', 'SA', 1),
(1982, 129, 'Sarawak', 'SR', 1),
(1983, 129, 'Selangor', 'SE', 1),
(1984, 129, 'Terengganu', 'TE', 1),
(1985, 129, 'Wilayah Persekutuan', 'WP', 1),
(1986, 130, 'Thiladhunmathi Uthuru', 'THU', 1),
(1987, 130, 'Thiladhunmathi Dhekunu', 'THD', 1),
(1988, 130, 'Miladhunmadulu Uthuru', 'MLU', 1),
(1989, 130, 'Miladhunmadulu Dhekunu', 'MLD', 1),
(1990, 130, 'Maalhosmadulu Uthuru', 'MAU', 1),
(1991, 130, 'Maalhosmadulu Dhekunu', 'MAD', 1),
(1992, 130, 'Faadhippolhu', 'FAA', 1),
(1993, 130, 'Male Atoll', 'MAA', 1),
(1994, 130, 'Ari Atoll Uthuru', 'AAU', 1),
(1995, 130, 'Ari Atoll Dheknu', 'AAD', 1),
(1996, 130, 'Felidhe Atoll', 'FEA', 1),
(1997, 130, 'Mulaku Atoll', 'MUA', 1),
(1998, 130, 'Nilandhe Atoll Uthuru', 'NAU', 1),
(1999, 130, 'Nilandhe Atoll Dhekunu', 'NAD', 1),
(2000, 130, 'Kolhumadulu', 'KLH', 1),
(2001, 130, 'Hadhdhunmathi', 'HDH', 1),
(2002, 130, 'Huvadhu Atoll Uthuru', 'HAU', 1),
(2003, 130, 'Huvadhu Atoll Dhekunu', 'HAD', 1),
(2004, 130, 'Fua Mulaku', 'FMU', 1),
(2005, 130, 'Addu', 'ADD', 1),
(2006, 131, 'Gao', 'GA', 1),
(2007, 131, 'Kayes', 'KY', 1),
(2008, 131, 'Kidal', 'KD', 1),
(2009, 131, 'Koulikoro', 'KL', 1),
(2010, 131, 'Mopti', 'MP', 1),
(2011, 131, 'Segou', 'SG', 1),
(2012, 131, 'Sikasso', 'SK', 1),
(2013, 131, 'Tombouctou', 'TB', 1),
(2014, 131, 'Bamako Capital District', 'CD', 1),
(2015, 132, 'Attard', 'ATT', 1),
(2016, 132, 'Balzan', 'BAL', 1),
(2017, 132, 'Birgu', 'BGU', 1),
(2018, 132, 'Birkirkara', 'BKK', 1),
(2019, 132, 'Birzebbuga', 'BRZ', 1),
(2020, 132, 'Bormla', 'BOR', 1),
(2021, 132, 'Dingli', 'DIN', 1),
(2022, 132, 'Fgura', 'FGU', 1),
(2023, 132, 'Floriana', 'FLO', 1),
(2024, 132, 'Gudja', 'GDJ', 1),
(2025, 132, 'Gzira', 'GZR', 1),
(2026, 132, 'Gargur', 'GRG', 1),
(2027, 132, 'Gaxaq', 'GXQ', 1),
(2028, 132, 'Hamrun', 'HMR', 1),
(2029, 132, 'Iklin', 'IKL', 1),
(2030, 132, 'Isla', 'ISL', 1),
(2031, 132, 'Kalkara', 'KLK', 1),
(2032, 132, 'Kirkop', 'KRK', 1),
(2033, 132, 'Lija', 'LIJ', 1),
(2034, 132, 'Luqa', 'LUQ', 1),
(2035, 132, 'Marsa', 'MRS', 1),
(2036, 132, 'Marsaskala', 'MKL', 1),
(2037, 132, 'Marsaxlokk', 'MXL', 1),
(2038, 132, 'Mdina', 'MDN', 1),
(2039, 132, 'Melliea', 'MEL', 1),
(2040, 132, 'Mgarr', 'MGR', 1),
(2041, 132, 'Mosta', 'MST', 1),
(2042, 132, 'Mqabba', 'MQA', 1),
(2043, 132, 'Msida', 'MSI', 1),
(2044, 132, 'Mtarfa', 'MTF', 1),
(2045, 132, 'Naxxar', 'NAX', 1),
(2046, 132, 'Paola', 'PAO', 1),
(2047, 132, 'Pembroke', 'PEM', 1),
(2048, 132, 'Pieta', 'PIE', 1),
(2049, 132, 'Qormi', 'QOR', 1),
(2050, 132, 'Qrendi', 'QRE', 1),
(2051, 132, 'Rabat', 'RAB', 1),
(2052, 132, 'Safi', 'SAF', 1),
(2053, 132, 'San Giljan', 'SGI', 1),
(2054, 132, 'Santa Lucija', 'SLU', 1),
(2055, 132, 'San Pawl il-Bahar', 'SPB', 1),
(2056, 132, 'San Gwann', 'SGW', 1),
(2057, 132, 'Santa Venera', 'SVE', 1),
(2058, 132, 'Siggiewi', 'SIG', 1),
(2059, 132, 'Sliema', 'SLM', 1),
(2060, 132, 'Swieqi', 'SWQ', 1),
(2061, 132, 'Ta Xbiex', 'TXB', 1),
(2062, 132, 'Tarxien', 'TRX', 1),
(2063, 132, 'Valletta', 'VLT', 1),
(2064, 132, 'Xgajra', 'XGJ', 1),
(2065, 132, 'Zabbar', 'ZBR', 1),
(2066, 132, 'Zebbug', 'ZBG', 1),
(2067, 132, 'Zejtun', 'ZJT', 1),
(2068, 132, 'Zurrieq', 'ZRQ', 1),
(2069, 132, 'Fontana', 'FNT', 1),
(2070, 132, 'Ghajnsielem', 'GHJ', 1),
(2071, 132, 'Gharb', 'GHR', 1),
(2072, 132, 'Ghasri', 'GHS', 1),
(2073, 132, 'Kercem', 'KRC', 1),
(2074, 132, 'Munxar', 'MUN', 1),
(2075, 132, 'Nadur', 'NAD', 1),
(2076, 132, 'Qala', 'QAL', 1),
(2077, 132, 'Victoria', 'VIC', 1),
(2078, 132, 'San Lawrenz', 'SLA', 1),
(2079, 132, 'Sannat', 'SNT', 1),
(2080, 132, 'Xagra', 'ZAG', 1),
(2081, 132, 'Xewkija', 'XEW', 1),
(2082, 132, 'Zebbug', 'ZEB', 1),
(2083, 133, 'Ailinginae', 'ALG', 1),
(2084, 133, 'Ailinglaplap', 'ALL', 1),
(2085, 133, 'Ailuk', 'ALK', 1),
(2086, 133, 'Arno', 'ARN', 1),
(2087, 133, 'Aur', 'AUR', 1),
(2088, 133, 'Bikar', 'BKR', 1),
(2089, 133, 'Bikini', 'BKN', 1),
(2090, 133, 'Bokak', 'BKK', 1),
(2091, 133, 'Ebon', 'EBN', 1),
(2092, 133, 'Enewetak', 'ENT', 1),
(2093, 133, 'Erikub', 'EKB', 1),
(2094, 133, 'Jabat', 'JBT', 1),
(2095, 133, 'Jaluit', 'JLT', 1),
(2096, 133, 'Jemo', 'JEM', 1),
(2097, 133, 'Kili', 'KIL', 1),
(2098, 133, 'Kwajalein', 'KWJ', 1),
(2099, 133, 'Lae', 'LAE', 1),
(2100, 133, 'Lib', 'LIB', 1),
(2101, 133, 'Likiep', 'LKP', 1),
(2102, 133, 'Majuro', 'MJR', 1),
(2103, 133, 'Maloelap', 'MLP', 1),
(2104, 133, 'Mejit', 'MJT', 1),
(2105, 133, 'Mili', 'MIL', 1),
(2106, 133, 'Namorik', 'NMK', 1),
(2107, 133, 'Namu', 'NAM', 1),
(2108, 133, 'Rongelap', 'RGL', 1),
(2109, 133, 'Rongrik', 'RGK', 1),
(2110, 133, 'Toke', 'TOK', 1),
(2111, 133, 'Ujae', 'UJA', 1),
(2112, 133, 'Ujelang', 'UJL', 1),
(2113, 133, 'Utirik', 'UTK', 1),
(2114, 133, 'Wotho', 'WTH', 1),
(2115, 133, 'Wotje', 'WTJ', 1),
(2116, 135, 'Adrar', 'AD', 1),
(2117, 135, 'Assaba', 'AS', 1),
(2118, 135, 'Brakna', 'BR', 1),
(2119, 135, 'Dakhlet Nouadhibou', 'DN', 1),
(2120, 135, 'Gorgol', 'GO', 1),
(2121, 135, 'Guidimaka', 'GM', 1),
(2122, 135, 'Hodh Ech Chargui', 'HC', 1),
(2123, 135, 'Hodh El Gharbi', 'HG', 1),
(2124, 135, 'Inchiri', 'IN', 1),
(2125, 135, 'Tagant', 'TA', 1),
(2126, 135, 'Tiris Zemmour', 'TZ', 1),
(2127, 135, 'Trarza', 'TR', 1),
(2128, 135, 'Nouakchott', 'NO', 1),
(2129, 136, 'Beau Bassin-Rose Hill', 'BR', 1),
(2130, 136, 'Curepipe', 'CU', 1),
(2131, 136, 'Port Louis', 'PU', 1),
(2132, 136, 'Quatre Bornes', 'QB', 1),
(2133, 136, 'Vacoas-Phoenix', 'VP', 1),
(2134, 136, 'Agalega Islands', 'AG', 1),
(2135, 136, 'Cargados Carajos Shoals (Saint Brandon Islands)', 'CC', 1),
(2136, 136, 'Rodrigues', 'RO', 1),
(2137, 136, 'Black River', 'BL', 1),
(2138, 136, 'Flacq', 'FL', 1),
(2139, 136, 'Grand Port', 'GP', 1),
(2140, 136, 'Moka', 'MO', 1),
(2141, 136, 'Pamplemousses', 'PA', 1),
(2142, 136, 'Plaines Wilhems', 'PW', 1),
(2143, 136, 'Port Louis', 'PL', 1),
(2144, 136, 'Riviere du Rempart', 'RR', 1),
(2145, 136, 'Savanne', 'SA', 1),
(2146, 138, 'Baja California Norte', 'BN', 1),
(2147, 138, 'Baja California Sur', 'BS', 1),
(2148, 138, 'Campeche', 'CA', 1),
(2149, 138, 'Chiapas', 'CI', 1),
(2150, 138, 'Chihuahua', 'CH', 1),
(2151, 138, 'Coahuila de Zaragoza', 'CZ', 1),
(2152, 138, 'Colima', 'CL', 1),
(2153, 138, 'Distrito Federal', 'DF', 1),
(2154, 138, 'Durango', 'DU', 1),
(2155, 138, 'Guanajuato', 'GA', 1),
(2156, 138, 'Guerrero', 'GE', 1),
(2157, 138, 'Hidalgo', 'HI', 1),
(2158, 138, 'Jalisco', 'JA', 1),
(2159, 138, 'Mexico', 'ME', 1),
(2160, 138, 'Michoacan de Ocampo', 'MI', 1),
(2161, 138, 'Morelos', 'MO', 1),
(2162, 138, 'Nayarit', 'NA', 1),
(2163, 138, 'Nuevo Leon', 'NL', 1),
(2164, 138, 'Oaxaca', 'OA', 1),
(2165, 138, 'Puebla', 'PU', 1),
(2166, 138, 'Queretaro de Arteaga', 'QA', 1),
(2167, 138, 'Quintana Roo', 'QR', 1),
(2168, 138, 'San Luis Potosi', 'SA', 1),
(2169, 138, 'Sinaloa', 'SI', 1),
(2170, 138, 'Sonora', 'SO', 1),
(2171, 138, 'Tabasco', 'TB', 1),
(2172, 138, 'Tamaulipas', 'TM', 1),
(2173, 138, 'Tlaxcala', 'TL', 1),
(2174, 138, 'Veracruz-Llave', 'VE', 1),
(2175, 138, 'Yucatan', 'YU', 1),
(2176, 138, 'Zacatecas', 'ZA', 1),
(2177, 139, 'Chuuk', 'C', 1),
(2178, 139, 'Kosrae', 'K', 1),
(2179, 139, 'Pohnpei', 'P', 1),
(2180, 139, 'Yap', 'Y', 1),
(2181, 140, 'Gagauzia', 'GA', 1),
(2182, 140, 'Chisinau', 'CU', 1),
(2183, 140, 'Balti', 'BA', 1),
(2184, 140, 'Cahul', 'CA', 1),
(2185, 140, 'Edinet', 'ED', 1),
(2186, 140, 'Lapusna', 'LA', 1),
(2187, 140, 'Orhei', 'OR', 1),
(2188, 140, 'Soroca', 'SO', 1),
(2189, 140, 'Tighina', 'TI', 1),
(2190, 140, 'Ungheni', 'UN', 1),
(2191, 140, 'Stnga Nistrului', 'SN', 1),
(2192, 141, 'Fontvieille', 'FV', 1),
(2193, 141, 'La Condamine', 'LC', 1),
(2194, 141, 'Monaco-Ville', 'MV', 1),
(2195, 141, 'Monte-Carlo', 'MC', 1),
(2196, 142, 'Ulanbaatar', '1', 1),
(2197, 142, 'Orhon', '035', 1),
(2198, 142, 'Darhan uul', '037', 1),
(2199, 142, 'Hentiy', '039', 1),
(2200, 142, 'Hovsgol', '041', 1),
(2201, 142, 'Hovd', '043', 1),
(2202, 142, 'Uvs', '046', 1),
(2203, 142, 'Tov', '047', 1),
(2204, 142, 'Selenge', '049', 1),
(2205, 142, 'Suhbaatar', '051', 1),
(2206, 142, 'Omnogovi', '053', 1),
(2207, 142, 'Ovorhangay', '055', 1),
(2208, 142, 'Dzavhan', '057', 1),
(2209, 142, 'DundgovL', '059', 1),
(2210, 142, 'Dornod', '061', 1),
(2211, 142, 'Dornogov', '063', 1),
(2212, 142, 'Govi-Sumber', '064', 1),
(2213, 142, 'Govi-Altay', '065', 1),
(2214, 142, 'Bulgan', '067', 1),
(2215, 142, 'Bayanhongor', '069', 1),
(2216, 142, 'Bayan-Olgiy', '071', 1),
(2217, 142, 'Arhangay', '073', 1),
(2218, 143, 'Saint Anthony', 'A', 1),
(2219, 143, 'Saint Georges', 'G', 1),
(2220, 143, 'Saint Peter', 'P', 1),
(2221, 144, 'Agadir', 'AGD', 1),
(2222, 144, 'Al Hoceima', 'HOC', 1),
(2223, 144, 'Azilal', 'AZI', 1),
(2224, 144, 'Beni Mellal', 'BME', 1),
(2225, 144, 'Ben Slimane', 'BSL', 1),
(2226, 144, 'Boulemane', 'BLM', 1),
(2227, 144, 'Casablanca', 'CBL', 1),
(2228, 144, 'Chaouen', 'CHA', 1),
(2229, 144, 'El Jadida', 'EJA', 1),
(2230, 144, 'El Kelaa des Sraghna', 'EKS', 1),
(2231, 144, 'Er Rachidia', 'ERA', 1),
(2232, 144, 'Essaouira', 'ESS', 1),
(2233, 144, 'Fes', 'FES', 1),
(2234, 144, 'Figuig', 'FIG', 1),
(2235, 144, 'Guelmim', 'GLM', 1),
(2236, 144, 'Ifrane', 'IFR', 1),
(2237, 144, 'Kenitra', 'KEN', 1),
(2238, 144, 'Khemisset', 'KHM', 1),
(2239, 144, 'Khenifra', 'KHN', 1),
(2240, 144, 'Khouribga', 'KHO', 1),
(2241, 144, 'Laayoune', 'LYN', 1),
(2242, 144, 'Larache', 'LAR', 1),
(2243, 144, 'Marrakech', 'MRK', 1),
(2244, 144, 'Meknes', 'MKN', 1),
(2245, 144, 'Nador', 'NAD', 1),
(2246, 144, 'Ouarzazate', 'ORZ', 1),
(2247, 144, 'Oujda', 'OUJ', 1),
(2248, 144, 'Rabat-Sale', 'RSA', 1),
(2249, 144, 'Safi', 'SAF', 1),
(2250, 144, 'Settat', 'SET', 1),
(2251, 144, 'Sidi Kacem', 'SKA', 1),
(2252, 144, 'Tangier', 'TGR', 1),
(2253, 144, 'Tan-Tan', 'TAN', 1),
(2254, 144, 'Taounate', 'TAO', 1),
(2255, 144, 'Taroudannt', 'TRD', 1),
(2256, 144, 'Tata', 'TAT', 1),
(2257, 144, 'Taza', 'TAZ', 1),
(2258, 144, 'Tetouan', 'TET', 1),
(2259, 144, 'Tiznit', 'TIZ', 1),
(2260, 144, 'Ad Dakhla', 'ADK', 1),
(2261, 144, 'Boujdour', 'BJD', 1),
(2262, 144, 'Es Smara', 'ESM', 1),
(2263, 145, 'Cabo Delgado', 'CD', 1),
(2264, 145, 'Gaza', 'GZ', 1),
(2265, 145, 'Inhambane', 'IN', 1),
(2266, 145, 'Manica', 'MN', 1),
(2267, 145, 'Maputo (city)', 'MC', 1),
(2268, 145, 'Maputo', 'MP', 1),
(2269, 145, 'Nampula', 'NA', 1),
(2270, 145, 'Niassa', 'NI', 1),
(2271, 145, 'Sofala', 'SO', 1),
(2272, 145, 'Tete', 'TE', 1),
(2273, 145, 'Zambezia', 'ZA', 1),
(2274, 146, 'Ayeyarwady', 'AY', 1),
(2275, 146, 'Bago', 'BG', 1),
(2276, 146, 'Magway', 'MG', 1),
(2277, 146, 'Mandalay', 'MD', 1),
(2278, 146, 'Sagaing', 'SG', 1),
(2279, 146, 'Tanintharyi', 'TN', 1),
(2280, 146, 'Yangon', 'YG', 1),
(2281, 146, 'Chin State', 'CH', 1),
(2282, 146, 'Kachin State', 'KC', 1),
(2283, 146, 'Kayah State', 'KH', 1),
(2284, 146, 'Kayin State', 'KN', 1),
(2285, 146, 'Mon State', 'MN', 1),
(2286, 146, 'Rakhine State', 'RK', 1),
(2287, 146, 'Shan State', 'SH', 1),
(2288, 147, 'Caprivi', 'CA', 1),
(2289, 147, 'Erongo', 'ER', 1),
(2290, 147, 'Hardap', 'HA', 1),
(2291, 147, 'Karas', 'KR', 1),
(2292, 147, 'Kavango', 'KV', 1),
(2293, 147, 'Khomas', 'KH', 1),
(2294, 147, 'Kunene', 'KU', 1),
(2295, 147, 'Ohangwena', 'OW', 1),
(2296, 147, 'Omaheke', 'OK', 1),
(2297, 147, 'Omusati', 'OT', 1),
(2298, 147, 'Oshana', 'ON', 1),
(2299, 147, 'Oshikoto', 'OO', 1),
(2300, 147, 'Otjozondjupa', 'OJ', 1),
(2301, 148, 'Aiwo', 'AO', 1),
(2302, 148, 'Anabar', 'AA', 1),
(2303, 148, 'Anetan', 'AT', 1),
(2304, 148, 'Anibare', 'AI', 1),
(2305, 148, 'Baiti', 'BA', 1),
(2306, 148, 'Boe', 'BO', 1),
(2307, 148, 'Buada', 'BU', 1),
(2308, 148, 'Denigomodu', 'DE', 1),
(2309, 148, 'Ewa', 'EW', 1),
(2310, 148, 'Ijuw', 'IJ', 1),
(2311, 148, 'Meneng', 'ME', 1),
(2312, 148, 'Nibok', 'NI', 1),
(2313, 148, 'Uaboe', 'UA', 1),
(2314, 148, 'Yaren', 'YA', 1),
(2315, 149, 'Bagmati', 'BA', 1),
(2316, 149, 'Bheri', 'BH', 1),
(2317, 149, 'Dhawalagiri', 'DH', 1),
(2318, 149, 'Gandaki', 'GA', 1),
(2319, 149, 'Janakpur', 'JA', 1),
(2320, 149, 'Karnali', 'KA', 1),
(2321, 149, 'Kosi', 'KO', 1),
(2322, 149, 'Lumbini', 'LU', 1),
(2323, 149, 'Mahakali', 'MA', 1),
(2324, 149, 'Mechi', 'ME', 1),
(2325, 149, 'Narayani', 'NA', 1),
(2326, 149, 'Rapti', 'RA', 1),
(2327, 149, 'Sagarmatha', 'SA', 1),
(2328, 149, 'Seti', 'SE', 1),
(2329, 150, 'Drenthe', 'DR', 1),
(2330, 150, 'Flevoland', 'FL', 1),
(2331, 150, 'Friesland', 'FR', 1),
(2332, 150, 'Gelderland', 'GE', 1),
(2333, 150, 'Groningen', 'GR', 1),
(2334, 150, 'Limburg', 'LI', 1),
(2335, 150, 'Noord Brabant', 'NB', 1),
(2336, 150, 'Noord Holland', 'NH', 1),
(2337, 150, 'Overijssel', 'OV', 1),
(2338, 150, 'Utrecht', 'UT', 1),
(2339, 150, 'Zeeland', 'ZE', 1),
(2340, 150, 'Zuid Holland', 'ZH', 1),
(2341, 152, 'Iles Loyaute', 'L', 1),
(2342, 152, 'Nord', 'N', 1),
(2343, 152, 'Sud', 'S', 1),
(2344, 153, 'Auckland', 'AUK', 1),
(2345, 153, 'Bay of Plenty', 'BOP', 1),
(2346, 153, 'Canterbury', 'CAN', 1),
(2347, 153, 'Coromandel', 'COR', 1),
(2348, 153, 'Gisborne', 'GIS', 1),
(2349, 153, 'Fiordland', 'FIO', 1),
(2350, 153, 'Hawke''s Bay', 'HKB', 1),
(2351, 153, 'Marlborough', 'MBH', 1),
(2352, 153, 'Manawatu-Wanganui', 'MWT', 1),
(2353, 153, 'Mt Cook-Mackenzie', 'MCM', 1),
(2354, 153, 'Nelson', 'NSN', 1),
(2355, 153, 'Northland', 'NTL', 1),
(2356, 153, 'Otago', 'OTA', 1),
(2357, 153, 'Southland', 'STL', 1),
(2358, 153, 'Taranaki', 'TKI', 1),
(2359, 153, 'Wellington', 'WGN', 1),
(2360, 153, 'Waikato', 'WKO', 1),
(2361, 153, 'Wairarapa', 'WAI', 1),
(2362, 153, 'West Coast', 'WTC', 1),
(2363, 154, 'Atlantico Norte', 'AN', 1),
(2364, 154, 'Atlantico Sur', 'AS', 1),
(2365, 154, 'Boaco', 'BO', 1),
(2366, 154, 'Carazo', 'CA', 1),
(2367, 154, 'Chinandega', 'CI', 1),
(2368, 154, 'Chontales', 'CO', 1),
(2369, 154, 'Esteli', 'ES', 1),
(2370, 154, 'Granada', 'GR', 1),
(2371, 154, 'Jinotega', 'JI', 1),
(2372, 154, 'Leon', 'LE', 1),
(2373, 154, 'Madriz', 'MD', 1),
(2374, 154, 'Managua', 'MN', 1),
(2375, 154, 'Masaya', 'MS', 1),
(2376, 154, 'Matagalpa', 'MT', 1),
(2377, 154, 'Nuevo Segovia', 'NS', 1),
(2378, 154, 'Rio San Juan', 'RS', 1),
(2379, 154, 'Rivas', 'RI', 1),
(2380, 155, 'Agadez', 'AG', 1),
(2381, 155, 'Diffa', 'DF', 1),
(2382, 155, 'Dosso', 'DS', 1),
(2383, 155, 'Maradi', 'MA', 1),
(2384, 155, 'Niamey', 'NM', 1),
(2385, 155, 'Tahoua', 'TH', 1),
(2386, 155, 'Tillaberi', 'TL', 1),
(2387, 155, 'Zinder', 'ZD', 1),
(2388, 156, 'Abia', 'AB', 1),
(2389, 156, 'Abuja Federal Capital Territory', 'CT', 1),
(2390, 156, 'Adamawa', 'AD', 1),
(2391, 156, 'Akwa Ibom', 'AK', 1),
(2392, 156, 'Anambra', 'AN', 1),
(2393, 156, 'Bauchi', 'BC', 1),
(2394, 156, 'Bayelsa', 'BY', 1),
(2395, 156, 'Benue', 'BN', 1),
(2396, 156, 'Borno', 'BO', 1),
(2397, 156, 'Cross River', 'CR', 1),
(2398, 156, 'Delta', 'DE', 1),
(2399, 156, 'Ebonyi', 'EB', 1),
(2400, 156, 'Edo', 'ED', 1),
(2401, 156, 'Ekiti', 'EK', 1),
(2402, 156, 'Enugu', 'EN', 1),
(2403, 156, 'Gombe', 'GO', 1),
(2404, 156, 'Imo', 'IM', 1),
(2405, 156, 'Jigawa', 'JI', 1),
(2406, 156, 'Kaduna', 'KD', 1),
(2407, 156, 'Kano', 'KN', 1),
(2408, 156, 'Katsina', 'KT', 1),
(2409, 156, 'Kebbi', 'KE', 1),
(2410, 156, 'Kogi', 'KO', 1),
(2411, 156, 'Kwara', 'KW', 1),
(2412, 156, 'Lagos', 'LA', 1),
(2413, 156, 'Nassarawa', 'NA', 1),
(2414, 156, 'Niger', 'NI', 1),
(2415, 156, 'Ogun', 'OG', 1),
(2416, 156, 'Ondo', 'ONG', 1),
(2417, 156, 'Osun', 'OS', 1),
(2418, 156, 'Oyo', 'OY', 1),
(2419, 156, 'Plateau', 'PL', 1),
(2420, 156, 'Rivers', 'RI', 1),
(2421, 156, 'Sokoto', 'SO', 1),
(2422, 156, 'Taraba', 'TA', 1),
(2423, 156, 'Yobe', 'YO', 1),
(2424, 156, 'Zamfara', 'ZA', 1),
(2425, 159, 'Northern Islands', 'N', 1),
(2426, 159, 'Rota', 'R', 1),
(2427, 159, 'Saipan', 'S', 1),
(2428, 159, 'Tinian', 'T', 1),
(2429, 160, 'Akershus', 'AK', 1),
(2430, 160, 'Aust-Agder', 'AA', 1),
(2431, 160, 'Buskerud', 'BU', 1),
(2432, 160, 'Finnmark', 'FM', 1),
(2433, 160, 'Hedmark', 'HM', 1),
(2434, 160, 'Hordaland', 'HL', 1),
(2435, 160, 'More og Romdal', 'MR', 1),
(2436, 160, 'Nord-Trondelag', 'NT', 1),
(2437, 160, 'Nordland', 'NL', 1),
(2438, 160, 'Ostfold', 'OF', 1),
(2439, 160, 'Oppland', 'OP', 1),
(2440, 160, 'Oslo', 'OL', 1),
(2441, 160, 'Rogaland', 'RL', 1),
(2442, 160, 'Sor-Trondelag', 'ST', 1),
(2443, 160, 'Sogn og Fjordane', 'SJ', 1),
(2444, 160, 'Svalbard', 'SV', 1),
(2445, 160, 'Telemark', 'TM', 1),
(2446, 160, 'Troms', 'TR', 1),
(2447, 160, 'Vest-Agder', 'VA', 1),
(2448, 160, 'Vestfold', 'VF', 1),
(2449, 161, 'Ad Dakhiliyah', 'DA', 1),
(2450, 161, 'Al Batinah', 'BA', 1),
(2451, 161, 'Al Wusta', 'WU', 1),
(2452, 161, 'Ash Sharqiyah', 'SH', 1),
(2453, 161, 'Az Zahirah', 'ZA', 1),
(2454, 161, 'Masqat', 'MA', 1),
(2455, 161, 'Musandam', 'MU', 1),
(2456, 161, 'Zufar', 'ZU', 1),
(2457, 162, 'Balochistan', 'B', 1),
(2458, 162, 'Federally Administered Tribal Areas', 'T', 1),
(2459, 162, 'Islamabad Capital Territory', 'I', 1),
(2460, 162, 'North-West Frontier', 'N', 1),
(2461, 162, 'Punjab', 'P', 1),
(2462, 162, 'Sindh', 'S', 1),
(2463, 163, 'Aimeliik', 'AM', 1),
(2464, 163, 'Airai', 'AR', 1),
(2465, 163, 'Angaur', 'AN', 1),
(2466, 163, 'Hatohobei', 'HA', 1),
(2467, 163, 'Kayangel', 'KA', 1),
(2468, 163, 'Koror', 'KO', 1),
(2469, 163, 'Melekeok', 'ME', 1),
(2470, 163, 'Ngaraard', 'NA', 1),
(2471, 163, 'Ngarchelong', 'NG', 1),
(2472, 163, 'Ngardmau', 'ND', 1),
(2473, 163, 'Ngatpang', 'NT', 1),
(2474, 163, 'Ngchesar', 'NC', 1),
(2475, 163, 'Ngeremlengui', 'NR', 1),
(2476, 163, 'Ngiwal', 'NW', 1),
(2477, 163, 'Peleliu', 'PE', 1),
(2478, 163, 'Sonsorol', 'SO', 1),
(2479, 164, 'Bocas del Toro', 'BT', 1),
(2480, 164, 'Chiriqui', 'CH', 1),
(2481, 164, 'Cocle', 'CC', 1),
(2482, 164, 'Colon', 'CL', 1),
(2483, 164, 'Darien', 'DA', 1),
(2484, 164, 'Herrera', 'HE', 1),
(2485, 164, 'Los Santos', 'LS', 1),
(2486, 164, 'Panama', 'PA', 1),
(2487, 164, 'San Blas', 'SB', 1),
(2488, 164, 'Veraguas', 'VG', 1),
(2489, 165, 'Bougainville', 'BV', 1),
(2490, 165, 'Central', 'CE', 1),
(2491, 165, 'Chimbu', 'CH', 1),
(2492, 165, 'Eastern Highlands', 'EH', 1),
(2493, 165, 'East New Britain', 'EB', 1),
(2494, 165, 'East Sepik', 'ES', 1),
(2495, 165, 'Enga', 'EN', 1),
(2496, 165, 'Gulf', 'GU', 1),
(2497, 165, 'Madang', 'MD', 1),
(2498, 165, 'Manus', 'MN', 1),
(2499, 165, 'Milne Bay', 'MB', 1),
(2500, 165, 'Morobe', 'MR', 1),
(2501, 165, 'National Capital', 'NC', 1),
(2502, 165, 'New Ireland', 'NI', 1),
(2503, 165, 'Northern', 'NO', 1),
(2504, 165, 'Sandaun', 'SA', 1),
(2505, 165, 'Southern Highlands', 'SH', 1),
(2506, 165, 'Western', 'WE', 1),
(2507, 165, 'Western Highlands', 'WH', 1),
(2508, 165, 'West New Britain', 'WB', 1),
(2509, 166, 'Alto Paraguay', 'AG', 1),
(2510, 166, 'Alto Parana', 'AN', 1),
(2511, 166, 'Amambay', 'AM', 1),
(2512, 166, 'Asuncion', 'AS', 1),
(2513, 166, 'Boqueron', 'BO', 1),
(2514, 166, 'Caaguazu', 'CG', 1),
(2515, 166, 'Caazapa', 'CZ', 1),
(2516, 166, 'Canindeyu', 'CN', 1),
(2517, 166, 'Central', 'CE', 1),
(2518, 166, 'Concepcion', 'CC', 1),
(2519, 166, 'Cordillera', 'CD', 1),
(2520, 166, 'Guaira', 'GU', 1),
(2521, 166, 'Itapua', 'IT', 1),
(2522, 166, 'Misiones', 'MI', 1),
(2523, 166, 'Neembucu', 'NE', 1),
(2524, 166, 'Paraguari', 'PA', 1),
(2525, 166, 'Presidente Hayes', 'PH', 1),
(2526, 166, 'San Pedro', 'SP', 1),
(2527, 167, 'Amazonas', 'AM', 1),
(2528, 167, 'Ancash', 'AN', 1),
(2529, 167, 'Apurimac', 'AP', 1),
(2530, 167, 'Arequipa', 'AR', 1),
(2531, 167, 'Ayacucho', 'AY', 1),
(2532, 167, 'Cajamarca', 'CJ', 1),
(2533, 167, 'Callao', 'CL', 1),
(2534, 167, 'Cusco', 'CU', 1),
(2535, 167, 'Huancavelica', 'HV', 1),
(2536, 167, 'Huanuco', 'HO', 1),
(2537, 167, 'Ica', 'IC', 1),
(2538, 167, 'Junin', 'JU', 1),
(2539, 167, 'La Libertad', 'LD', 1),
(2540, 167, 'Lambayeque', 'LY', 1),
(2541, 167, 'Lima', 'LI', 1),
(2542, 167, 'Loreto', 'LO', 1),
(2543, 167, 'Madre de Dios', 'MD', 1),
(2544, 167, 'Moquegua', 'MO', 1),
(2545, 167, 'Pasco', 'PA', 1),
(2546, 167, 'Piura', 'PI', 1),
(2547, 167, 'Puno', 'PU', 1),
(2548, 167, 'San Martin', 'SM', 1),
(2549, 167, 'Tacna', 'TA', 1),
(2550, 167, 'Tumbes', 'TU', 1),
(2551, 167, 'Ucayali', 'UC', 1),
(2552, 168, 'Abra', 'ABR', 1),
(2553, 168, 'Agusan del Norte', 'ANO', 1),
(2554, 168, 'Agusan del Sur', 'ASU', 1),
(2555, 168, 'Aklan', 'AKL', 1),
(2556, 168, 'Albay', 'ALB', 1),
(2557, 168, 'Antique', 'ANT', 1),
(2558, 168, 'Apayao', 'APY', 1),
(2559, 168, 'Aurora', 'AUR', 1),
(2560, 168, 'Basilan', 'BAS', 1),
(2561, 168, 'Bataan', 'BTA', 1),
(2562, 168, 'Batanes', 'BTE', 1),
(2563, 168, 'Batangas', 'BTG', 1),
(2564, 168, 'Biliran', 'BLR', 1),
(2565, 168, 'Benguet', 'BEN', 1),
(2566, 168, 'Bohol', 'BOL', 1),
(2567, 168, 'Bukidnon', 'BUK', 1),
(2568, 168, 'Bulacan', 'BUL', 1),
(2569, 168, 'Cagayan', 'CAG', 1),
(2570, 168, 'Camarines Norte', 'CNO', 1),
(2571, 168, 'Camarines Sur', 'CSU', 1),
(2572, 168, 'Camiguin', 'CAM', 1),
(2573, 168, 'Capiz', 'CAP', 1),
(2574, 168, 'Catanduanes', 'CAT', 1),
(2575, 168, 'Cavite', 'CAV', 1),
(2576, 168, 'Cebu', 'CEB', 1),
(2577, 168, 'Compostela', 'CMP', 1),
(2578, 168, 'Davao del Norte', 'DNO', 1),
(2579, 168, 'Davao del Sur', 'DSU', 1),
(2580, 168, 'Davao Oriental', 'DOR', 1),
(2581, 168, 'Eastern Samar', 'ESA', 1),
(2582, 168, 'Guimaras', 'GUI', 1),
(2583, 168, 'Ifugao', 'IFU', 1),
(2584, 168, 'Ilocos Norte', 'INO', 1),
(2585, 168, 'Ilocos Sur', 'ISU', 1),
(2586, 168, 'Iloilo', 'ILO', 1),
(2587, 168, 'Isabela', 'ISA', 1),
(2588, 168, 'Kalinga', 'KAL', 1),
(2589, 168, 'Laguna', 'LAG', 1),
(2590, 168, 'Lanao del Norte', 'LNO', 1),
(2591, 168, 'Lanao del Sur', 'LSU', 1),
(2592, 168, 'La Union', 'UNI', 1),
(2593, 168, 'Leyte', 'LEY', 1),
(2594, 168, 'Maguindanao', 'MAG', 1),
(2595, 168, 'Marinduque', 'MRN', 1),
(2596, 168, 'Masbate', 'MSB', 1),
(2597, 168, 'Mindoro Occidental', 'MIC', 1),
(2598, 168, 'Mindoro Oriental', 'MIR', 1),
(2599, 168, 'Misamis Occidental', 'MSC', 1),
(2600, 168, 'Misamis Oriental', 'MOR', 1),
(2601, 168, 'Mountain', 'MOP', 1),
(2602, 168, 'Negros Occidental', 'NOC', 1),
(2603, 168, 'Negros Oriental', 'NOR', 1),
(2604, 168, 'North Cotabato', 'NCT', 1),
(2605, 168, 'Northern Samar', 'NSM', 1),
(2606, 168, 'Nueva Ecija', 'NEC', 1),
(2607, 168, 'Nueva Vizcaya', 'NVZ', 1),
(2608, 168, 'Palawan', 'PLW', 1),
(2609, 168, 'Pampanga', 'PMP', 1),
(2610, 168, 'Pangasinan', 'PNG', 1),
(2611, 168, 'Quezon', 'QZN', 1),
(2612, 168, 'Quirino', 'QRN', 1),
(2613, 168, 'Rizal', 'RIZ', 1),
(2614, 168, 'Romblon', 'ROM', 1),
(2615, 168, 'Samar', 'SMR', 1),
(2616, 168, 'Sarangani', 'SRG', 1),
(2617, 168, 'Siquijor', 'SQJ', 1),
(2618, 168, 'Sorsogon', 'SRS', 1),
(2619, 168, 'South Cotabato', 'SCO', 1),
(2620, 168, 'Southern Leyte', 'SLE', 1),
(2621, 168, 'Sultan Kudarat', 'SKU', 1),
(2622, 168, 'Sulu', 'SLU', 1),
(2623, 168, 'Surigao del Norte', 'SNO', 1),
(2624, 168, 'Surigao del Sur', 'SSU', 1),
(2625, 168, 'Tarlac', 'TAR', 1),
(2626, 168, 'Tawi-Tawi', 'TAW', 1),
(2627, 168, 'Zambales', 'ZBL', 1),
(2628, 168, 'Zamboanga del Norte', 'ZNO', 1),
(2629, 168, 'Zamboanga del Sur', 'ZSU', 1),
(2630, 168, 'Zamboanga Sibugay', 'ZSI', 1),
(2631, 170, 'Dolnoslaskie', 'DO', 1),
(2632, 170, 'Kujawsko-Pomorskie', 'KP', 1),
(2633, 170, 'Lodzkie', 'LO', 1),
(2634, 170, 'Lubelskie', 'LL', 1),
(2635, 170, 'Lubuskie', 'LU', 1),
(2636, 170, 'Malopolskie', 'ML', 1),
(2637, 170, 'Mazowieckie', 'MZ', 1),
(2638, 170, 'Opolskie', 'OP', 1),
(2639, 170, 'Podkarpackie', 'PP', 1),
(2640, 170, 'Podlaskie', 'PL', 1),
(2641, 170, 'Pomorskie', 'PM', 1),
(2642, 170, 'Slaskie', 'SL', 1),
(2643, 170, 'Swietokrzyskie', 'SW', 1),
(2644, 170, 'Warminsko-Mazurskie', 'WM', 1),
(2645, 170, 'Wielkopolskie', 'WP', 1),
(2646, 170, 'Zachodniopomorskie', 'ZA', 1),
(2647, 198, 'Saint Pierre', 'P', 1),
(2648, 198, 'Miquelon', 'M', 1),
(2649, 171, 'A&ccedil;ores', 'AC', 1),
(2650, 171, 'Aveiro', 'AV', 1),
(2651, 171, 'Beja', 'BE', 1),
(2652, 171, 'Braga', 'BR', 1),
(2653, 171, 'Bragan&ccedil;a', 'BA', 1),
(2654, 171, 'Castelo Branco', 'CB', 1),
(2655, 171, 'Coimbra', 'CO', 1),
(2656, 171, '&Eacute;vora', 'EV', 1),
(2657, 171, 'Faro', 'FA', 1),
(2658, 171, 'Guarda', 'GU', 1),
(2659, 171, 'Leiria', 'LE', 1),
(2660, 171, 'Lisboa', 'LI', 1),
(2661, 171, 'Madeira', 'ME', 1),
(2662, 171, 'Portalegre', 'PO', 1),
(2663, 171, 'Porto', 'PR', 1),
(2664, 171, 'Santar&eacute;m', 'SA', 1),
(2665, 171, 'Set&uacute;bal', 'SE', 1),
(2666, 171, 'Viana do Castelo', 'VC', 1),
(2667, 171, 'Vila Real', 'VR', 1),
(2668, 171, 'Viseu', 'VI', 1),
(2669, 173, 'Ad Dawhah', 'DW', 1),
(2670, 173, 'Al Ghuwayriyah', 'GW', 1),
(2671, 173, 'Al Jumayliyah', 'JM', 1),
(2672, 173, 'Al Khawr', 'KR', 1),
(2673, 173, 'Al Wakrah', 'WK', 1),
(2674, 173, 'Ar Rayyan', 'RN', 1),
(2675, 173, 'Jarayan al Batinah', 'JB', 1),
(2676, 173, 'Madinat ash Shamal', 'MS', 1),
(2677, 173, 'Umm Sa''id', 'UD', 1),
(2678, 173, 'Umm Salal', 'UL', 1),
(2679, 175, 'Alba', 'AB', 1),
(2680, 175, 'Arad', 'AR', 1),
(2681, 175, 'Arges', 'AG', 1),
(2682, 175, 'Bacau', 'BC', 1),
(2683, 175, 'Bihor', 'BH', 1),
(2684, 175, 'Bistrita-Nasaud', 'BN', 1),
(2685, 175, 'Botosani', 'BT', 1),
(2686, 175, 'Brasov', 'BV', 1),
(2687, 175, 'Braila', 'BR', 1),
(2688, 175, 'Bucuresti', 'B', 1),
(2689, 175, 'Buzau', 'BZ', 1),
(2690, 175, 'Caras-Severin', 'CS', 1),
(2691, 175, 'Calarasi', 'CL', 1),
(2692, 175, 'Cluj', 'CJ', 1),
(2693, 175, 'Constanta', 'CT', 1),
(2694, 175, 'Covasna', 'CV', 1),
(2695, 175, 'Dimbovita', 'DB', 1),
(2696, 175, 'Dolj', 'DJ', 1),
(2697, 175, 'Galati', 'GL', 1),
(2698, 175, 'Giurgiu', 'GR', 1),
(2699, 175, 'Gorj', 'GJ', 1),
(2700, 175, 'Harghita', 'HR', 1),
(2701, 175, 'Hunedoara', 'HD', 1),
(2702, 175, 'Ialomita', 'IL', 1),
(2703, 175, 'Iasi', 'IS', 1),
(2704, 175, 'Ilfov', 'IF', 1),
(2705, 175, 'Maramures', 'MM', 1),
(2706, 175, 'Mehedinti', 'MH', 1),
(2707, 175, 'Mures', 'MS', 1),
(2708, 175, 'Neamt', 'NT', 1),
(2709, 175, 'Olt', 'OT', 1),
(2710, 175, 'Prahova', 'PH', 1),
(2711, 175, 'Satu-Mare', 'SM', 1),
(2712, 175, 'Salaj', 'SJ', 1),
(2713, 175, 'Sibiu', 'SB', 1),
(2714, 175, 'Suceava', 'SV', 1),
(2715, 175, 'Teleorman', 'TR', 1),
(2716, 175, 'Timis', 'TM', 1),
(2717, 175, 'Tulcea', 'TL', 1),
(2718, 175, 'Vaslui', 'VS', 1),
(2719, 175, 'Valcea', 'VL', 1),
(2720, 175, 'Vrancea', 'VN', 1),
(2721, 176, 'Abakan', 'AB', 1),
(2722, 176, 'Aginskoye', 'AG', 1),
(2723, 176, 'Anadyr', 'AN', 1),
(2724, 176, 'Arkahangelsk', 'AR', 1),
(2725, 176, 'Astrakhan', 'AS', 1),
(2726, 176, 'Barnaul', 'BA', 1),
(2727, 176, 'Belgorod', 'BE', 1),
(2728, 176, 'Birobidzhan', 'BI', 1),
(2729, 176, 'Blagoveshchensk', 'BL', 1),
(2730, 176, 'Bryansk', 'BR', 1),
(2731, 176, 'Cheboksary', 'CH', 1),
(2732, 176, 'Chelyabinsk', 'CL', 1),
(2733, 176, 'Cherkessk', 'CR', 1),
(2734, 176, 'Chita', 'CI', 1),
(2735, 176, 'Dudinka', 'DU', 1),
(2736, 176, 'Elista', 'EL', 1),
(2737, 176, 'Gomo-Altaysk', 'GO', 1),
(2738, 176, 'Gorno-Altaysk', 'GA', 1),
(2739, 176, 'Groznyy', 'GR', 1),
(2740, 176, 'Irkutsk', 'IR', 1),
(2741, 176, 'Ivanovo', 'IV', 1),
(2742, 176, 'Izhevsk', 'IZ', 1),
(2743, 176, 'Kalinigrad', 'KA', 1),
(2744, 176, 'Kaluga', 'KL', 1),
(2745, 176, 'Kasnodar', 'KS', 1),
(2746, 176, 'Kazan', 'KZ', 1),
(2747, 176, 'Kemerovo', 'KE', 1),
(2748, 176, 'Khabarovsk', 'KH', 1),
(2749, 176, 'Khanty-Mansiysk', 'KM', 1),
(2750, 176, 'Kostroma', 'KO', 1),
(2751, 176, 'Krasnodar', 'KR', 1),
(2752, 176, 'Krasnoyarsk', 'KN', 1),
(2753, 176, 'Kudymkar', 'KU', 1),
(2754, 176, 'Kurgan', 'KG', 1),
(2755, 176, 'Kursk', 'KK', 1),
(2756, 176, 'Kyzyl', 'KY', 1),
(2757, 176, 'Lipetsk', 'LI', 1),
(2758, 176, 'Magadan', 'MA', 1),
(2759, 176, 'Makhachkala', 'MK', 1),
(2760, 176, 'Maykop', 'MY', 1),
(2761, 176, 'Moscow', 'MO', 1),
(2762, 176, 'Murmansk', 'MU', 1),
(2763, 176, 'Nalchik', 'NA', 1),
(2764, 176, 'Naryan Mar', 'NR', 1),
(2765, 176, 'Nazran', 'NZ', 1),
(2766, 176, 'Nizhniy Novgorod', 'NI', 1),
(2767, 176, 'Novgorod', 'NO', 1),
(2768, 176, 'Novosibirsk', 'NV', 1),
(2769, 176, 'Omsk', 'OM', 1),
(2770, 176, 'Orel', 'OR', 1),
(2771, 176, 'Orenburg', 'OE', 1),
(2772, 176, 'Palana', 'PA', 1),
(2773, 176, 'Penza', 'PE', 1),
(2774, 176, 'Perm', 'PR', 1),
(2775, 176, 'Petropavlovsk-Kamchatskiy', 'PK', 1),
(2776, 176, 'Petrozavodsk', 'PT', 1),
(2777, 176, 'Pskov', 'PS', 1),
(2778, 176, 'Rostov-na-Donu', 'RO', 1),
(2779, 176, 'Ryazan', 'RY', 1),
(2780, 176, 'Salekhard', 'SL', 1),
(2781, 176, 'Samara', 'SA', 1),
(2782, 176, 'Saransk', 'SR', 1),
(2783, 176, 'Saratov', 'SV', 1),
(2784, 176, 'Smolensk', 'SM', 1),
(2785, 176, 'St. Petersburg', 'SP', 1),
(2786, 176, 'Stavropol', 'ST', 1),
(2787, 176, 'Syktyvkar', 'SY', 1),
(2788, 176, 'Tambov', 'TA', 1),
(2789, 176, 'Tomsk', 'TO', 1),
(2790, 176, 'Tula', 'TU', 1),
(2791, 176, 'Tura', 'TR', 1),
(2792, 176, 'Tver', 'TV', 1),
(2793, 176, 'Tyumen', 'TY', 1),
(2794, 176, 'Ufa', 'UF', 1),
(2795, 176, 'Ul''yanovsk', 'UL', 1),
(2796, 176, 'Ulan-Ude', 'UU', 1),
(2797, 176, 'Ust''-Ordynskiy', 'US', 1),
(2798, 176, 'Vladikavkaz', 'VL', 1),
(2799, 176, 'Vladimir', 'VA', 1),
(2800, 176, 'Vladivostok', 'VV', 1),
(2801, 176, 'Volgograd', 'VG', 1),
(2802, 176, 'Vologda', 'VD', 1),
(2803, 176, 'Voronezh', 'VO', 1),
(2804, 176, 'Vyatka', 'VY', 1),
(2805, 176, 'Yakutsk', 'YA', 1),
(2806, 176, 'Yaroslavl', 'YR', 1),
(2807, 176, 'Yekaterinburg', 'YE', 1),
(2808, 176, 'Yoshkar-Ola', 'YO', 1),
(2809, 177, 'Butare', 'BU', 1),
(2810, 177, 'Byumba', 'BY', 1),
(2811, 177, 'Cyangugu', 'CY', 1),
(2812, 177, 'Gikongoro', 'GK', 1),
(2813, 177, 'Gisenyi', 'GS', 1),
(2814, 177, 'Gitarama', 'GT', 1),
(2815, 177, 'Kibungo', 'KG', 1),
(2816, 177, 'Kibuye', 'KY', 1),
(2817, 177, 'Kigali Rurale', 'KR', 1),
(2818, 177, 'Kigali-ville', 'KV', 1),
(2819, 177, 'Ruhengeri', 'RU', 1),
(2820, 177, 'Umutara', 'UM', 1),
(2821, 178, 'Christ Church Nichola Town', 'CCN', 1),
(2822, 178, 'Saint Anne Sandy Point', 'SAS', 1),
(2823, 178, 'Saint George Basseterre', 'SGB', 1),
(2824, 178, 'Saint George Gingerland', 'SGG', 1),
(2825, 178, 'Saint James Windward', 'SJW', 1),
(2826, 178, 'Saint John Capesterre', 'SJC', 1),
(2827, 178, 'Saint John Figtree', 'SJF', 1),
(2828, 178, 'Saint Mary Cayon', 'SMC', 1),
(2829, 178, 'Saint Paul Capesterre', 'CAP', 1),
(2830, 178, 'Saint Paul Charlestown', 'CHA', 1),
(2831, 178, 'Saint Peter Basseterre', 'SPB', 1),
(2832, 178, 'Saint Thomas Lowland', 'STL', 1),
(2833, 178, 'Saint Thomas Middle Island', 'STM', 1),
(2834, 178, 'Trinity Palmetto Point', 'TPP', 1),
(2835, 179, 'Anse-la-Raye', 'AR', 1),
(2836, 179, 'Castries', 'CA', 1),
(2837, 179, 'Choiseul', 'CH', 1),
(2838, 179, 'Dauphin', 'DA', 1),
(2839, 179, 'Dennery', 'DE', 1),
(2840, 179, 'Gros-Islet', 'GI', 1),
(2841, 179, 'Laborie', 'LA', 1),
(2842, 179, 'Micoud', 'MI', 1),
(2843, 179, 'Praslin', 'PR', 1),
(2844, 179, 'Soufriere', 'SO', 1),
(2845, 179, 'Vieux-Fort', 'VF', 1),
(2846, 180, 'Charlotte', 'C', 1),
(2847, 180, 'Grenadines', 'R', 1),
(2848, 180, 'Saint Andrew', 'A', 1),
(2849, 180, 'Saint David', 'D', 1),
(2850, 180, 'Saint George', 'G', 1),
(2851, 180, 'Saint Patrick', 'P', 1),
(2852, 181, 'A''ana', 'AN', 1),
(2853, 181, 'Aiga-i-le-Tai', 'AI', 1),
(2854, 181, 'Atua', 'AT', 1),
(2855, 181, 'Fa''asaleleaga', 'FA', 1),
(2856, 181, 'Gaga''emauga', 'GE', 1),
(2857, 181, 'Gagaifomauga', 'GF', 1),
(2858, 181, 'Palauli', 'PA', 1),
(2859, 181, 'Satupa''itea', 'SA', 1),
(2860, 181, 'Tuamasaga', 'TU', 1),
(2861, 181, 'Va''a-o-Fonoti', 'VF', 1),
(2862, 181, 'Vaisigano', 'VS', 1),
(2863, 182, 'Acquaviva', 'AC', 1),
(2864, 182, 'Borgo Maggiore', 'BM', 1),
(2865, 182, 'Chiesanuova', 'CH', 1),
(2866, 182, 'Domagnano', 'DO', 1),
(2867, 182, 'Faetano', 'FA', 1),
(2868, 182, 'Fiorentino', 'FI', 1),
(2869, 182, 'Montegiardino', 'MO', 1),
(2870, 182, 'Citta di San Marino', 'SM', 1),
(2871, 182, 'Serravalle', 'SE', 1),
(2872, 183, 'Sao Tome', 'S', 1),
(2873, 183, 'Principe', 'P', 1),
(2874, 184, 'Al Bahah', 'BH', 1),
(2875, 184, 'Al Hudud ash Shamaliyah', 'HS', 1),
(2876, 184, 'Al Jawf', 'JF', 1),
(2877, 184, 'Al Madinah', 'MD', 1),
(2878, 184, 'Al Qasim', 'QS', 1),
(2879, 184, 'Ar Riyad', 'RD', 1),
(2880, 184, 'Ash Sharqiyah (Eastern)', 'AQ', 1),
(2881, 184, '''Asir', 'AS', 1),
(2882, 184, 'Ha''il', 'HL', 1),
(2883, 184, 'Jizan', 'JZ', 1),
(2884, 184, 'Makkah', 'ML', 1),
(2885, 184, 'Najran', 'NR', 1),
(2886, 184, 'Tabuk', 'TB', 1),
(2887, 185, 'Dakar', 'DA', 1),
(2888, 185, 'Diourbel', 'DI', 1),
(2889, 185, 'Fatick', 'FA', 1),
(2890, 185, 'Kaolack', 'KA', 1),
(2891, 185, 'Kolda', 'KO', 1),
(2892, 185, 'Louga', 'LO', 1),
(2893, 185, 'Matam', 'MA', 1),
(2894, 185, 'Saint-Louis', 'SL', 1),
(2895, 185, 'Tambacounda', 'TA', 1),
(2896, 185, 'Thies', 'TH', 1),
(2897, 185, 'Ziguinchor', 'ZI', 1),
(2898, 186, 'Anse aux Pins', 'AP', 1),
(2899, 186, 'Anse Boileau', 'AB', 1),
(2900, 186, 'Anse Etoile', 'AE', 1),
(2901, 186, 'Anse Louis', 'AL', 1),
(2902, 186, 'Anse Royale', 'AR', 1),
(2903, 186, 'Baie Lazare', 'BL', 1),
(2904, 186, 'Baie Sainte Anne', 'BS', 1),
(2905, 186, 'Beau Vallon', 'BV', 1),
(2906, 186, 'Bel Air', 'BA', 1),
(2907, 186, 'Bel Ombre', 'BO', 1),
(2908, 186, 'Cascade', 'CA', 1),
(2909, 186, 'Glacis', 'GL', 1),
(2910, 186, 'Grand'' Anse (on Mahe)', 'GM', 1),
(2911, 186, 'Grand'' Anse (on Praslin)', 'GP', 1),
(2912, 186, 'La Digue', 'DG', 1),
(2913, 186, 'La Riviere Anglaise', 'RA', 1),
(2914, 186, 'Mont Buxton', 'MB', 1),
(2915, 186, 'Mont Fleuri', 'MF', 1),
(2916, 186, 'Plaisance', 'PL', 1),
(2917, 186, 'Pointe La Rue', 'PR', 1),
(2918, 186, 'Port Glaud', 'PG', 1),
(2919, 186, 'Saint Louis', 'SL', 1),
(2920, 186, 'Takamaka', 'TA', 1),
(2921, 187, 'Eastern', 'E', 1),
(2922, 187, 'Northern', 'N', 1),
(2923, 187, 'Southern', 'S', 1),
(2924, 187, 'Western', 'W', 1),
(2925, 189, 'Banskobystrick', 'BA', 1),
(2926, 189, 'Bratislavsk', 'BR', 1),
(2927, 189, 'Koick', 'KO', 1),
(2928, 189, 'Nitriansky', 'NI', 1),
(2929, 189, 'Preovsk', 'PR', 1),
(2930, 189, 'Treniansky', 'TC', 1),
(2931, 189, 'Trnavsk', 'TV', 1),
(2932, 189, 'ilinsk', 'ZI', 1),
(2933, 191, 'Central', 'CE', 1),
(2934, 191, 'Choiseul', 'CH', 1),
(2935, 191, 'Guadalcanal', 'GC', 1),
(2936, 191, 'Honiara', 'HO', 1),
(2937, 191, 'Isabel', 'IS', 1),
(2938, 191, 'Makira', 'MK', 1),
(2939, 191, 'Malaita', 'ML', 1),
(2940, 191, 'Rennell and Bellona', 'RB', 1),
(2941, 191, 'Temotu', 'TM', 1),
(2942, 191, 'Western', 'WE', 1),
(2943, 192, 'Awdal', 'AW', 1),
(2944, 192, 'Bakool', 'BK', 1),
(2945, 192, 'Banaadir', 'BN', 1),
(2946, 192, 'Bari', 'BR', 1),
(2947, 192, 'Bay', 'BY', 1),
(2948, 192, 'Galguduud', 'GA', 1),
(2949, 192, 'Gedo', 'GE', 1),
(2950, 192, 'Hiiraan', 'HI', 1),
(2951, 192, 'Jubbada Dhexe', 'JD', 1),
(2952, 192, 'Jubbada Hoose', 'JH', 1),
(2953, 192, 'Mudug', 'MU', 1),
(2954, 192, 'Nugaal', 'NU', 1),
(2955, 192, 'Sanaag', 'SA', 1),
(2956, 192, 'Shabeellaha Dhexe', 'SD', 1),
(2957, 192, 'Shabeellaha Hoose', 'SH', 1),
(2958, 192, 'Sool', 'SL', 1),
(2959, 192, 'Togdheer', 'TO', 1),
(2960, 192, 'Woqooyi Galbeed', 'WG', 1),
(2961, 193, 'Eastern Cape', 'EC', 1),
(2962, 193, 'Free State', 'FS', 1),
(2963, 193, 'Gauteng', 'GT', 1),
(2964, 193, 'KwaZulu-Natal', 'KN', 1),
(2965, 193, 'Limpopo', 'LP', 1),
(2966, 193, 'Mpumalanga', 'MP', 1),
(2967, 193, 'North West', 'NW', 1),
(2968, 193, 'Northern Cape', 'NC', 1),
(2969, 193, 'Western Cape', 'WC', 1),
(2970, 195, 'La Coru&ntilde;a', 'CA', 1),
(2971, 195, '&Aacute;lava', 'AL', 1),
(2972, 195, 'Albacete', 'AB', 1),
(2973, 195, 'Alicante', 'AC', 1),
(2974, 195, 'Almeria', 'AM', 1),
(2975, 195, 'Asturias', 'AS', 1),
(2976, 195, '&Aacute;vila', 'AV', 1),
(2977, 195, 'Badajoz', 'BJ', 1),
(2978, 195, 'Baleares', 'IB', 1),
(2979, 195, 'Barcelona', 'BA', 1),
(2980, 195, 'Burgos', 'BU', 1),
(2981, 195, 'C&aacute;ceres', 'CC', 1),
(2982, 195, 'C&aacute;diz', 'CZ', 1),
(2983, 195, 'Cantabria', 'CT', 1),
(2984, 195, 'Castell&oacute;n', 'CL', 1),
(2985, 195, 'Ceuta', 'CE', 1),
(2986, 195, 'Ciudad Real', 'CR', 1),
(2987, 195, 'C&oacute;rdoba', 'CD', 1),
(2988, 195, 'Cuenca', 'CU', 1),
(2989, 195, 'Girona', 'GI', 1),
(2990, 195, 'Granada', 'GD', 1),
(2991, 195, 'Guadalajara', 'GJ', 1),
(2992, 195, 'Guip&uacute;zcoa', 'GP', 1),
(2993, 195, 'Huelva', 'HL', 1),
(2994, 195, 'Huesca', 'HS', 1),
(2995, 195, 'Ja&eacute;n', 'JN', 1),
(2996, 195, 'La Rioja', 'RJ', 1),
(2997, 195, 'Las Palmas', 'PM', 1),
(2998, 195, 'Leon', 'LE', 1),
(2999, 195, 'Lleida', 'LL', 1),
(3000, 195, 'Lugo', 'LG', 1),
(3001, 195, 'Madrid', 'MD', 1),
(3002, 195, 'Malaga', 'MA', 1),
(3003, 195, 'Melilla', 'ML', 1),
(3004, 195, 'Murcia', 'MU', 1),
(3005, 195, 'Navarra', 'NV', 1),
(3006, 195, 'Ourense', 'OU', 1),
(3007, 195, 'Palencia', 'PL', 1),
(3008, 195, 'Pontevedra', 'PO', 1),
(3009, 195, 'Salamanca', 'SL', 1),
(3010, 195, 'Santa Cruz de Tenerife', 'SC', 1),
(3011, 195, 'Segovia', 'SG', 1),
(3012, 195, 'Sevilla', 'SV', 1),
(3013, 195, 'Soria', 'SO', 1),
(3014, 195, 'Tarragona', 'TA', 1),
(3015, 195, 'Teruel', 'TE', 1),
(3016, 195, 'Toledo', 'TO', 1),
(3017, 195, 'Valencia', 'VC', 1),
(3018, 195, 'Valladolid', 'VD', 1),
(3019, 195, 'Vizcaya', 'VZ', 1),
(3020, 195, 'Zamora', 'ZM', 1),
(3021, 195, 'Zaragoza', 'ZR', 1),
(3022, 196, 'Central', 'CE', 1),
(3023, 196, 'Eastern', 'EA', 1),
(3024, 196, 'North Central', 'NC', 1),
(3025, 196, 'Northern', 'NO', 1),
(3026, 196, 'North Western', 'NW', 1),
(3027, 196, 'Sabaragamuwa', 'SA', 1),
(3028, 196, 'Southern', 'SO', 1),
(3029, 196, 'Uva', 'UV', 1),
(3030, 196, 'Western', 'WE', 1),
(3031, 197, 'Ascension', 'A', 1),
(3032, 197, 'Saint Helena', 'S', 1),
(3033, 197, 'Tristan da Cunha', 'T', 1),
(3034, 199, 'A''ali an Nil', 'ANL', 1),
(3035, 199, 'Al Bahr al Ahmar', 'BAM', 1),
(3036, 199, 'Al Buhayrat', 'BRT', 1),
(3037, 199, 'Al Jazirah', 'JZR', 1),
(3038, 199, 'Al Khartum', 'KRT', 1),
(3039, 199, 'Al Qadarif', 'QDR', 1),
(3040, 199, 'Al Wahdah', 'WDH', 1),
(3041, 199, 'An Nil al Abyad', 'ANB', 1),
(3042, 199, 'An Nil al Azraq', 'ANZ', 1),
(3043, 199, 'Ash Shamaliyah', 'ASH', 1),
(3044, 199, 'Bahr al Jabal', 'BJA', 1),
(3045, 199, 'Gharb al Istiwa''iyah', 'GIS', 1),
(3046, 199, 'Gharb Bahr al Ghazal', 'GBG', 1),
(3047, 199, 'Gharb Darfur', 'GDA', 1),
(3048, 199, 'Gharb Kurdufan', 'GKU', 1),
(3049, 199, 'Janub Darfur', 'JDA', 1),
(3050, 199, 'Janub Kurdufan', 'JKU', 1),
(3051, 199, 'Junqali', 'JQL', 1),
(3052, 199, 'Kassala', 'KSL', 1),
(3053, 199, 'Nahr an Nil', 'NNL', 1),
(3054, 199, 'Shamal Bahr al Ghazal', 'SBG', 1),
(3055, 199, 'Shamal Darfur', 'SDA', 1),
(3056, 199, 'Shamal Kurdufan', 'SKU', 1),
(3057, 199, 'Sharq al Istiwa''iyah', 'SIS', 1),
(3058, 199, 'Sinnar', 'SNR', 1),
(3059, 199, 'Warab', 'WRB', 1),
(3060, 200, 'Brokopondo', 'BR', 1),
(3061, 200, 'Commewijne', 'CM', 1),
(3062, 200, 'Coronie', 'CR', 1),
(3063, 200, 'Marowijne', 'MA', 1),
(3064, 200, 'Nickerie', 'NI', 1),
(3065, 200, 'Para', 'PA', 1),
(3066, 200, 'Paramaribo', 'PM', 1),
(3067, 200, 'Saramacca', 'SA', 1),
(3068, 200, 'Sipaliwini', 'SI', 1),
(3069, 200, 'Wanica', 'WA', 1),
(3070, 202, 'Hhohho', 'H', 1),
(3071, 202, 'Lubombo', 'L', 1),
(3072, 202, 'Manzini', 'M', 1),
(3073, 202, 'Shishelweni', 'S', 1),
(3074, 203, 'Blekinge', 'K', 1),
(3075, 203, 'Dalarna', 'W', 1),
(3076, 203, 'G&auml;vleborg', 'X', 1),
(3077, 203, 'Gotland', 'I', 1),
(3078, 203, 'Halland', 'N', 1);
INSERT INTO `state` (`stateId`, `countryId`, `name`, `code`, `status`) VALUES
(3079, 203, 'J&auml;mtland', 'Z', 1),
(3080, 203, 'J&ouml;nk&ouml;ping', 'F', 1),
(3081, 203, 'Kalmar', 'H', 1),
(3082, 203, 'Kronoberg', 'G', 1),
(3083, 203, 'Norrbotten', 'BD', 1),
(3084, 203, '&Ouml;rebro', 'T', 1),
(3085, 203, '&Ouml;sterg&ouml;tland', 'E', 1),
(3086, 203, 'Sk&aring;ne', 'M', 1),
(3087, 203, 'S&ouml;dermanland', 'D', 1),
(3088, 203, 'Stockholm', 'AB', 1),
(3089, 203, 'Uppsala', 'C', 1),
(3090, 203, 'V&auml;rmland', 'S', 1),
(3091, 203, 'V&auml;sterbotten', 'AC', 1),
(3092, 203, 'V&auml;sternorrland', 'Y', 1),
(3093, 203, 'V&auml;stmanland', 'U', 1),
(3094, 203, 'V&auml;stra G&ouml;taland', 'O', 1),
(3095, 204, 'Aargau', 'AG', 1),
(3096, 204, 'Appenzell Ausserrhoden', 'AR', 1),
(3097, 204, 'Appenzell Innerrhoden', 'AI', 1),
(3098, 204, 'Basel-Stadt', 'BS', 1),
(3099, 204, 'Basel-Landschaft', 'BL', 1),
(3100, 204, 'Bern', 'BE', 1),
(3101, 204, 'Fribourg', 'FR', 1),
(3102, 204, 'Gen&egrave;ve', 'GE', 1),
(3103, 204, 'Glarus', 'GL', 1),
(3104, 204, 'Graub&uuml;nden', 'GR', 1),
(3105, 204, 'Jura', 'JU', 1),
(3106, 204, 'Luzern', 'LU', 1),
(3107, 204, 'Neuch&acirc;tel', 'NE', 1),
(3108, 204, 'Nidwald', 'NW', 1),
(3109, 204, 'Obwald', 'OW', 1),
(3110, 204, 'St. Gallen', 'SG', 1),
(3111, 204, 'Schaffhausen', 'SH', 1),
(3112, 204, 'Schwyz', 'SZ', 1),
(3113, 204, 'Solothurn', 'SO', 1),
(3114, 204, 'Thurgau', 'TG', 1),
(3115, 204, 'Ticino', 'TI', 1),
(3116, 204, 'Uri', 'UR', 1),
(3117, 204, 'Valais', 'VS', 1),
(3118, 204, 'Vaud', 'VD', 1),
(3119, 204, 'Zug', 'ZG', 1),
(3120, 204, 'Z&uuml;rich', 'ZH', 1),
(3121, 205, 'Al Hasakah', 'HA', 1),
(3122, 205, 'Al Ladhiqiyah', 'LA', 1),
(3123, 205, 'Al Qunaytirah', 'QU', 1),
(3124, 205, 'Ar Raqqah', 'RQ', 1),
(3125, 205, 'As Suwayda', 'SU', 1),
(3126, 205, 'Dara', 'DA', 1),
(3127, 205, 'Dayr az Zawr', 'DZ', 1),
(3128, 205, 'Dimashq', 'DI', 1),
(3129, 205, 'Halab', 'HL', 1),
(3130, 205, 'Hamah', 'HM', 1),
(3131, 205, 'Hims', 'HI', 1),
(3132, 205, 'Idlib', 'ID', 1),
(3133, 205, 'Rif Dimashq', 'RD', 1),
(3134, 205, 'Tartus', 'TA', 1),
(3135, 206, 'Chang-hua', 'CH', 1),
(3136, 206, 'Chia-i', 'CI', 1),
(3137, 206, 'Hsin-chu', 'HS', 1),
(3138, 206, 'Hua-lien', 'HL', 1),
(3139, 206, 'I-lan', 'IL', 1),
(3140, 206, 'Kao-hsiung county', 'KH', 1),
(3141, 206, 'Kin-men', 'KM', 1),
(3142, 206, 'Lien-chiang', 'LC', 1),
(3143, 206, 'Miao-li', 'ML', 1),
(3144, 206, 'Nan-t''ou', 'NT', 1),
(3145, 206, 'P''eng-hu', 'PH', 1),
(3146, 206, 'P''ing-tung', 'PT', 1),
(3147, 206, 'T''ai-chung', 'TG', 1),
(3148, 206, 'T''ai-nan', 'TA', 1),
(3149, 206, 'T''ai-pei county', 'TP', 1),
(3150, 206, 'T''ai-tung', 'TT', 1),
(3151, 206, 'T''ao-yuan', 'TY', 1),
(3152, 206, 'Yun-lin', 'YL', 1),
(3153, 206, 'Chia-i city', 'CC', 1),
(3154, 206, 'Chi-lung', 'CL', 1),
(3155, 206, 'Hsin-chu', 'HC', 1),
(3156, 206, 'T''ai-chung', 'TH', 1),
(3157, 206, 'T''ai-nan', 'TN', 1),
(3158, 206, 'Kao-hsiung city', 'KC', 1),
(3159, 206, 'T''ai-pei city', 'TC', 1),
(3160, 207, 'Gorno-Badakhstan', 'GB', 1),
(3161, 207, 'Khatlon', 'KT', 1),
(3162, 207, 'Sughd', 'SU', 1),
(3163, 208, 'Arusha', 'AR', 1),
(3164, 208, 'Dar es Salaam', 'DS', 1),
(3165, 208, 'Dodoma', 'DO', 1),
(3166, 208, 'Iringa', 'IR', 1),
(3167, 208, 'Kagera', 'KA', 1),
(3168, 208, 'Kigoma', 'KI', 1),
(3169, 208, 'Kilimanjaro', 'KJ', 1),
(3170, 208, 'Lindi', 'LN', 1),
(3171, 208, 'Manyara', 'MY', 1),
(3172, 208, 'Mara', 'MR', 1),
(3173, 208, 'Mbeya', 'MB', 1),
(3174, 208, 'Morogoro', 'MO', 1),
(3175, 208, 'Mtwara', 'MT', 1),
(3176, 208, 'Mwanza', 'MW', 1),
(3177, 208, 'Pemba North', 'PN', 1),
(3178, 208, 'Pemba South', 'PS', 1),
(3179, 208, 'Pwani', 'PW', 1),
(3180, 208, 'Rukwa', 'RK', 1),
(3181, 208, 'Ruvuma', 'RV', 1),
(3182, 208, 'Shinyanga', 'SH', 1),
(3183, 208, 'Singida', 'SI', 1),
(3184, 208, 'Tabora', 'TB', 1),
(3185, 208, 'Tanga', 'TN', 1),
(3186, 208, 'Zanzibar Central/South', 'ZC', 1),
(3187, 208, 'Zanzibar North', 'ZN', 1),
(3188, 208, 'Zanzibar Urban/West', 'ZU', 1),
(3189, 209, 'Amnat Charoen', 'Amnat Charoen', 1),
(3190, 209, 'Ang Thong', 'Ang Thong', 1),
(3191, 209, 'Ayutthaya', 'Ayutthaya', 1),
(3192, 209, 'Bangkok', 'Bangkok', 1),
(3193, 209, 'Buriram', 'Buriram', 1),
(3194, 209, 'Chachoengsao', 'Chachoengsao', 1),
(3195, 209, 'Chai Nat', 'Chai Nat', 1),
(3196, 209, 'Chaiyaphum', 'Chaiyaphum', 1),
(3197, 209, 'Chanthaburi', 'Chanthaburi', 1),
(3198, 209, 'Chiang Mai', 'Chiang Mai', 1),
(3199, 209, 'Chiang Rai', 'Chiang Rai', 1),
(3200, 209, 'Chon Buri', 'Chon Buri', 1),
(3201, 209, 'Chumphon', 'Chumphon', 1),
(3202, 209, 'Kalasin', 'Kalasin', 1),
(3203, 209, 'Kamphaeng Phet', 'Kamphaeng Phet', 1),
(3204, 209, 'Kanchanaburi', 'Kanchanaburi', 1),
(3205, 209, 'Khon Kaen', 'Khon Kaen', 1),
(3206, 209, 'Krabi', 'Krabi', 1),
(3207, 209, 'Lampang', 'Lampang', 1),
(3208, 209, 'Lamphun', 'Lamphun', 1),
(3209, 209, 'Loei', 'Loei', 1),
(3210, 209, 'Lop Buri', 'Lop Buri', 1),
(3211, 209, 'Mae Hong Son', 'Mae Hong Son', 1),
(3212, 209, 'Maha Sarakham', 'Maha Sarakham', 1),
(3213, 209, 'Mukdahan', 'Mukdahan', 1),
(3214, 209, 'Nakhon Nayok', 'Nakhon Nayok', 1),
(3215, 209, 'Nakhon Pathom', 'Nakhon Pathom', 1),
(3216, 209, 'Nakhon Phanom', 'Nakhon Phanom', 1),
(3217, 209, 'Nakhon Ratchasima', 'Nakhon Ratchasima', 1),
(3218, 209, 'Nakhon Sawan', 'Nakhon Sawan', 1),
(3219, 209, 'Nakhon Si Thammarat', 'Nakhon Si Thammarat', 1),
(3220, 209, 'Nan', 'Nan', 1),
(3221, 209, 'Narathiwat', 'Narathiwat', 1),
(3222, 209, 'Nong Bua Lamphu', 'Nong Bua Lamphu', 1),
(3223, 209, 'Nong Khai', 'Nong Khai', 1),
(3224, 209, 'Nonthaburi', 'Nonthaburi', 1),
(3225, 209, 'Pathum Thani', 'Pathum Thani', 1),
(3226, 209, 'Pattani', 'Pattani', 1),
(3227, 209, 'Phangnga', 'Phangnga', 1),
(3228, 209, 'Phatthalung', 'Phatthalung', 1),
(3229, 209, 'Phayao', 'Phayao', 1),
(3230, 209, 'Phetchabun', 'Phetchabun', 1),
(3231, 209, 'Phetchaburi', 'Phetchaburi', 1),
(3232, 209, 'Phichit', 'Phichit', 1),
(3233, 209, 'Phitsanulok', 'Phitsanulok', 1),
(3234, 209, 'Phrae', 'Phrae', 1),
(3235, 209, 'Phuket', 'Phuket', 1),
(3236, 209, 'Prachin Buri', 'Prachin Buri', 1),
(3237, 209, 'Prachuap Khiri Khan', 'Prachuap Khiri Khan', 1),
(3238, 209, 'Ranong', 'Ranong', 1),
(3239, 209, 'Ratchaburi', 'Ratchaburi', 1),
(3240, 209, 'Rayong', 'Rayong', 1),
(3241, 209, 'Roi Et', 'Roi Et', 1),
(3242, 209, 'Sa Kaeo', 'Sa Kaeo', 1),
(3243, 209, 'Sakon Nakhon', 'Sakon Nakhon', 1),
(3244, 209, 'Samut Prakan', 'Samut Prakan', 1),
(3245, 209, 'Samut Sakhon', 'Samut Sakhon', 1),
(3246, 209, 'Samut Songkhram', 'Samut Songkhram', 1),
(3247, 209, 'Sara Buri', 'Sara Buri', 1),
(3248, 209, 'Satun', 'Satun', 1),
(3249, 209, 'Sing Buri', 'Sing Buri', 1),
(3250, 209, 'Sisaket', 'Sisaket', 1),
(3251, 209, 'Songkhla', 'Songkhla', 1),
(3252, 209, 'Sukhothai', 'Sukhothai', 1),
(3253, 209, 'Suphan Buri', 'Suphan Buri', 1),
(3254, 209, 'Surat Thani', 'Surat Thani', 1),
(3255, 209, 'Surin', 'Surin', 1),
(3256, 209, 'Tak', 'Tak', 1),
(3257, 209, 'Trang', 'Trang', 1),
(3258, 209, 'Trat', 'Trat', 1),
(3259, 209, 'Ubon Ratchathani', 'Ubon Ratchathani', 1),
(3260, 209, 'Udon Thani', 'Udon Thani', 1),
(3261, 209, 'Uthai Thani', 'Uthai Thani', 1),
(3262, 209, 'Uttaradit', 'Uttaradit', 1),
(3263, 209, 'Yala', 'Yala', 1),
(3264, 209, 'Yasothon', 'Yasothon', 1),
(3265, 210, 'Kara', 'K', 1),
(3266, 210, 'Plateaux', 'P', 1),
(3267, 210, 'Savanes', 'S', 1),
(3268, 210, 'Centrale', 'C', 1),
(3269, 210, 'Maritime', 'M', 1),
(3270, 211, 'Atafu', 'A', 1),
(3271, 211, 'Fakaofo', 'F', 1),
(3272, 211, 'Nukunonu', 'N', 1),
(3273, 212, 'Ha''apai', 'H', 1),
(3274, 212, 'Tongatapu', 'T', 1),
(3275, 212, 'Vava''u', 'V', 1),
(3276, 213, 'Couva/Tabaquite/Talparo', 'CT', 1),
(3277, 213, 'Diego Martin', 'DM', 1),
(3278, 213, 'Mayaro/Rio Claro', 'MR', 1),
(3279, 213, 'Penal/Debe', 'PD', 1),
(3280, 213, 'Princes Town', 'PT', 1),
(3281, 213, 'Sangre Grande', 'SG', 1),
(3282, 213, 'San Juan/Laventille', 'SL', 1),
(3283, 213, 'Siparia', 'SI', 1),
(3284, 213, 'Tunapuna/Piarco', 'TP', 1),
(3285, 213, 'Port of Spain', 'PS', 1),
(3286, 213, 'San Fernando', 'SF', 1),
(3287, 213, 'Arima', 'AR', 1),
(3288, 213, 'Point Fortin', 'PF', 1),
(3289, 213, 'Chaguanas', 'CH', 1),
(3290, 213, 'Tobago', 'TO', 1),
(3291, 214, 'Ariana', 'AR', 1),
(3292, 214, 'Beja', 'BJ', 1),
(3293, 214, 'Ben Arous', 'BA', 1),
(3294, 214, 'Bizerte', 'BI', 1),
(3295, 214, 'Gabes', 'GB', 1),
(3296, 214, 'Gafsa', 'GF', 1),
(3297, 214, 'Jendouba', 'JE', 1),
(3298, 214, 'Kairouan', 'KR', 1),
(3299, 214, 'Kasserine', 'KS', 1),
(3300, 214, 'Kebili', 'KB', 1),
(3301, 214, 'Kef', 'KF', 1),
(3302, 214, 'Mahdia', 'MH', 1),
(3303, 214, 'Manouba', 'MN', 1),
(3304, 214, 'Medenine', 'ME', 1),
(3305, 214, 'Monastir', 'MO', 1),
(3306, 214, 'Nabeul', 'NA', 1),
(3307, 214, 'Sfax', 'SF', 1),
(3308, 214, 'Sidi', 'SD', 1),
(3309, 214, 'Siliana', 'SL', 1),
(3310, 214, 'Sousse', 'SO', 1),
(3311, 214, 'Tataouine', 'TA', 1),
(3312, 214, 'Tozeur', 'TO', 1),
(3313, 214, 'Tunis', 'TU', 1),
(3314, 214, 'Zaghouan', 'ZA', 1),
(3315, 215, 'Adana', 'ADA', 1),
(3316, 215, 'Adyaman', 'ADI', 1),
(3317, 215, 'Afyonkarahisar', 'AFY', 1),
(3318, 215, 'Ar', 'AGR', 1),
(3319, 215, 'Aksaray', 'AKS', 1),
(3320, 215, 'Amasya', 'AMA', 1),
(3321, 215, 'Ankara', 'ANK', 1),
(3322, 215, 'Antalya', 'ANT', 1),
(3323, 215, 'Ardahan', 'ARD', 1),
(3324, 215, 'Artvin', 'ART', 1),
(3325, 215, 'Aydn', 'AYI', 1),
(3326, 215, 'Balkesir', 'BAL', 1),
(3327, 215, 'Bartn', 'BAR', 1),
(3328, 215, 'Batman', 'BAT', 1),
(3329, 215, 'Bayburt', 'BAY', 1),
(3330, 215, 'Bilecik', 'BIL', 1),
(3331, 215, 'Bingl', 'BIN', 1),
(3332, 215, 'Bitlis', 'BIT', 1),
(3333, 215, 'Bolu', 'BOL', 1),
(3334, 215, 'Burdur', 'BRD', 1),
(3335, 215, 'Bursa', 'BRS', 1),
(3336, 215, 'anakkale', 'CKL', 1),
(3337, 215, 'ankr', 'CKR', 1),
(3338, 215, 'orum', 'COR', 1),
(3339, 215, 'Denizli', 'DEN', 1),
(3340, 215, 'Diyarbakir', 'DIY', 1),
(3341, 215, 'Dzce', 'DUZ', 1),
(3342, 215, 'Edirne', 'EDI', 1),
(3343, 215, 'Elaz', 'ELA', 1),
(3344, 215, 'Erzincan', 'EZC', 1),
(3345, 215, 'Erzurum', 'EZR', 1),
(3346, 215, 'Eskiehir', 'ESK', 1),
(3347, 215, 'Gaziantep', 'GAZ', 1),
(3348, 215, 'Giresun', 'GIR', 1),
(3349, 215, 'Gmhane', 'GMS', 1),
(3350, 215, 'Hakkari', 'HKR', 1),
(3351, 215, 'Hatay', 'HTY', 1),
(3352, 215, 'Idr', 'IGD', 1),
(3353, 215, 'Isparta', 'ISP', 1),
(3354, 215, 'stanbul', 'IST', 1),
(3355, 215, 'zmir', 'IZM', 1),
(3356, 215, 'Kahramanmara', 'KAH', 1),
(3357, 215, 'Karabk', 'KRB', 1),
(3358, 215, 'Karaman', 'KRM', 1),
(3359, 215, 'Kars', 'KRS', 1),
(3360, 215, 'Kastamonu', 'KAS', 1),
(3361, 215, 'Kayseri', 'KAY', 1),
(3362, 215, 'Kilis', 'KLS', 1),
(3363, 215, 'Krkkale', 'KRK', 1),
(3364, 215, 'Krklareli', 'KLR', 1),
(3365, 215, 'Krehir', 'KRH', 1),
(3366, 215, 'Kocaeli', 'KOC', 1),
(3367, 215, 'Konya', 'KON', 1),
(3368, 215, 'Ktahya', 'KUT', 1),
(3369, 215, 'Malatya', 'MAL', 1),
(3370, 215, 'Manisa', 'MAN', 1),
(3371, 215, 'Mardin', 'MAR', 1),
(3372, 215, 'Mersin', 'MER', 1),
(3373, 215, 'Mula', 'MUG', 1),
(3374, 215, 'Mu', 'MUS', 1),
(3375, 215, 'Nevehir', 'NEV', 1),
(3376, 215, 'Nide', 'NIG', 1),
(3377, 215, 'Ordu', 'ORD', 1),
(3378, 215, 'Osmaniye', 'OSM', 1),
(3379, 215, 'Rize', 'RIZ', 1),
(3380, 215, 'Sakarya', 'SAK', 1),
(3381, 215, 'Samsun', 'SAM', 1),
(3382, 215, 'anlurfa', 'SAN', 1),
(3383, 215, 'Siirt', 'SII', 1),
(3384, 215, 'Sinop', 'SIN', 1),
(3385, 215, 'rnak', 'SIR', 1),
(3386, 215, 'Sivas', 'SIV', 1),
(3387, 215, 'Tekirda', 'TEL', 1),
(3388, 215, 'Tokat', 'TOK', 1),
(3389, 215, 'Trabzon', 'TRA', 1),
(3390, 215, 'Tunceli', 'TUN', 1),
(3391, 215, 'Uak', 'USK', 1),
(3392, 215, 'Van', 'VAN', 1),
(3393, 215, 'Yalova', 'YAL', 1),
(3394, 215, 'Yozgat', 'YOZ', 1),
(3395, 215, 'Zonguldak', 'ZON', 1),
(3396, 216, 'Ahal Welayaty', 'A', 1),
(3397, 216, 'Balkan Welayaty', 'B', 1),
(3398, 216, 'Dashhowuz Welayaty', 'D', 1),
(3399, 216, 'Lebap Welayaty', 'L', 1),
(3400, 216, 'Mary Welayaty', 'M', 1),
(3401, 217, 'Ambergris Cays', 'AC', 1),
(3402, 217, 'Dellis Cay', 'DC', 1),
(3403, 217, 'French Cay', 'FC', 1),
(3404, 217, 'Little Water Cay', 'LW', 1),
(3405, 217, 'Parrot Cay', 'RC', 1),
(3406, 217, 'Pine Cay', 'PN', 1),
(3407, 217, 'Salt Cay', 'SL', 1),
(3408, 217, 'Grand Turk', 'GT', 1),
(3409, 217, 'South Caicos', 'SC', 1),
(3410, 217, 'East Caicos', 'EC', 1),
(3411, 217, 'Middle Caicos', 'MC', 1),
(3412, 217, 'North Caicos', 'NC', 1),
(3413, 217, 'Providenciales', 'PR', 1),
(3414, 217, 'West Caicos', 'WC', 1),
(3415, 218, 'Nanumanga', 'NMG', 1),
(3416, 218, 'Niulakita', 'NLK', 1),
(3417, 218, 'Niutao', 'NTO', 1),
(3418, 218, 'Funafuti', 'FUN', 1),
(3419, 218, 'Nanumea', 'NME', 1),
(3420, 218, 'Nui', 'NUI', 1),
(3421, 218, 'Nukufetau', 'NFT', 1),
(3422, 218, 'Nukulaelae', 'NLL', 1),
(3423, 218, 'Vaitupu', 'VAI', 1),
(3424, 219, 'Kalangala', 'KAL', 1),
(3425, 219, 'Kampala', 'KMP', 1),
(3426, 219, 'Kayunga', 'KAY', 1),
(3427, 219, 'Kiboga', 'KIB', 1),
(3428, 219, 'Luwero', 'LUW', 1),
(3429, 219, 'Masaka', 'MAS', 1),
(3430, 219, 'Mpigi', 'MPI', 1),
(3431, 219, 'Mubende', 'MUB', 1),
(3432, 219, 'Mukono', 'MUK', 1),
(3433, 219, 'Nakasongola', 'NKS', 1),
(3434, 219, 'Rakai', 'RAK', 1),
(3435, 219, 'Sembabule', 'SEM', 1),
(3436, 219, 'Wakiso', 'WAK', 1),
(3437, 219, 'Bugiri', 'BUG', 1),
(3438, 219, 'Busia', 'BUS', 1),
(3439, 219, 'Iganga', 'IGA', 1),
(3440, 219, 'Jinja', 'JIN', 1),
(3441, 219, 'Kaberamaido', 'KAB', 1),
(3442, 219, 'Kamuli', 'KML', 1),
(3443, 219, 'Kapchorwa', 'KPC', 1),
(3444, 219, 'Katakwi', 'KTK', 1),
(3445, 219, 'Kumi', 'KUM', 1),
(3446, 219, 'Mayuge', 'MAY', 1),
(3447, 219, 'Mbale', 'MBA', 1),
(3448, 219, 'Pallisa', 'PAL', 1),
(3449, 219, 'Sironko', 'SIR', 1),
(3450, 219, 'Soroti', 'SOR', 1),
(3451, 219, 'Tororo', 'TOR', 1),
(3452, 219, 'Adjumani', 'ADJ', 1),
(3453, 219, 'Apac', 'APC', 1),
(3454, 219, 'Arua', 'ARU', 1),
(3455, 219, 'Gulu', 'GUL', 1),
(3456, 219, 'Kitgum', 'KIT', 1),
(3457, 219, 'Kotido', 'KOT', 1),
(3458, 219, 'Lira', 'LIR', 1),
(3459, 219, 'Moroto', 'MRT', 1),
(3460, 219, 'Moyo', 'MOY', 1),
(3461, 219, 'Nakapiripirit', 'NAK', 1),
(3462, 219, 'Nebbi', 'NEB', 1),
(3463, 219, 'Pader', 'PAD', 1),
(3464, 219, 'Yumbe', 'YUM', 1),
(3465, 219, 'Bundibugyo', 'BUN', 1),
(3466, 219, 'Bushenyi', 'BSH', 1),
(3467, 219, 'Hoima', 'HOI', 1),
(3468, 219, 'Kabale', 'KBL', 1),
(3469, 219, 'Kabarole', 'KAR', 1),
(3470, 219, 'Kamwenge', 'KAM', 1),
(3471, 219, 'Kanungu', 'KAN', 1),
(3472, 219, 'Kasese', 'KAS', 1),
(3473, 219, 'Kibaale', 'KBA', 1),
(3474, 219, 'Kisoro', 'KIS', 1),
(3475, 219, 'Kyenjojo', 'KYE', 1),
(3476, 219, 'Masindi', 'MSN', 1),
(3477, 219, 'Mbarara', 'MBR', 1),
(3478, 219, 'Ntungamo', 'NTU', 1),
(3479, 219, 'Rukungiri', 'RUK', 1),
(3480, 220, 'Cherkasy', 'CK', 1),
(3481, 220, 'Chernihiv', 'CH', 1),
(3482, 220, 'Chernivtsi', 'CV', 1),
(3483, 220, 'Crimea', 'CR', 1),
(3484, 220, 'Dnipropetrovs''k', 'DN', 1),
(3485, 220, 'Donets''k', 'DO', 1),
(3486, 220, 'Ivano-Frankivs''k', 'IV', 1),
(3487, 220, 'Kharkiv Kherson', 'KL', 1),
(3488, 220, 'Khmel''nyts''kyy', 'KM', 1),
(3489, 220, 'Kirovohrad', 'KR', 1),
(3490, 220, 'Kiev', 'KV', 1),
(3491, 220, 'Kyyiv', 'KY', 1),
(3492, 220, 'Luhans''k', 'LU', 1),
(3493, 220, 'L''viv', 'LV', 1),
(3494, 220, 'Mykolayiv', 'MY', 1),
(3495, 220, 'Odesa', 'OD', 1),
(3496, 220, 'Poltava', 'PO', 1),
(3497, 220, 'Rivne', 'RI', 1),
(3498, 220, 'Sevastopol', 'SE', 1),
(3499, 220, 'Sumy', 'SU', 1),
(3500, 220, 'Ternopil''', 'TE', 1),
(3501, 220, 'Vinnytsya', 'VI', 1),
(3502, 220, 'Volyn''', 'VO', 1),
(3503, 220, 'Zakarpattya', 'ZK', 1),
(3504, 220, 'Zaporizhzhya', 'ZA', 1),
(3505, 220, 'Zhytomyr', 'ZH', 1),
(3506, 221, 'Abu Zaby', 'AZ', 1),
(3507, 221, '''Ajman', 'AJ', 1),
(3508, 221, 'Al Fujayrah', 'FU', 1),
(3509, 221, 'Ash Shariqah', 'SH', 1),
(3510, 221, 'Dubayy', 'DU', 1),
(3511, 221, 'R''as al Khaymah', 'RK', 1),
(3512, 221, 'Umm al Qaywayn', 'UQ', 1),
(3513, 222, 'Aberdeen', 'ABN', 1),
(3514, 222, 'Aberdeenshire', 'ABNS', 1),
(3515, 222, 'Anglesey', 'ANG', 1),
(3516, 222, 'Angus', 'AGS', 1),
(3517, 222, 'Argyll and Bute', 'ARY', 1),
(3518, 222, 'Bedfordshire', 'BEDS', 1),
(3519, 222, 'Berkshire', 'BERKS', 1),
(3520, 222, 'Blaenau Gwent', 'BLA', 1),
(3521, 222, 'Bridgend', 'BRI', 1),
(3522, 222, 'Bristol', 'BSTL', 1),
(3523, 222, 'Buckinghamshire', 'BUCKS', 1),
(3524, 222, 'Caerphilly', 'CAE', 1),
(3525, 222, 'Cambridgeshire', 'CAMBS', 1),
(3526, 222, 'Cardiff', 'CDF', 1),
(3527, 222, 'Carmarthenshire', 'CARM', 1),
(3528, 222, 'Ceredigion', 'CDGN', 1),
(3529, 222, 'Cheshire', 'CHES', 1),
(3530, 222, 'Clackmannanshire', 'CLACK', 1),
(3531, 222, 'Conwy', 'CON', 1),
(3532, 222, 'Cornwall', 'CORN', 1),
(3533, 222, 'Denbighshire', 'DNBG', 1),
(3534, 222, 'Derbyshire', 'DERBY', 1),
(3535, 222, 'Devon', 'DVN', 1),
(3536, 222, 'Dorset', 'DOR', 1),
(3537, 222, 'Dumfries and Galloway', 'DGL', 1),
(3538, 222, 'Dundee', 'DUND', 1),
(3539, 222, 'Durham', 'DHM', 1),
(3540, 222, 'East Ayrshire', 'ARYE', 1),
(3541, 222, 'East Dunbartonshire', 'DUNBE', 1),
(3542, 222, 'East Lothian', 'LOTE', 1),
(3543, 222, 'East Renfrewshire', 'RENE', 1),
(3544, 222, 'East Riding of Yorkshire', 'ERYS', 1),
(3545, 222, 'East Sussex', 'SXE', 1),
(3546, 222, 'Edinburgh', 'EDIN', 1),
(3547, 222, 'Essex', 'ESX', 1),
(3548, 222, 'Falkirk', 'FALK', 1),
(3549, 222, 'Fife', 'FFE', 1),
(3550, 222, 'Flintshire', 'FLINT', 1),
(3551, 222, 'Glasgow', 'GLAS', 1),
(3552, 222, 'Gloucestershire', 'GLOS', 1),
(3553, 222, 'Greater London', 'LDN', 1),
(3554, 222, 'Greater Manchester', 'MCH', 1),
(3555, 222, 'Gwynedd', 'GDD', 1),
(3556, 222, 'Hampshire', 'HANTS', 1),
(3557, 222, 'Herefordshire', 'HWR', 1),
(3558, 222, 'Hertfordshire', 'HERTS', 1),
(3559, 222, 'Highlands', 'HLD', 1),
(3560, 222, 'Inverclyde', 'IVER', 1),
(3561, 222, 'Isle of Wight', 'IOW', 1),
(3562, 222, 'Kent', 'KNT', 1),
(3563, 222, 'Lancashire', 'LANCS', 1),
(3564, 222, 'Leicestershire', 'LEICS', 1),
(3565, 222, 'Lincolnshire', 'LINCS', 1),
(3566, 222, 'Merseyside', 'MSY', 1),
(3567, 222, 'Merthyr Tydfil', 'MERT', 1),
(3568, 222, 'Midlothian', 'MLOT', 1),
(3569, 222, 'Monmouthshire', 'MMOUTH', 1),
(3570, 222, 'Moray', 'MORAY', 1),
(3571, 222, 'Neath Port Talbot', 'NPRTAL', 1),
(3572, 222, 'Newport', 'NEWPT', 1),
(3573, 222, 'Norfolk', 'NOR', 1),
(3574, 222, 'North Ayrshire', 'ARYN', 1),
(3575, 222, 'North Lanarkshire', 'LANN', 1),
(3576, 222, 'North Yorkshire', 'YSN', 1),
(3577, 222, 'Northamptonshire', 'NHM', 1),
(3578, 222, 'Northumberland', 'NLD', 1),
(3579, 222, 'Nottinghamshire', 'NOT', 1),
(3580, 222, 'Orkney Islands', 'ORK', 1),
(3581, 222, 'Oxfordshire', 'OFE', 1),
(3582, 222, 'Pembrokeshire', 'PEM', 1),
(3583, 222, 'Perth and Kinross', 'PERTH', 1),
(3584, 222, 'Powys', 'PWS', 1),
(3585, 222, 'Renfrewshire', 'REN', 1),
(3586, 222, 'Rhondda Cynon Taff', 'RHON', 1),
(3587, 222, 'Rutland', 'RUT', 1),
(3588, 222, 'Scottish Borders', 'BOR', 1),
(3589, 222, 'Shetland Islands', 'SHET', 1),
(3590, 222, 'Shropshire', 'SPE', 1),
(3591, 222, 'Somerset', 'SOM', 1),
(3592, 222, 'South Ayrshire', 'ARYS', 1),
(3593, 222, 'South Lanarkshire', 'LANS', 1),
(3594, 222, 'South Yorkshire', 'YSS', 1),
(3595, 222, 'Staffordshire', 'SFD', 1),
(3596, 222, 'Stirling', 'STIR', 1),
(3597, 222, 'Suffolk', 'SFK', 1),
(3598, 222, 'Surrey', 'SRY', 1),
(3599, 222, 'Swansea', 'SWAN', 1),
(3600, 222, 'Torfaen', 'TORF', 1),
(3601, 222, 'Tyne and Wear', 'TWR', 1),
(3602, 222, 'Vale of Glamorgan', 'VGLAM', 1),
(3603, 222, 'Warwickshire', 'WARKS', 1),
(3604, 222, 'West Dunbartonshire', 'WDUN', 1),
(3605, 222, 'West Lothian', 'WLOT', 1),
(3606, 222, 'West Midlands', 'WMD', 1),
(3607, 222, 'West Sussex', 'SXW', 1),
(3608, 222, 'West Yorkshire', 'YSW', 1),
(3609, 222, 'Western Isles', 'WIL', 1),
(3610, 222, 'Wiltshire', 'WLT', 1),
(3611, 222, 'Worcestershire', 'WORCS', 1),
(3612, 222, 'Wrexham', 'WRX', 1),
(3613, 223, 'Alabama', 'AL', 1),
(3614, 223, 'Alaska', 'AK', 1),
(3616, 223, 'Arizona', 'AZ', 1),
(3617, 223, 'Arkansas', 'AR', 1),
(3624, 223, 'California', 'CA', 1),
(3625, 223, 'Colorado', 'CO', 1),
(3626, 223, 'Connecticut', 'CT', 1),
(3627, 223, 'Delaware', 'DE', 1),
(3628, 223, 'District of Columbia', 'DC', 1),
(3630, 223, 'Florida', 'FL', 1),
(3631, 223, 'Georgia', 'GA', 1),
(3632, 223, 'Guam', 'GU', 1),
(3633, 223, 'Hawaii', 'HI', 1),
(3634, 223, 'Idaho', 'ID', 1),
(3635, 223, 'Illinois', 'IL', 1),
(3636, 223, 'Indiana', 'IN', 1),
(3637, 223, 'Iowa', 'IA', 1),
(3638, 223, 'Kansas', 'KS', 1),
(3639, 223, 'Kentucky', 'KY', 1),
(3640, 223, 'Louisiana', 'LA', 1),
(3641, 223, 'Maine', 'ME', 1),
(3643, 223, 'Maryland', 'MD', 1),
(3645, 223, 'Michigan', 'MI', 1),
(3646, 223, 'Minnesota', 'MN', 1),
(3647, 223, 'Mississippi', 'MS', 1),
(3648, 223, 'Missouri', 'MO', 1),
(3649, 223, 'Montana', 'MT', 1),
(3650, 223, 'Nebraska', 'NE', 1),
(3651, 223, 'Nevada', 'NV', 1),
(3652, 223, 'New Hampshire', 'NH', 1),
(3653, 223, 'New Jersey', 'NJ', 1),
(3654, 223, 'New Mexico', 'NM', 1),
(3655, 223, 'New York', 'NY', 1),
(3656, 223, 'North Carolina', 'NC', 1),
(3657, 223, 'North Dakota', 'ND', 1),
(3658, 223, 'Northern Mariana Islands', 'MP', 1),
(3659, 223, 'Ohio', 'OH', 1),
(3660, 223, 'Oklahoma', 'OK', 1),
(3661, 223, 'Oregon', 'OR', 1),
(3663, 223, 'Pennsylvania', 'PA', 1),
(3664, 223, 'Puerto Rico', 'PR', 1),
(3665, 223, 'Rhode Island', 'RI', 1),
(3666, 223, 'South Carolina', 'SC', 1),
(3667, 223, 'South Dakota', 'SD', 1),
(3668, 223, 'Tennessee', 'TN', 1),
(3669, 223, 'Texas', 'TX', 1),
(3670, 223, 'Utah', 'UT', 1),
(3671, 223, 'Vermont', 'VT', 1),
(3672, 223, 'Virgin Islands', 'VI', 1),
(3673, 223, 'Virginia', 'VA', 1),
(3674, 223, 'Washington', 'WA', 1),
(3675, 223, 'West Virginia', 'WV', 1),
(3676, 223, 'Wisconsin', 'WI', 1),
(3677, 223, 'Wyoming', 'WY', 1),
(3678, 224, 'Baker Island', 'BI', 1),
(3679, 224, 'Howland Island', 'HI', 1),
(3680, 224, 'Jarvis Island', 'JI', 1),
(3681, 224, 'Johnston Atoll', 'JA', 1),
(3682, 224, 'Kingman Reef', 'KR', 1),
(3683, 224, 'Midway Atoll', 'MA', 1),
(3684, 224, 'Navassa Island', 'NI', 1),
(3685, 224, 'Palmyra Atoll', 'PA', 1),
(3686, 224, 'Wake Island', 'WI', 1),
(3687, 225, 'Artigas', 'AR', 1),
(3688, 225, 'Canelones', 'CA', 1),
(3689, 225, 'Cerro Largo', 'CL', 1),
(3690, 225, 'Colonia', 'CO', 1),
(3691, 225, 'Durazno', 'DU', 1),
(3692, 225, 'Flores', 'FS', 1),
(3693, 225, 'Florida', 'FA', 1),
(3694, 225, 'Lavalleja', 'LA', 1),
(3695, 225, 'Maldonado', 'MA', 1),
(3696, 225, 'Montevideo', 'MO', 1),
(3697, 225, 'Paysandu', 'PA', 1),
(3698, 225, 'Rio Negro', 'RN', 1),
(3699, 225, 'Rivera', 'RV', 1),
(3700, 225, 'Rocha', 'RO', 1),
(3701, 225, 'Salto', 'SL', 1),
(3702, 225, 'San Jose', 'SJ', 1),
(3703, 225, 'Soriano', 'SO', 1),
(3704, 225, 'Tacuarembo', 'TA', 1),
(3705, 225, 'Treinta y Tres', 'TT', 1),
(3706, 226, 'Andijon', 'AN', 1),
(3707, 226, 'Buxoro', 'BU', 1),
(3708, 226, 'Farg''ona', 'FA', 1),
(3709, 226, 'Jizzax', 'JI', 1),
(3710, 226, 'Namangan', 'NG', 1),
(3711, 226, 'Navoiy', 'NW', 1),
(3712, 226, 'Qashqadaryo', 'QA', 1),
(3713, 226, 'Qoraqalpog''iston Republikasi', 'QR', 1),
(3714, 226, 'Samarqand', 'SA', 1),
(3715, 226, 'Sirdaryo', 'SI', 1),
(3716, 226, 'Surxondaryo', 'SU', 1),
(3717, 226, 'Toshkent City', 'TK', 1),
(3718, 226, 'Toshkent Region', 'TO', 1),
(3719, 226, 'Xorazm', 'XO', 1),
(3720, 227, 'Malampa', 'MA', 1),
(3721, 227, 'Penama', 'PE', 1),
(3722, 227, 'Sanma', 'SA', 1),
(3723, 227, 'Shefa', 'SH', 1),
(3724, 227, 'Tafea', 'TA', 1),
(3725, 227, 'Torba', 'TO', 1),
(3726, 229, 'Amazonas', 'AM', 1),
(3727, 229, 'Anzoategui', 'AN', 1),
(3728, 229, 'Apure', 'AP', 1),
(3729, 229, 'Aragua', 'AR', 1),
(3730, 229, 'Barinas', 'BA', 1),
(3731, 229, 'Bolivar', 'BO', 1),
(3732, 229, 'Carabobo', 'CA', 1),
(3733, 229, 'Cojedes', 'CO', 1),
(3734, 229, 'Delta Amacuro', 'DA', 1),
(3735, 229, 'Dependencias Federales', 'DF', 1),
(3736, 229, 'Distrito Federal', 'DI', 1),
(3737, 229, 'Falcon', 'FA', 1),
(3738, 229, 'Guarico', 'GU', 1),
(3739, 229, 'Lara', 'LA', 1),
(3740, 229, 'Merida', 'ME', 1),
(3741, 229, 'Miranda', 'MI', 1),
(3742, 229, 'Monagas', 'MO', 1),
(3743, 229, 'Nueva Esparta', 'NE', 1),
(3744, 229, 'Portuguesa', 'PO', 1),
(3745, 229, 'Sucre', 'SU', 1),
(3746, 229, 'Tachira', 'TA', 1),
(3747, 229, 'Trujillo', 'TR', 1),
(3748, 229, 'Vargas', 'VA', 1),
(3749, 229, 'Yaracuy', 'YA', 1),
(3750, 229, 'Zulia', 'ZU', 1),
(3751, 230, 'An Giang', 'AG', 1),
(3752, 230, 'Bac Giang', 'BG', 1),
(3753, 230, 'Bac Kan', 'BK', 1),
(3754, 230, 'Bac Lieu', 'BL', 1),
(3755, 230, 'Bac Ninh', 'BC', 1),
(3756, 230, 'Ba Ria-Vung Tau', 'BR', 1),
(3757, 230, 'Ben Tre', 'BN', 1),
(3758, 230, 'Binh Dinh', 'BH', 1),
(3759, 230, 'Binh Duong', 'BU', 1),
(3760, 230, 'Binh Phuoc', 'BP', 1),
(3761, 230, 'Binh Thuan', 'BT', 1),
(3762, 230, 'Ca Mau', 'CM', 1),
(3763, 230, 'Can Tho', 'CT', 1),
(3764, 230, 'Cao Bang', 'CB', 1),
(3765, 230, 'Dak Lak', 'DL', 1),
(3766, 230, 'Dak Nong', 'DG', 1),
(3767, 230, 'Da Nang', 'DN', 1),
(3768, 230, 'Dien Bien', 'DB', 1),
(3769, 230, 'Dong Nai', 'DI', 1),
(3770, 230, 'Dong Thap', 'DT', 1),
(3771, 230, 'Gia Lai', 'GL', 1),
(3772, 230, 'Ha Giang', 'HG', 1),
(3773, 230, 'Hai Duong', 'HD', 1),
(3774, 230, 'Hai Phong', 'HP', 1),
(3775, 230, 'Ha Nam', 'HM', 1),
(3776, 230, 'Ha Noi', 'HI', 1),
(3777, 230, 'Ha Tay', 'HT', 1),
(3778, 230, 'Ha Tinh', 'HH', 1),
(3779, 230, 'Hoa Binh', 'HB', 1),
(3780, 230, 'Ho Chi Minh City', 'HC', 1),
(3781, 230, 'Hau Giang', 'HU', 1),
(3782, 230, 'Hung Yen', 'HY', 1),
(3783, 232, 'Saint Croix', 'C', 1),
(3784, 232, 'Saint John', 'J', 1),
(3785, 232, 'Saint Thomas', 'T', 1),
(3786, 233, 'Alo', 'A', 1),
(3787, 233, 'Sigave', 'S', 1),
(3788, 233, 'Wallis', 'W', 1),
(3789, 235, 'Abyan', 'AB', 1),
(3790, 235, 'Adan', 'AD', 1),
(3791, 235, 'Amran', 'AM', 1),
(3792, 235, 'Al Bayda', 'BA', 1),
(3793, 235, 'Ad Dali', 'DA', 1),
(3794, 235, 'Dhamar', 'DH', 1),
(3795, 235, 'Hadramawt', 'HD', 1),
(3796, 235, 'Hajjah', 'HJ', 1),
(3797, 235, 'Al Hudaydah', 'HU', 1),
(3798, 235, 'Ibb', 'IB', 1),
(3799, 235, 'Al Jawf', 'JA', 1),
(3800, 235, 'Lahij', 'LA', 1),
(3801, 235, 'Ma''rib', 'MA', 1),
(3802, 235, 'Al Mahrah', 'MR', 1),
(3803, 235, 'Al Mahwit', 'MW', 1),
(3804, 235, 'Sa''dah', 'SD', 1),
(3805, 235, 'San''a', 'SN', 1),
(3806, 235, 'Shabwah', 'SH', 1),
(3807, 235, 'Ta''izz', 'TA', 1),
(3812, 237, 'Bas-Congo', 'BC', 1),
(3813, 237, 'Bandundu', 'BN', 1),
(3814, 237, 'Equateur', 'EQ', 1),
(3815, 237, 'Katanga', 'KA', 1),
(3816, 237, 'Kasai-Oriental', 'KE', 1),
(3817, 237, 'Kinshasa', 'KN', 1),
(3818, 237, 'Kasai-Occidental', 'KW', 1),
(3819, 237, 'Maniema', 'MA', 1),
(3820, 237, 'Nord-Kivu', 'NK', 1),
(3821, 237, 'Orientale', 'OR', 1),
(3822, 237, 'Sud-Kivu', 'SK', 1),
(3823, 238, 'Central', 'CE', 1),
(3824, 238, 'Copperbelt', 'CB', 1),
(3825, 238, 'Eastern', 'EA', 1),
(3826, 238, 'Luapula', 'LP', 1),
(3827, 238, 'Lusaka', 'LK', 1),
(3828, 238, 'Northern', 'NO', 1),
(3829, 238, 'North-Western', 'NW', 1),
(3830, 238, 'Southern', 'SO', 1),
(3831, 238, 'Western', 'WE', 1),
(3832, 239, 'Bulawayo', 'BU', 1),
(3833, 239, 'Harare', 'HA', 1),
(3834, 239, 'Manicaland', 'ML', 1),
(3835, 239, 'Mashonaland Central', 'MC', 1),
(3836, 239, 'Mashonaland East', 'ME', 1),
(3837, 239, 'Mashonaland West', 'MW', 1),
(3838, 239, 'Masvingo', 'MV', 1),
(3839, 239, 'Matabeleland North', 'MN', 1),
(3840, 239, 'Matabeleland South', 'MS', 1),
(3841, 239, 'Midlands', 'MD', 1),
(3842, 105, 'Agrigento', 'AG', 1),
(3843, 105, 'Alessandria', 'AL', 1),
(3844, 105, 'Ancona', 'AN', 1),
(3845, 105, 'Aosta', 'AO', 1),
(3846, 105, 'Arezzo', 'AR', 1),
(3847, 105, 'Ascoli Piceno', 'AP', 1),
(3848, 105, 'Asti', 'AT', 1),
(3849, 105, 'Avellino', 'AV', 1),
(3850, 105, 'Bari', 'BA', 1),
(3851, 105, 'Belluno', 'BL', 1),
(3852, 105, 'Benevento', 'BN', 1),
(3853, 105, 'Bergamo', 'BG', 1),
(3854, 105, 'Biella', 'BI', 1),
(3855, 105, 'Bologna', 'BO', 1),
(3856, 105, 'Bolzano', 'BZ', 1),
(3857, 105, 'Brescia', 'BS', 1),
(3858, 105, 'Brindisi', 'BR', 1),
(3859, 105, 'Cagliari', 'CA', 1),
(3860, 105, 'Caltanissetta', 'CL', 1),
(3861, 105, 'Campobasso', 'CB', 1),
(3862, 105, 'Carbonia-Iglesias', 'CI', 1),
(3863, 105, 'Caserta', 'CE', 1),
(3864, 105, 'Catania', 'CT', 1),
(3865, 105, 'Catanzaro', 'CZ', 1),
(3866, 105, 'Chieti', 'CH', 1),
(3867, 105, 'Como', 'CO', 1),
(3868, 105, 'Cosenza', 'CS', 1),
(3869, 105, 'Cremona', 'CR', 1),
(3870, 105, 'Crotone', 'KR', 1),
(3871, 105, 'Cuneo', 'CN', 1),
(3872, 105, 'Enna', 'EN', 1),
(3873, 105, 'Ferrara', 'FE', 1),
(3874, 105, 'Firenze', 'FI', 1),
(3875, 105, 'Foggia', 'FG', 1),
(3876, 105, 'Forli-Cesena', 'FC', 1),
(3877, 105, 'Frosinone', 'FR', 1),
(3878, 105, 'Genova', 'GE', 1),
(3879, 105, 'Gorizia', 'GO', 1),
(3880, 105, 'Grosseto', 'GR', 1),
(3881, 105, 'Imperia', 'IM', 1),
(3882, 105, 'Isernia', 'IS', 1),
(3883, 105, 'L&#39;Aquila', 'AQ', 1),
(3884, 105, 'La Spezia', 'SP', 1),
(3885, 105, 'Latina', 'LT', 1),
(3886, 105, 'Lecce', 'LE', 1),
(3887, 105, 'Lecco', 'LC', 1),
(3888, 105, 'Livorno', 'LI', 1),
(3889, 105, 'Lodi', 'LO', 1),
(3890, 105, 'Lucca', 'LU', 1),
(3891, 105, 'Macerata', 'MC', 1),
(3892, 105, 'Mantova', 'MN', 1),
(3893, 105, 'Massa-Carrara', 'MS', 1),
(3894, 105, 'Matera', 'MT', 1),
(3895, 105, 'Medio Campidano', 'VS', 1),
(3896, 105, 'Messina', 'ME', 1),
(3897, 105, 'Milano', 'MI', 1),
(3898, 105, 'Modena', 'MO', 1),
(3899, 105, 'Napoli', 'NA', 1),
(3900, 105, 'Novara', 'NO', 1),
(3901, 105, 'Nuoro', 'NU', 1),
(3902, 105, 'Ogliastra', 'OG', 1),
(3903, 105, 'Olbia-Tempio', 'OT', 1),
(3904, 105, 'Oristano', 'OR', 1),
(3905, 105, 'Padova', 'PD', 1),
(3906, 105, 'Palermo', 'PA', 1),
(3907, 105, 'Parma', 'PR', 1),
(3908, 105, 'Pavia', 'PV', 1),
(3909, 105, 'Perugia', 'PG', 1),
(3910, 105, 'Pesaro e Urbino', 'PU', 1),
(3911, 105, 'Pescara', 'PE', 1),
(3912, 105, 'Piacenza', 'PC', 1),
(3913, 105, 'Pisa', 'PI', 1),
(3914, 105, 'Pistoia', 'PT', 1),
(3915, 105, 'Pordenone', 'PN', 1),
(3916, 105, 'Potenza', 'PZ', 1),
(3917, 105, 'Prato', 'PO', 1),
(3918, 105, 'Ragusa', 'RG', 1),
(3919, 105, 'Ravenna', 'RA', 1),
(3920, 105, 'Reggio Calabria', 'RC', 1),
(3921, 105, 'Reggio Emilia', 'RE', 1),
(3922, 105, 'Rieti', 'RI', 1),
(3923, 105, 'Rimini', 'RN', 1),
(3924, 105, 'Roma', 'RM', 1),
(3925, 105, 'Rovigo', 'RO', 1),
(3926, 105, 'Salerno', 'SA', 1),
(3927, 105, 'Sassari', 'SS', 1),
(3928, 105, 'Savona', 'SV', 1),
(3929, 105, 'Siena', 'SI', 1),
(3930, 105, 'Siracusa', 'SR', 1),
(3931, 105, 'Sondrio', 'SO', 1),
(3932, 105, 'Taranto', 'TA', 1),
(3933, 105, 'Teramo', 'TE', 1),
(3934, 105, 'Terni', 'TR', 1),
(3935, 105, 'Torino', 'TO', 1),
(3936, 105, 'Trapani', 'TP', 1),
(3937, 105, 'Trento', 'TN', 1),
(3938, 105, 'Treviso', 'TV', 1),
(3939, 105, 'Trieste', 'TS', 1),
(3940, 105, 'Udine', 'UD', 1),
(3941, 105, 'Varese', 'VA', 1),
(3942, 105, 'Venezia', 'VE', 1),
(3943, 105, 'Verbano-Cusio-Ossola', 'VB', 1),
(3944, 105, 'Vercelli', 'VC', 1),
(3945, 105, 'Verona', 'VR', 1),
(3946, 105, 'Vibo Valentia', 'VV', 1),
(3947, 105, 'Vicenza', 'VI', 1),
(3948, 105, 'Viterbo', 'VT', 1),
(3949, 222, 'County Antrim', 'ANT', 1),
(3950, 222, 'County Armagh', 'ARM', 1),
(3951, 222, 'County Down', 'DOW', 1),
(3952, 222, 'County Fermanagh', 'FER', 1),
(3953, 222, 'County Londonderry', 'LDY', 1),
(3954, 222, 'County Tyrone', 'TYR', 1),
(3955, 222, 'Cumbria', 'CMA', 1),
(3956, 190, 'Pomurska', '1', 1),
(3957, 190, 'Podravska', '2', 1),
(3958, 190, 'Koroka', '3', 1),
(3959, 190, 'Savinjska', '4', 1),
(3960, 190, 'Zasavska', '5', 1),
(3961, 190, 'Spodnjeposavska', '6', 1),
(3962, 190, 'Jugovzhodna Slovenija', '7', 1),
(3963, 190, 'Osrednjeslovenska', '8', 1),
(3964, 190, 'Gorenjska', '9', 1),
(3965, 190, 'Notranjsko-kraka', '10', 1),
(3966, 190, 'Gorika', '11', 1),
(3967, 190, 'Obalno-kraka', '12', 1),
(3968, 33, 'Ruse', '', 1),
(3969, 101, 'Alborz', 'ALB', 1),
(3970, 21, 'Brussels-Capital Region', 'BRU', 1),
(3971, 138, 'Aguascalientes', 'AG', 1),
(3972, 222, 'Isle of Man', 'IOM', 1),
(3973, 242, 'Andrijevica', '01', 1),
(3974, 242, 'Bar', '02', 1),
(3975, 242, 'Berane', '03', 1),
(3976, 242, 'Bijelo Polje', '04', 1),
(3977, 242, 'Budva', '05', 1),
(3978, 242, 'Cetinje', '06', 1),
(3979, 242, 'Danilovgrad', '07', 1),
(3980, 242, 'Herceg-Novi', '08', 1),
(3981, 242, 'Kolain', '09', 1),
(3982, 242, 'Kotor', '10', 1),
(3983, 242, 'Mojkovac', '11', 1),
(3984, 242, 'Niki', '12', 1),
(3985, 242, 'Plav', '13', 1),
(3986, 242, 'Pljevlja', '14', 1),
(3987, 242, 'Pluine', '15', 1),
(3988, 242, 'Podgorica', '16', 1),
(3989, 242, 'Roaje', '17', 1),
(3990, 242, 'avnik', '18', 1),
(3991, 242, 'Tivat', '19', 1),
(3992, 242, 'Ulcinj', '20', 1),
(3993, 242, 'abljak', '21', 1),
(3994, 243, 'Belgrade', '00', 1),
(3995, 243, 'North Baka', '01', 1),
(3996, 243, 'Central Banat', '02', 1),
(3997, 243, 'North Banat', '03', 1),
(3998, 243, 'South Banat', '04', 1),
(3999, 243, 'West Baka', '05', 1),
(4000, 243, 'South Baka', '06', 1),
(4001, 243, 'Srem', '07', 1),
(4002, 243, 'Mava', '08', 1),
(4003, 243, 'Kolubara', '09', 1),
(4004, 243, 'Podunavlje', '10', 1),
(4005, 243, 'Branievo', '11', 1),
(4006, 243, 'umadija', '12', 1),
(4007, 243, 'Pomoravlje', '13', 1),
(4008, 243, 'Bor', '14', 1),
(4009, 243, 'Zajear', '15', 1),
(4010, 243, 'Zlatibor', '16', 1),
(4011, 243, 'Moravica', '17', 1),
(4012, 243, 'Raka', '18', 1),
(4013, 243, 'Rasina', '19', 1),
(4014, 243, 'Niava', '20', 1),
(4015, 243, 'Toplica', '21', 1),
(4016, 243, 'Pirot', '22', 1),
(4017, 243, 'Jablanica', '23', 1),
(4018, 243, 'Pinja', '24', 1),
(4019, 243, 'Kosovo', 'KM', 1),
(4020, 245, 'Bonaire', 'BO', 1),
(4021, 245, 'Saba', 'SA', 1),
(4022, 245, 'Sint Eustatius', 'SE', 1),
(4023, 248, 'Central Equatoria', 'EC', 1),
(4024, 248, 'Eastern Equatoria', 'EE', 1),
(4025, 248, 'Jonglei', 'JG', 1),
(4026, 248, 'Lakes', 'LK', 1),
(4027, 248, 'Northern Bahr el-Ghazal', 'BN', 1),
(4028, 248, 'Unity', 'UY', 1),
(4029, 248, 'Upper Nile', 'NU', 1),
(4030, 248, 'Warrap', 'WR', 1),
(4031, 248, 'Western Bahr el-Ghazal', 'BW', 1),
(4032, 248, 'Western Equatoria', 'EW', 1);

-- --------------------------------------------------------

--
-- Table structure for table `tours`
--

CREATE TABLE IF NOT EXISTS `tours` (
  `tourId` varchar(100) NOT NULL,
  `tourTitle` varchar(256) NOT NULL,
  `tourSubTitle` varchar(256) DEFAULT NULL,
  `tourSlug` varchar(256) NOT NULL,
  `tourCapacity` int(11) NOT NULL,
  `tourBookingStatus` tinyint(1) NOT NULL DEFAULT '1',
  `tourKeyword` varchar(256) DEFAULT NULL,
  `tourPolicy` text,
  `tourStartFrom` date DEFAULT NULL,
  `tourEndTo` date DEFAULT NULL,
  `tourLengthData` text,
  `socialMedia` text,
  `tourCreatedOn` date NOT NULL
) ENGINE=InnoDB DEFAULT CHARSET=latin1;

--
-- Dumping data for table `tours`
--

INSERT INTO `tours` (`tourId`, `tourTitle`, `tourSubTitle`, `tourSlug`, `tourCapacity`, `tourBookingStatus`, `tourKeyword`, `tourPolicy`, `tourStartFrom`, `tourEndTo`, `tourLengthData`, `socialMedia`, `tourCreatedOn`) VALUES
('1cb2f912-bab5-4ef3-b05f-4be9c67a85bc', 'Burj Khalifa Ticket', 'World&#39;s Tallest Skyscraper, Dubai', 'burj-khalifa-ticket', -1, 1, '', '', '2015-12-01', '2015-12-15', 'a:3:{s:11:"length_type";s:2:"lh";s:14:"duration_times";a:2:{i:0;a:2:{s:5:"start";a:2:{s:5:"hours";s:1:"9";s:7:"minutes";s:1:"0";}s:3:"end";a:2:{s:5:"hours";s:2:"10";s:7:"minutes";s:1:"0";}}i:1;a:2:{s:5:"start";a:2:{s:5:"hours";s:2:"11";s:7:"minutes";s:1:"0";}s:3:"end";a:2:{s:5:"hours";s:2:"12";s:7:"minutes";s:1:"0";}}}s:9:"week_days";a:2:{i:0;s:1:"2";i:1;s:1:"3";}}', 'a:1:{s:5:"links";a:0:{}}', '0000-00-00'),
('b9240436-e058-4eb4-bb28-f17ca76a7239', 'Save 10% in Las Vegas & the Grand Canyon', 'Save 10% in Las Vegas & the Grand Canyon when you spend $800USD or equivalent value!', 'save-10--in-las-vegas---the-grand-canyon', 10, 1, '', '&lt;p&gt;sdfasdfasdf asdfas dfa sdfasd fasdf asdf asdfasdf asdasdasdf&lt;/p&gt;\r\n', '2015-12-01', '2015-12-31', 'a:4:{s:11:"length_type";s:3:"lsd";s:11:"duration_hr";s:1:"6";s:11:"duration_mn";s:1:"0";s:9:"week_days";a:7:{i:0;s:1:"1";i:1;s:1:"2";i:2;s:1:"3";i:3;s:1:"4";i:4;s:1:"5";i:5;s:1:"6";i:6;s:1:"0";}}', 'a:1:{s:5:"links";a:3:{s:8:"facebook";s:30:"https%3A%2F%2Fwww.facebook.com";s:7:"twitter";s:29:"https%3A%2F%2Fwww.twitter.com";s:9:"instagram";s:48:"https%3A%2F%2Fwww.instagram.com%2Fbss%2Ftour-one";}}', '0000-00-00'),
('d6633264-7fdc-40e0-804a-02fc53d97f29', 'Taj Mahal Full-Day Trip from Delhi with Entrance Ticket', '', 'taj-mahal-full-day-trip-from-delhi-with-entrance-ticket', 10, 1, '', '', '2015-11-21', '2015-11-30', 'a:3:{s:11:"length_type";s:3:"lmd";s:8:"duration";s:1:"3";s:9:"week_days";a:7:{i:0;i:1;i:1;i:2;i:2;i:3;i:3;i:4;i:4;i:5;i:5;i:6;i:6;i:0;}}', 'a:1:{s:5:"links";a:0:{}}', '0000-00-00'),
('dba9768a-4be2-465a-8f6a-88fd26f5d718', 'Taj Mahal Full-Day Sunrise Tour from Delhi', '', 'taj-mahal-full-day-sunrise-tour-from-delhi', 20, 1, '', '&lt;div&gt;\r\n&lt;p&gt;The title is a little misleading, as I found out later that the Taj Mahal no longer opens at sunrise - but otherwise, arriving at 6 am, when it&amp;#39;s still cool, there are no crowds, and no long lines - is definitely the right time to be there. The driver was on time, drove well, and stopped for a rest stop without being asked. The tour guide, Faiz, was extremely knowledgeable and friendly. Everything was as advertised and I recommend this outfit highly. I appreciated the instant confirmation and personal email from Maria Tours.&lt;/p&gt;\r\n&lt;/div&gt;\r\n', '2015-12-01', '2015-12-31', 'a:4:{s:11:"length_type";s:3:"lsd";s:11:"duration_hr";s:1:"8";s:11:"duration_mn";s:1:"0";s:9:"week_days";a:3:{i:0;s:1:"2";i:1;s:1:"3";i:2;s:1:"4";}}', 'a:1:{s:5:"links";a:0:{}}', '0000-00-00');

-- --------------------------------------------------------

--
-- Table structure for table `tours_attributes`
--

CREATE TABLE IF NOT EXISTS `tours_attributes` (
  `attributeId` int(11) NOT NULL,
  `keyId` int(11) NOT NULL,
  `tourId` varchar(100) NOT NULL,
  `attributeContent` text
) ENGINE=InnoDB AUTO_INCREMENT=25 DEFAULT CHARSET=latin1;

--
-- Dumping data for table `tours_attributes`
--

INSERT INTO `tours_attributes` (`attributeId`, `keyId`, `tourId`, `attributeContent`) VALUES
(1, 1, 'b9240436-e058-4eb4-bb28-f17ca76a7239', '&lt;p&gt;sdf&lt;/p&gt;\r\n'),
(2, 2, 'b9240436-e058-4eb4-bb28-f17ca76a7239', '&lt;p&gt;sadf&lt;/p&gt;\r\n'),
(3, 3, 'b9240436-e058-4eb4-bb28-f17ca76a7239', '&lt;p&gt;sdf&lt;/p&gt;\r\n'),
(4, 4, 'b9240436-e058-4eb4-bb28-f17ca76a7239', '&lt;p&gt;sadf&lt;/p&gt;\r\n'),
(5, 5, 'b9240436-e058-4eb4-bb28-f17ca76a7239', '&lt;p&gt;sadf&lt;/p&gt;\r\n'),
(6, 6, 'b9240436-e058-4eb4-bb28-f17ca76a7239', '&lt;p&gt;asfd&lt;/p&gt;\r\n'),
(7, 1, 'd6633264-7fdc-40e0-804a-02fc53d97f29', '&lt;div&gt;\r\n&lt;ul&gt;\r\n	&lt;li&gt;Take your once-in-a-lifetime chance to visit the Taj Mahal at sunrise on this day trip from Delhi&lt;/li&gt;\r\n	&lt;li&gt;Enjoy the comfort of your own private car and driver, as well as an English-speaking guide&lt;/li&gt;\r\n	&lt;li&gt;Visit the Red Fort and the impressive Tomb of Akbar the Great in Sikandara&lt;/li&gt;\r\n	&lt;li&gt;Important: This tour is now done using the new expressway which is easier and quicker.&lt;/li&gt;\r\n	&lt;li&gt;Price quoted includes the high toll charges of the new expressway.&lt;/li&gt;\r\n&lt;/ul&gt;\r\n&lt;/div&gt;\r\n'),
(8, 2, 'd6633264-7fdc-40e0-804a-02fc53d97f29', '&lt;p&gt;Travel to Agra to visit one of the world&amp;#39;s most iconic and spectacular buildings, the Taj Mahal, on this full-day tour from Delhi. See the Taj Mahal at sunrise, a truly unforgettable and once-in-a-lifetime experience, and visit the amazing Agra Fort.&lt;/p&gt;\r\n'),
(9, 3, 'd6633264-7fdc-40e0-804a-02fc53d97f29', '&lt;p&gt;Our driver in an air-conditioned car will pick you up from anywhere in Delhi at around 02:00 to start the tour. We will then begin our 4-hour drive to Agra, arriving at approximately 06:00, just in time for a great view of the sunrise.&lt;br /&gt;\r\n&lt;br /&gt;\r\nThen, simply marvel at the spectacular Taj Mahal as the sun rises in the background. Your Agra guide will meet you here, and will show you around the monument. Take your time to admire this majestic temple, a UNESCO World Heritage Site and one of the most famous and beautiful buildings in the world.&lt;br /&gt;\r\n&lt;br /&gt;\r\nAt 10:00, we will visit the nearby Red Fort, also an amazing building and UNESCO World Heritage Site. Often forgotten behind the nearby Taj Mahal, the Red Fort features more impressive architecture and beautiful pavilions.&lt;br /&gt;\r\n&lt;br /&gt;\r\nAt 13:00, we will take a break with some free time to have lunch (cost not included). Then, around 14:00, we will visit Sikandara, home to the famous Tomb of Akbar the Great (if you are tired, you can skip this and wait for our trip back to Delhi).&lt;br /&gt;\r\n&lt;br /&gt;\r\nFollowing our visit to the tomb, we will head back to Delhi, departing at approximately 15:00 and arriving around 20:00.&lt;br /&gt;\r\n&lt;br /&gt;\r\nOn this tour you also have the option to visit marble inlay workshops and carpet weaving location. A buffet lunch at a 5-Star Hotel (Gateway Agra) can also be arranged for Rs. 650/- per person. Please Inform us in advance if you wish to add any option.&lt;/p&gt;\r\n'),
(10, 4, 'd6633264-7fdc-40e0-804a-02fc53d97f29', '&lt;div&gt;\r\n&lt;ul&gt;\r\n	&lt;li&gt;Taj Mahal entrance ticket&lt;/li&gt;\r\n	&lt;li&gt;Car, driver and fuel cost&lt;/li&gt;\r\n	&lt;li&gt;All toll charges, parking and taxes&lt;/li&gt;\r\n	&lt;li&gt;Sightseeing by car in the destination city&lt;/li&gt;\r\n&lt;/ul&gt;\r\n&lt;/div&gt;\r\n'),
(11, 5, 'd6633264-7fdc-40e0-804a-02fc53d97f29', '&lt;div&gt;\r\n&lt;ul&gt;\r\n	&lt;li&gt;Camel ride (not included but can be arranged at an additional cost of Rs. 500/- per person)&lt;/li&gt;\r\n	&lt;li&gt;Any meals and additional services&lt;/li&gt;\r\n&lt;/ul&gt;\r\n&lt;/div&gt;\r\n'),
(12, 6, 'd6633264-7fdc-40e0-804a-02fc53d97f29', '&lt;div&gt;\r\n&lt;div&gt;\r\n&lt;div&gt;Please note that the Taj Mahal is closed on Fridays.&lt;br /&gt;\r\n&lt;br /&gt;\r\nBuffet lunch at a 5-star hotel can be pre-booked at an additional cost of Rs. 1,200 per person.&lt;br /&gt;\r\n&lt;br /&gt;\r\nPick-up is available from South and Central Delhi. Pick-up from other locations is available for an additional fee.&lt;br /&gt;\r\n&lt;br /&gt;\r\nDuring harsh winters, due to fog, this tour does not run from the second half of December to the first half of January.&lt;/div&gt;\r\n&lt;/div&gt;\r\n&lt;/div&gt;\r\n'),
(13, 1, 'dba9768a-4be2-465a-8f6a-88fd26f5d718', '&lt;div&gt;\r\n&lt;ul&gt;\r\n	&lt;li&gt;Watch the sunrise over the marble mausoleum of the Taj Mahal&lt;/li&gt;\r\n	&lt;li&gt;Explore the impressive walled exteriors and inner paradise of the Red Fort&lt;/li&gt;\r\n	&lt;li&gt;See the Taj Mahal from the Mehtab Bagh on the other side of the Yamuna River&lt;/li&gt;\r\n	&lt;li&gt;Look inside the romantic temple to Mumtaz Mahal, wife of the Mughal emperor Shah Jahan&lt;/li&gt;\r\n	&lt;li&gt;Drive along the new expressway from Delhi to Agra&lt;/li&gt;\r\n&lt;/ul&gt;\r\n&lt;/div&gt;\r\n'),
(14, 2, 'dba9768a-4be2-465a-8f6a-88fd26f5d718', '&lt;p&gt;See the sunrise over the marble mausoleum of the Taj Mahal on a full-day tour of Agra from Delhi. Visit one of the world&amp;#39;s most romantic monuments, before going to the impressive Agra Fort. Enjoy magnificent views from Sunset Point at Mehtab Bagh.&lt;/p&gt;\r\n'),
(15, 3, 'dba9768a-4be2-465a-8f6a-88fd26f5d718', '&lt;p&gt;Enjoy a full-day tour of Agra, departing from Delhi in the early morning in order to arrive at the iconic Taj Mahal by sunrise.&lt;br /&gt;\r\n&lt;br /&gt;\r\nFollowing a pick-up from your accommodation in Delhi, Gurgaon or Noida at 02:00, transfer to Agra by private, air-conditioned vehicle. Relax on the 4-hour drive, arriving in Agra at approximately 06:00 just in time for a great view of the sunrise over the Taj Mahal.&lt;br /&gt;\r\n&lt;br /&gt;\r\nMarvel at the spectacular marble mausoleum from the outside, before looking inside the temple to Mumtaz Mahal, beloved wife of the Mughal emperor Shah Jahan. Continue to the nearby Red Fort (Agra Fort) to see the beautiful pavilions of a walled city.&lt;/p&gt;\r\n'),
(16, 4, 'dba9768a-4be2-465a-8f6a-88fd26f5d718', '&lt;div&gt;\r\n&lt;ul&gt;\r\n	&lt;li&gt;Entrance ticket to the Taj Mahal&lt;/li&gt;\r\n	&lt;li&gt;Sightseeing by air-conditioned car&lt;/li&gt;\r\n	&lt;li&gt;Driver and fuel costs&lt;/li&gt;\r\n	&lt;li&gt;All parking fees, tolls and taxes, allowances and interstate taxes&lt;/li&gt;\r\n	&lt;li&gt;Private English-speaking guide for all sites&lt;/li&gt;\r\n&lt;/ul&gt;\r\n&lt;/div&gt;\r\n'),
(17, 5, 'dba9768a-4be2-465a-8f6a-88fd26f5d718', '&lt;div&gt;\r\n&lt;ul&gt;\r\n	&lt;li&gt;Camel ride (can be arranged at an additional cost of RS 500 per person)&lt;/li&gt;\r\n	&lt;li&gt;Any meals and additional services&lt;/li&gt;\r\n&lt;/ul&gt;\r\n&lt;/div&gt;\r\n'),
(18, 6, 'dba9768a-4be2-465a-8f6a-88fd26f5d718', '&lt;p&gt;Please note that the Taj Mahal is closed on Fridays&lt;br /&gt;\r\n&amp;bull; A buffet lunch at a 5-star hotel can be pre-booked at an additional cost of RS 1,200 per person&lt;br /&gt;\r\n&amp;bull; This tour does not run from the 2nd half of December to the 1st half of January due to the fogs of the harsh winters&lt;br /&gt;\r\n&amp;bull; Pick-up is available from anywhere in Delhi. A pick-up from other locations is available for an additional fee&lt;br /&gt;\r\n&amp;bull; Optional tours of marble inlay workshops and a carpet weaving site can be arranged on request&lt;br /&gt;\r\n&amp;bull; The visit to Sunset Point at Mehtab Bagh is optional. If you are tired, you can depart for Delhi after lunch&lt;/p&gt;\r\n'),
(19, 1, '1cb2f912-bab5-4ef3-b05f-4be9c67a85bc', '&lt;div&gt;\r\n&lt;ul&gt;\r\n	&lt;li&gt;Visit the viewing deck of the world&amp;#39;s tallest building&lt;/li&gt;\r\n	&lt;li&gt;Enjoy unique multimedia exhibits that explain this tower and its wonders&lt;/li&gt;\r\n	&lt;li&gt;Zip to the top of the tower in the world&amp;#39;s fastest elevator&lt;/li&gt;\r\n	&lt;li&gt;Take a look out at the world below through high powered telescopes&lt;/li&gt;\r\n	&lt;li&gt;Integrate reality and special effects with the &amp;quot;At the Top&amp;quot; green screen photography&lt;/li&gt;\r\n	&lt;li&gt;Enjoy breathtaking views on the world&amp;#39;s highest outdoor observation terrace&lt;/li&gt;\r\n&lt;/ul&gt;\r\n&lt;/div&gt;\r\n'),
(20, 2, '1cb2f912-bab5-4ef3-b05f-4be9c67a85bc', '&lt;p&gt;Come and stand on top of the world&amp;#39;s tallest building! Be amazed by the incredible technological wonders of this building, and enjoy an incredible 360-degree view of downtown Dubai.&lt;/p&gt;\r\n'),
(21, 3, '1cb2f912-bab5-4ef3-b05f-4be9c67a85bc', '&lt;p&gt;Before you stands the world&amp;#39;s tallest man-made structure: the incredible Burj Khalifa. Standing at over 829.84 meters or 2,723 feet, this incredible monument to the power of man is a sight to behold. Today you&amp;#39;ll have a chance to experience this icon of the New Middle East and have a glorious view from the panoramic observatory at the top of Burj Khalifa.&lt;br /&gt;\r\n&lt;br /&gt;\r\nAs you enter, a photographer will take your picture and give you a ticket for seeing the photo at the exit later on&lt;/p&gt;\r\n'),
(22, 4, '1cb2f912-bab5-4ef3-b05f-4be9c67a85bc', '&lt;p&gt;Ticket drop off at your hotel&lt;/p&gt;\r\n'),
(23, 5, '1cb2f912-bab5-4ef3-b05f-4be9c67a85bc', '&lt;div&gt;\r\n&lt;ul&gt;\r\n	&lt;li&gt;Pictures taken by a photographer&lt;/li&gt;\r\n	&lt;li&gt;Viewing telescopes&lt;/li&gt;\r\n&lt;/ul&gt;\r\n&lt;/div&gt;\r\n'),
(24, 6, '1cb2f912-bab5-4ef3-b05f-4be9c67a85bc', '&lt;p&gt;The local tour operator will send you a second email confirming your order code.&lt;br /&gt;\r\n&lt;br /&gt;\r\n&amp;bull; As per Burj Khalifa policy, tickets cannot be modified, exchanged, or refunded.&lt;br /&gt;\r\n&lt;br /&gt;\r\n&amp;bull; If a time slot is not available, the supplier will automatically look for one within an hour&amp;#39;s range. The time slot you select cannot be guaranteed.&lt;br /&gt;\r\n&lt;br /&gt;\r\n&amp;bull; There will be lines at the attraction&amp;#39;s various exhibits. The average time required to visit this attraction is approximately 2 hours.&lt;br /&gt;\r\n&amp;nbsp;&lt;/p&gt;\r\n');

-- --------------------------------------------------------

--
-- Table structure for table `tours_attribute_keys`
--

CREATE TABLE IF NOT EXISTS `tours_attribute_keys` (
  `keyId` int(11) NOT NULL,
  `keyName` varchar(100) NOT NULL,
  `keyStatus` tinyint(1) NOT NULL DEFAULT '1'
) ENGINE=InnoDB AUTO_INCREMENT=7 DEFAULT CHARSET=latin1;

--
-- Dumping data for table `tours_attribute_keys`
--

INSERT INTO `tours_attribute_keys` (`keyId`, `keyName`, `keyStatus`) VALUES
(1, 'Highlights', 1),
(2, 'Overview', 1),
(3, 'Description', 1),
(4, 'Whats Included', 1),
(5, 'Whats Not included', 1),
(6, 'Good to Know', 1);

-- --------------------------------------------------------

--
-- Table structure for table `tours_category`
--

CREATE TABLE IF NOT EXISTS `tours_category` (
  `tourCategoryId` int(11) NOT NULL,
  `categoryId` int(11) NOT NULL,
  `tourId` varchar(100) NOT NULL
) ENGINE=InnoDB AUTO_INCREMENT=7 DEFAULT CHARSET=latin1;

--
-- Dumping data for table `tours_category`
--

INSERT INTO `tours_category` (`tourCategoryId`, `categoryId`, `tourId`) VALUES
(1, 2, 'b9240436-e058-4eb4-bb28-f17ca76a7239'),
(2, 2, 'd6633264-7fdc-40e0-804a-02fc53d97f29'),
(3, 3, 'd6633264-7fdc-40e0-804a-02fc53d97f29'),
(4, 6, 'd6633264-7fdc-40e0-804a-02fc53d97f29'),
(5, 6, 'dba9768a-4be2-465a-8f6a-88fd26f5d718'),
(6, 6, '1cb2f912-bab5-4ef3-b05f-4be9c67a85bc');

-- --------------------------------------------------------

--
-- Table structure for table `tours_images`
--

CREATE TABLE IF NOT EXISTS `tours_images` (
  `imageId` int(11) NOT NULL,
  `tourId` varchar(100) NOT NULL,
  `imagePath` varchar(256) NOT NULL,
  `imageDefault` tinyint(1) NOT NULL DEFAULT '2',
  `imageUploadedOn` date NOT NULL
) ENGINE=InnoDB AUTO_INCREMENT=22 DEFAULT CHARSET=latin1;

--
-- Dumping data for table `tours_images`
--

INSERT INTO `tours_images` (`imageId`, `tourId`, `imagePath`, `imageDefault`, `imageUploadedOn`) VALUES
(1, 'b9240436-e058-4eb4-bb28-f17ca76a7239', '14414438161.jpg', 2, '0000-00-00'),
(2, 'b9240436-e058-4eb4-bb28-f17ca76a7239', '14414438162.jpg', 2, '0000-00-00'),
(3, 'b9240436-e058-4eb4-bb28-f17ca76a7239', '144309619353333aabef7de54ac11320450d3c699d.jpg', 2, '0000-00-00'),
(4, 'b9240436-e058-4eb4-bb28-f17ca76a7239', '1443096193c040b5eda845578aee8f328024e83927.jpg', 1, '0000-00-00'),
(5, 'b9240436-e058-4eb4-bb28-f17ca76a7239', '1443096360ee3795ba7e0fc67b852787f33dcebdd9.jpg', 2, '0000-00-00'),
(6, 'b9240436-e058-4eb4-bb28-f17ca76a7239', '1443096360ffbdc10bbf7353e4e455c24d042135c4.jpg', 2, '0000-00-00'),
(7, 'd6633264-7fdc-40e0-804a-02fc53d97f29', '1447913765faa2eb2d2171c1095c599fd848167981.jpg', 2, '0000-00-00'),
(8, 'd6633264-7fdc-40e0-804a-02fc53d97f29', '14479137659b6d6fade8aa96dfd1451ee8d4a73dd9.jpg', 2, '0000-00-00'),
(9, 'd6633264-7fdc-40e0-804a-02fc53d97f29', '14479137653c6eb2ec6766aa569b1d7389a6eb0ecf.jpg', 2, '0000-00-00'),
(10, 'd6633264-7fdc-40e0-804a-02fc53d97f29', '1447913765f2642e6227598e49d2b62edb220f00ac.jpg', 1, '0000-00-00'),
(11, 'dba9768a-4be2-465a-8f6a-88fd26f5d718', '144895288312e801cc04bd86070fd7c3e8976a723d.jpg', 1, '0000-00-00'),
(12, 'dba9768a-4be2-465a-8f6a-88fd26f5d718', '14489528837296dc4da8749abb729994ea2583e644.jpg', 2, '0000-00-00'),
(13, 'dba9768a-4be2-465a-8f6a-88fd26f5d718', '14489528835f5b63e9e2abf9eb8550d6fe8449bb8b.jpg', 2, '0000-00-00'),
(14, '1cb2f912-bab5-4ef3-b05f-4be9c67a85bc', '14489567233de5b897242aaf9c0950ab61bc5dabed.jpg', 1, '0000-00-00'),
(15, '1cb2f912-bab5-4ef3-b05f-4be9c67a85bc', '144895672324da2d150eeff587d139cf66166609a5.jpg', 2, '0000-00-00'),
(16, '1cb2f912-bab5-4ef3-b05f-4be9c67a85bc', '14489567232580ea78a3248a792a1b667a0b564f0e.jpg', 2, '0000-00-00'),
(17, '1cb2f912-bab5-4ef3-b05f-4be9c67a85bc', '14489567239974ba29cd5dfc83b2e59461e41759fd.jpg', 2, '0000-00-00'),
(18, '1cb2f912-bab5-4ef3-b05f-4be9c67a85bc', '14489567235208cb2fea1497574bc8a90b9ef91d07.jpg', 2, '0000-00-00'),
(19, '1cb2f912-bab5-4ef3-b05f-4be9c67a85bc', '1448956723e609a773d07c7cec8f603badbb174432.jpg', 2, '0000-00-00'),
(20, '1cb2f912-bab5-4ef3-b05f-4be9c67a85bc', '14489567230d8d533d90501a02c1c7996088df9f45.jpg', 2, '0000-00-00'),
(21, '1cb2f912-bab5-4ef3-b05f-4be9c67a85bc', '14489567234c4fe03a06f7e7784e7a5ae53a8e3366.jpg', 2, '0000-00-00');

-- --------------------------------------------------------

--
-- Table structure for table `tours_key_highlight`
--

CREATE TABLE IF NOT EXISTS `tours_key_highlight` (
  `tourKeyhighlightId` int(11) NOT NULL,
  `tourId` varchar(100) NOT NULL,
  `keyhighlightId` int(11) NOT NULL
) ENGINE=InnoDB DEFAULT CHARSET=latin1;

-- --------------------------------------------------------

--
-- Table structure for table `tours_options`
--

CREATE TABLE IF NOT EXISTS `tours_options` (
  `optionId` int(11) NOT NULL,
  `tourId` varchar(100) NOT NULL,
  `optionName` varchar(256) NOT NULL,
  `optionPrice` float(10,2) NOT NULL,
  `optionPriceType` varchar(100) DEFAULT NULL,
  `optionStatus` tinyint(1) NOT NULL DEFAULT '1'
) ENGINE=InnoDB AUTO_INCREMENT=99 DEFAULT CHARSET=latin1;

--
-- Dumping data for table `tours_options`
--

INSERT INTO `tours_options` (`optionId`, `tourId`, `optionName`, `optionPrice`, `optionPriceType`, `optionStatus`) VALUES
(97, 'b9240436-e058-4eb4-bb28-f17ca76a7239', 'Option one', 10.00, 'opp', 1),
(98, 'b9240436-e058-4eb4-bb28-f17ca76a7239', 'Option Two', 10.00, 'opg', 1);

-- --------------------------------------------------------

--
-- Table structure for table `tours_price`
--

CREATE TABLE IF NOT EXISTS `tours_price` (
  `tourPriceId` int(11) NOT NULL,
  `tourId` varchar(100) NOT NULL,
  `priceData` blob NOT NULL
) ENGINE=InnoDB AUTO_INCREMENT=5 DEFAULT CHARSET=latin1;

--
-- Dumping data for table `tours_price`
--

INSERT INTO `tours_price` (`tourPriceId`, `tourId`, `priceData`) VALUES
(1, 'b9240436-e058-4eb4-bb28-f17ca76a7239', 0x613a333a7b733a31353a22746f75725f70726963655f74797065223b733a323a227067223b733a31303a22746f75725f7072696365223b733a333a22313030223b733a383a22646973636f756e74223b613a323a7b733a31333a226d705f70657263656e74616765223b733a313a2230223b733a383a226d705f636f756e74223b733a313a2230223b7d7d),
(2, 'd6633264-7fdc-40e0-804a-02fc53d97f29', 0x613a313a7b733a31363a22746f75725f70726963655f67726f7570223b613a323a7b733a313a2261223b613a343a7b733a343a2274797065223b733a313a2261223b733a353a227072696365223b733a323a223732223b733a333a22616765223b733a323a223138223b733a383a226167655f74797065223b733a313a223c223b7d733a313a2263223b613a343a7b733a343a2274797065223b733a313a2263223b733a353a227072696365223b733a323a223630223b733a333a22616765223b733a323a223132223b733a383a226167655f74797065223b733a313a223c223b7d7d7d),
(3, 'dba9768a-4be2-465a-8f6a-88fd26f5d718', 0x613a333a7b733a31353a22746f75725f70726963655f74797065223b733a323a227070223b733a31363a22746f75725f70726963655f67726f7570223b613a323a7b733a313a2261223b613a343a7b733a343a2274797065223b733a313a2261223b733a353a227072696365223b733a333a22313030223b733a333a22616765223b733a323a223138223b733a383a226167655f74797065223b733a313a223e223b7d733a313a2263223b613a343a7b733a343a2274797065223b733a313a2263223b733a353a227072696365223b733a323a223735223b733a333a22616765223b733a323a223132223b733a383a226167655f74797065223b733a323a223c3d223b7d7d733a383a22646973636f756e74223b613a323a7b733a31333a226d705f70657263656e74616765223b733a313a2230223b733a383a226d705f636f756e74223b733a313a2230223b7d7d),
(4, '1cb2f912-bab5-4ef3-b05f-4be9c67a85bc', 0x613a333a7b733a31353a22746f75725f70726963655f74797065223b733a323a227070223b733a31363a22746f75725f70726963655f67726f7570223b613a323a7b733a313a2261223b613a343a7b733a343a2274797065223b733a313a2261223b733a353a227072696365223b733a323a223435223b733a333a22616765223b733a323a223138223b733a383a226167655f74797065223b733a313a223c223b7d733a313a2263223b613a343a7b733a343a2274797065223b733a313a2263223b733a353a227072696365223b733a323a223335223b733a333a22616765223b733a323a223132223b733a383a226167655f74797065223b733a323a223c3d223b7d7d733a383a22646973636f756e74223b613a323a7b733a31333a226d705f70657263656e74616765223b733a323a223130223b733a383a226d705f636f756e74223b733a313a2235223b7d7d);

-- --------------------------------------------------------

--
-- Table structure for table `tours_rating`
--

CREATE TABLE IF NOT EXISTS `tours_rating` (
  `ratingId` int(11) NOT NULL,
  `tourId` varchar(100) NOT NULL,
  `star_1` int(11) NOT NULL DEFAULT '0',
  `star_2` int(11) NOT NULL DEFAULT '0',
  `star_3` int(11) NOT NULL DEFAULT '0',
  `star_4` int(11) NOT NULL DEFAULT '0',
  `star_5` int(11) NOT NULL DEFAULT '0'
) ENGINE=InnoDB AUTO_INCREMENT=2 DEFAULT CHARSET=latin1;

--
-- Dumping data for table `tours_rating`
--

INSERT INTO `tours_rating` (`ratingId`, `tourId`, `star_1`, `star_2`, `star_3`, `star_4`, `star_5`) VALUES
(1, 'd6633264-7fdc-40e0-804a-02fc53d97f29', 4, 0, 1, 0, 0);

-- --------------------------------------------------------

--
-- Table structure for table `tours_review`
--

CREATE TABLE IF NOT EXISTS `tours_review` (
  `reviewId` int(11) NOT NULL,
  `tourId` varchar(100) NOT NULL,
  `vendorId` int(11) NOT NULL,
  `reviewByName` varchar(256) NOT NULL,
  `reviewByEmail` varchar(256) NOT NULL,
  `reviewContent` varchar(500) NOT NULL,
  `isMember` tinyint(1) NOT NULL,
  `starCount` tinyint(1) NOT NULL,
  `reviewStatus` tinyint(1) NOT NULL,
  `reviewOn` date NOT NULL
) ENGINE=InnoDB AUTO_INCREMENT=5 DEFAULT CHARSET=latin1;

--
-- Dumping data for table `tours_review`
--

INSERT INTO `tours_review` (`reviewId`, `tourId`, `vendorId`, `reviewByName`, `reviewByEmail`, `reviewContent`, `isMember`, `starCount`, `reviewStatus`, `reviewOn`) VALUES
(1, 'd6633264-7fdc-40e0-804a-02fc53d97f29', 8, 'Amit Sarkar', 'amit.bargad@gmail.com', 'Lorem ipsum dolor sit amet, consectetur adipiscing elit. Integer posuere erat a ante.', 1, 4, 1, '2016-01-06'),
(2, 'd6633264-7fdc-40e0-804a-02fc53d97f29', 8, 'Amit Sarkar', 'amit.bargad@gmail.com', 'Another test review by Amit Sarkar the creator of this website', 1, 1, 1, '2016-01-06'),
(3, 'd6633264-7fdc-40e0-804a-02fc53d97f29', 8, 'Amit Sarkar', 'amit.bargad@gmail.com', 'This is nice tour', 1, 3, 1, '2016-01-06'),
(4, 'd6633264-7fdc-40e0-804a-02fc53d97f29', 8, 'Amit Sarkar', 'amit.bargad@gmail.com', 'More review from me', 1, 1, 1, '2016-01-06');

-- --------------------------------------------------------

--
-- Table structure for table `tour_types`
--

CREATE TABLE IF NOT EXISTS `tour_types` (
  `tourTypesId` int(11) NOT NULL,
  `tourTypesTitle` varchar(256) NOT NULL,
  `tourTypesStatus` tinyint(1) NOT NULL DEFAULT '1'
) ENGINE=InnoDB AUTO_INCREMENT=3 DEFAULT CHARSET=latin1;

--
-- Dumping data for table `tour_types`
--

INSERT INTO `tour_types` (`tourTypesId`, `tourTypesTitle`, `tourTypesStatus`) VALUES
(1, 'Tour & activities type One', 1),
(2, 'Tour & activities type Two', 1);

-- --------------------------------------------------------

--
-- Table structure for table `variable`
--

CREATE TABLE IF NOT EXISTS `variable` (
  `variableId` int(11) NOT NULL,
  `variableKey` varchar(256) NOT NULL,
  `variableData` varchar(256) NOT NULL
) ENGINE=InnoDB AUTO_INCREMENT=13 DEFAULT CHARSET=latin1;

--
-- Dumping data for table `variable`
--

INSERT INTO `variable` (`variableId`, `variableKey`, `variableData`) VALUES
(1, 'smtp_user', 's:20:"tourpage86@gmail.com";'),
(2, 'smtp_pass', 's:12:"Tour$#@!4321";'),
(3, 'smtp_port', 's:3:"465";'),
(4, 'smtp_host', 's:14:"smtp.gmail.com";'),
(5, 'config_tour_age_group', 'a:2:{s:1:"a";s:5:"Adult";s:1:"c";s:5:"Child";}'),
(6, 'paypal_mode', 's:7:"sandbox";'),
(7, 'paypal_sandbox_account', 's:22:"am.bargad@bargadss.com";'),
(8, 'paypal_sandbox_client_id', 's:80:"AZzzToSH9IBnEOUqerwcB9mZPujMfVm_RrMtpuwG7AidsHuumBaeEQQSyEFOrtd90t3yLBqaccFL6SHe";'),
(9, 'paypal_sandbox_client_secret', 's:80:"EJTPngmw1o6lMKv3z4-Pz9mZyUUe8GM6HYchv2YHCLVag-VZSSfWxDaq8RaoIHF5W-UdYrQepNZNmOOr";'),
(10, 'paypal_live_account', 's:20:"asrc_s07@yahoo.co.in";'),
(11, 'paypal_live_client_id', 's:80:"AWzaCql3CwRxNXG6YK4kyEkDhOieSEcitzplOpAE-ltBFVWoz1D3mYdXLyJGkB4sgMHIfD_L0vzuy4bG";'),
(12, 'paypal_live_client_secret', 's:80:"EOmwMKHpCO4Vw_9uTMG6-0AzOTV56DwuijdbG-pBwobLPzrsEaCOTbJ1y7jAVhFfadLJBrdT2JsX8TXh";');

-- --------------------------------------------------------

--
-- Table structure for table `vendors`
--

CREATE TABLE IF NOT EXISTS `vendors` (
  `vendorId` int(11) NOT NULL,
  `firstName` varchar(256) NOT NULL,
  `lastName` varchar(256) NOT NULL,
  `jobTitle` varchar(256) NOT NULL,
  `businessName` varchar(256) NOT NULL,
  `slogan` varchar(256) DEFAULT NULL,
  `avatar` varchar(256) DEFAULT NULL,
  `logo` varchar(256) DEFAULT NULL,
  `userName` varchar(256) DEFAULT NULL,
  `passWord` varchar(512) NOT NULL,
  `emailAddress` varchar(256) CHARACTER SET latin1 COLLATE latin1_general_cs NOT NULL,
  `phone` varchar(20) DEFAULT NULL,
  `city` varchar(50) DEFAULT NULL,
  `stateId` int(11) NOT NULL,
  `countryId` int(11) NOT NULL,
  `vendorCategory` int(11) NOT NULL,
  `isTripAdv` tinytext NOT NULL,
  `tripAdvLink` varchar(256) DEFAULT NULL,
  `slug` varchar(256) DEFAULT NULL,
  `aboutUs` text,
  `introduction` text,
  `policy` text,
  `cancelPolicy` text,
  `status` tinyint(1) NOT NULL DEFAULT '1',
  `estd` int(11) DEFAULT NULL,
  `socialMedia` text,
  `createdOn` date NOT NULL
) ENGINE=InnoDB AUTO_INCREMENT=9 DEFAULT CHARSET=latin1;

--
-- Dumping data for table `vendors`
--

INSERT INTO `vendors` (`vendorId`, `firstName`, `lastName`, `jobTitle`, `businessName`, `slogan`, `avatar`, `logo`, `userName`, `passWord`, `emailAddress`, `phone`, `city`, `stateId`, `countryId`, `vendorCategory`, `isTripAdv`, `tripAdvLink`, `slug`, `aboutUs`, `introduction`, `policy`, `cancelPolicy`, `status`, `estd`, `socialMedia`, `createdOn`) VALUES
(1, 'Amit', 'Sarkar', 'Supplier', 'BSS Tours and Travels', 'Connecting people', 'avatar14480021251.jpg', 'logo14480022431.png', NULL, 'de9a24847460daea392147e65a136298', 'amit.bargad@gmail.com', '9874563210', 'Kolkata', 1506, 99, 1, 'n', NULL, NULL, '', '', '', '', 1, 2014, 'a:1:{s:5:"links";a:3:{s:8:"facebook";s:30:"https%3A%2F%2Fwww.facebook.com";s:7:"twitter";s:29:"https%3A%2F%2Fwww.twitter.com";s:9:"instagram";s:41:"https%3A%2F%2Fwww.instagram.com%2Fbss-opt";}}', '2014-03-03'),
(3, 'Sanjoy', 'Bardhan', 'Supplier', 'IT Infosys', NULL, NULL, NULL, NULL, '25f9e794323b453885f5181f1b624d0b', 'sbardhan@gmail.com', '9874563210', 'Kolkata', 1506, 99, 1, 'n', NULL, NULL, NULL, NULL, NULL, NULL, 1, NULL, NULL, '2014-05-21'),
(8, 'Anonymous', 'hacktivist', 'Owner', 'Go IBIBO', 'Best Tour Forever', 'avatar14479128231.png', 'logo14479128051.png', NULL, '25f9e794323b453885f5181f1b624d0b', 'amit.bargadd1@gmail.com', '9874563210', 'Kolkata', 1506, 99, 1, 'n', NULL, NULL, '', '', '', '', 1, 2014, 'a:1:{s:5:"links";a:3:{s:8:"facebook";s:30:"https%3A%2F%2Fwww.facebook.com";s:7:"twitter";s:29:"https%3A%2F%2Fwww.twitter.com";s:9:"instagram";s:31:"https%3A%2F%2Fwww.instagram.com";}}', '2015-02-18');

-- --------------------------------------------------------

--
-- Table structure for table `vendors_banner`
--

CREATE TABLE IF NOT EXISTS `vendors_banner` (
  `bannerId` int(11) NOT NULL,
  `vendorId` int(11) NOT NULL,
  `bannerImage` varchar(256) NOT NULL,
  `bannerLink` varchar(256) NOT NULL,
  `bannerStatus` tinyint(1) DEFAULT '1',
  `imageUploadedOn` date DEFAULT NULL
) ENGINE=InnoDB AUTO_INCREMENT=4 DEFAULT CHARSET=latin1;

--
-- Dumping data for table `vendors_banner`
--

INSERT INTO `vendors_banner` (`bannerId`, `vendorId`, `bannerImage`, `bannerLink`, `bannerStatus`, `imageUploadedOn`) VALUES
(1, 1, 'banner14470702531.jpg', 'https://www.facebook.com', 1, '0000-00-00'),
(2, 8, 'banner14479129761.jpg', 'https://www.facebook.com/', 1, '0000-00-00'),
(3, 8, 'banner14479130031.jpg', 'https://www.facebook.com/', 1, '0000-00-00');

-- --------------------------------------------------------

--
-- Table structure for table `vendors_events`
--

CREATE TABLE IF NOT EXISTS `vendors_events` (
  `eventId` int(11) NOT NULL,
  `vendorId` int(11) NOT NULL,
  `eventKey` varchar(100) NOT NULL,
  `eventCreatedOn` int(11) NOT NULL,
  `eventValidThru` int(11) NOT NULL,
  `eventStatus` tinyint(2) NOT NULL,
  `eventComment` varchar(100) DEFAULT NULL
) ENGINE=InnoDB AUTO_INCREMENT=10 DEFAULT CHARSET=latin1;

--
-- Dumping data for table `vendors_events`
--

INSERT INTO `vendors_events` (`eventId`, `vendorId`, `eventKey`, `eventCreatedOn`, `eventValidThru`, `eventStatus`, `eventComment`) VALUES
(1, 1, 'vendor_create_new_account', 1441439641, 1441526041, 1, NULL),
(3, 3, 'vendor_create_new_account', 1441443033, 1441529433, 1, NULL),
(8, 8, 'vendor_create_new_account', 1442313904, 1442400304, 2, NULL),
(9, 1, 'vendor_reset_password', 1451543964, 1451630364, 2, NULL);

-- --------------------------------------------------------

--
-- Table structure for table `vendors_tours`
--

CREATE TABLE IF NOT EXISTS `vendors_tours` (
  `vendorTourId` int(11) NOT NULL,
  `vendorId` int(11) NOT NULL,
  `tourId` varchar(100) NOT NULL,
  `status` tinyint(1) NOT NULL DEFAULT '2'
) ENGINE=InnoDB AUTO_INCREMENT=5 DEFAULT CHARSET=latin1;

--
-- Dumping data for table `vendors_tours`
--

INSERT INTO `vendors_tours` (`vendorTourId`, `vendorId`, `tourId`, `status`) VALUES
(1, 1, 'b9240436-e058-4eb4-bb28-f17ca76a7239', 1),
(2, 8, 'd6633264-7fdc-40e0-804a-02fc53d97f29', 1),
(3, 1, 'dba9768a-4be2-465a-8f6a-88fd26f5d718', 1),
(4, 1, '1cb2f912-bab5-4ef3-b05f-4be9c67a85bc', 1);

-- --------------------------------------------------------

--
-- Table structure for table `vendors_tour_types`
--

CREATE TABLE IF NOT EXISTS `vendors_tour_types` (
  `vendorTourTypesId` int(11) NOT NULL,
  `vendorId` int(11) NOT NULL,
  `tourTypesId` int(11) NOT NULL
) ENGINE=InnoDB AUTO_INCREMENT=26 DEFAULT CHARSET=latin1;

--
-- Dumping data for table `vendors_tour_types`
--

INSERT INTO `vendors_tour_types` (`vendorTourTypesId`, `vendorId`, `tourTypesId`) VALUES
(17, 3, 1),
(20, 8, 1),
(25, 1, 1);

--
-- Indexes for dumped tables
--

--
-- Indexes for table `admins`
--
ALTER TABLE `admins`
  ADD PRIMARY KEY (`adminId`),
  ADD KEY `roleId` (`roleId`);

--
-- Indexes for table `admins_roles`
--
ALTER TABLE `admins_roles`
  ADD PRIMARY KEY (`roleId`);

--
-- Indexes for table `announcement`
--
ALTER TABLE `announcement`
  ADD PRIMARY KEY (`ancId`);

--
-- Indexes for table `banners`
--
ALTER TABLE `banners`
  ADD PRIMARY KEY (`bannerId`);

--
-- Indexes for table `booking`
--
ALTER TABLE `booking`
  ADD PRIMARY KEY (`bookingId`),
  ADD KEY `INDEX_BOOKING_MEMBER_ID` (`memberId`) USING BTREE;

--
-- Indexes for table `booking_address`
--
ALTER TABLE `booking_address`
  ADD PRIMARY KEY (`billingAddressId`),
  ADD KEY `INDEX_BOOKING_ADDRESS_BILLING_STATE` (`billingState`) USING BTREE,
  ADD KEY `INDEX_BOOKING_ADDRESS_BILLING_COUNTRY` (`billingCountry`) USING BTREE,
  ADD KEY `INDEX_BOOKING_ADDRESS_BOOKING_ID` (`bookingId`) USING BTREE;

--
-- Indexes for table `booking_tours`
--
ALTER TABLE `booking_tours`
  ADD PRIMARY KEY (`bookingTourId`),
  ADD KEY `INDEX_BOOKING_TOURS_TOUR_ID` (`tourId`) USING BTREE,
  ADD KEY `INDEX_BOOKING_TOURS_VENDOR_ID` (`vendorId`) USING BTREE,
  ADD KEY `INDEX_BOOKING_TOURS_BOOKING_ID` (`bookingId`) USING BTREE;

--
-- Indexes for table `category_tour`
--
ALTER TABLE `category_tour`
  ADD PRIMARY KEY (`categoryId`);

--
-- Indexes for table `category_vendor`
--
ALTER TABLE `category_vendor`
  ADD PRIMARY KEY (`categoryId`);

--
-- Indexes for table `city`
--
ALTER TABLE `city`
  ADD PRIMARY KEY (`cityId`),
  ADD KEY `INDEX_CITY_STATE_ID` (`stateId`) USING BTREE,
  ADD KEY `INDEX_CITY_COUNTRY_ID` (`countryId`) USING BTREE;

--
-- Indexes for table `country`
--
ALTER TABLE `country`
  ADD PRIMARY KEY (`countryId`);

--
-- Indexes for table `key_highlight`
--
ALTER TABLE `key_highlight`
  ADD PRIMARY KEY (`keyhighlightId`);

--
-- Indexes for table `members`
--
ALTER TABLE `members`
  ADD PRIMARY KEY (`memberId`),
  ADD KEY `stateId` (`stateId`),
  ADD KEY `countryId` (`countryId`);

--
-- Indexes for table `members_events`
--
ALTER TABLE `members_events`
  ADD PRIMARY KEY (`eventId`),
  ADD KEY `INDEX_MEMBERS_EVENTS_MEMBERID` (`memberId`);

--
-- Indexes for table `members_tour_review`
--
ALTER TABLE `members_tour_review`
  ADD PRIMARY KEY (`memberTourReviewId`),
  ADD KEY `INDEX_MEMBERS_TOUR_REVIEW_MEMBER_ID` (`memberId`) USING BTREE,
  ADD KEY `INDEX_MEMBERS_TOUR_REIVEW_TOUR_ID` (`tourId`) USING BTREE,
  ADD KEY `INDEX_MEMBERS_TOUR_REVIEW_REVIEW_ID` (`reviewId`) USING BTREE;

--
-- Indexes for table `members_to_vendor`
--
ALTER TABLE `members_to_vendor`
  ADD PRIMARY KEY (`memberstovendorId`),
  ADD KEY `INDEX_MEMBERS_TO_VENDOR_MEMBER_ID` (`memberId`) USING BTREE,
  ADD KEY `INDEX_MEMBERS_TO_VENDOR_VENDOR_ID` (`vendorId`) USING BTREE;

--
-- Indexes for table `place_of_attractions`
--
ALTER TABLE `place_of_attractions`
  ADD PRIMARY KEY (`attractionId`),
  ADD KEY `INDEX_PLACE_OF_ATTRACTIONS_CITY_ID` (`cityId`) USING BTREE,
  ADD KEY `INDEX_PLACE_OF_ATTRACTIONS_STATE_ID` (`stateId`) USING BTREE,
  ADD KEY `INDEX_PLACE_OF_ATTRACTIONS_COUNTRY_ID` (`countryId`) USING BTREE;

--
-- Indexes for table `state`
--
ALTER TABLE `state`
  ADD PRIMARY KEY (`stateId`),
  ADD KEY `INDEX_ZONE_COUNTRY_ID` (`countryId`);

--
-- Indexes for table `tours`
--
ALTER TABLE `tours`
  ADD PRIMARY KEY (`tourId`);

--
-- Indexes for table `tours_attributes`
--
ALTER TABLE `tours_attributes`
  ADD PRIMARY KEY (`attributeId`),
  ADD KEY `keyId` (`keyId`),
  ADD KEY `tourId` (`tourId`);

--
-- Indexes for table `tours_attribute_keys`
--
ALTER TABLE `tours_attribute_keys`
  ADD PRIMARY KEY (`keyId`);

--
-- Indexes for table `tours_category`
--
ALTER TABLE `tours_category`
  ADD PRIMARY KEY (`tourCategoryId`),
  ADD KEY `categoryId` (`categoryId`),
  ADD KEY `tourId` (`tourId`);

--
-- Indexes for table `tours_images`
--
ALTER TABLE `tours_images`
  ADD PRIMARY KEY (`imageId`),
  ADD KEY `tourId` (`tourId`);

--
-- Indexes for table `tours_key_highlight`
--
ALTER TABLE `tours_key_highlight`
  ADD PRIMARY KEY (`tourKeyhighlightId`),
  ADD KEY `INDEX_TOURS_KEY_HIGHLIGHT_TOUR_ID` (`tourId`) USING BTREE,
  ADD KEY `INDEX_TOURS_KEY_HIGHLIGHT_KEY_HIGHLIGHT_ID` (`keyhighlightId`) USING BTREE;

--
-- Indexes for table `tours_options`
--
ALTER TABLE `tours_options`
  ADD PRIMARY KEY (`optionId`),
  ADD KEY `tourId` (`tourId`);

--
-- Indexes for table `tours_price`
--
ALTER TABLE `tours_price`
  ADD PRIMARY KEY (`tourPriceId`),
  ADD KEY `tourId` (`tourId`);

--
-- Indexes for table `tours_rating`
--
ALTER TABLE `tours_rating`
  ADD PRIMARY KEY (`ratingId`),
  ADD KEY `INDEX_TOURS_RATING_TOUR_ID` (`tourId`) USING BTREE;

--
-- Indexes for table `tours_review`
--
ALTER TABLE `tours_review`
  ADD PRIMARY KEY (`reviewId`),
  ADD KEY `INDEX_TOURS_REVIEW_TOUR_ID` (`tourId`) USING BTREE,
  ADD KEY `INDEX_TOURS_REVIEW_VENDOR_ID` (`vendorId`) USING BTREE;

--
-- Indexes for table `tour_types`
--
ALTER TABLE `tour_types`
  ADD PRIMARY KEY (`tourTypesId`);

--
-- Indexes for table `variable`
--
ALTER TABLE `variable`
  ADD PRIMARY KEY (`variableId`);

--
-- Indexes for table `vendors`
--
ALTER TABLE `vendors`
  ADD PRIMARY KEY (`vendorId`),
  ADD KEY `vendorCategory` (`vendorCategory`),
  ADD KEY `stateId` (`stateId`),
  ADD KEY `countryId` (`countryId`);

--
-- Indexes for table `vendors_banner`
--
ALTER TABLE `vendors_banner`
  ADD PRIMARY KEY (`bannerId`),
  ADD KEY `vendorId` (`vendorId`);

--
-- Indexes for table `vendors_events`
--
ALTER TABLE `vendors_events`
  ADD PRIMARY KEY (`eventId`),
  ADD KEY `INDEX_VENDOR_EVENTS_VENDORID` (`vendorId`);

--
-- Indexes for table `vendors_tours`
--
ALTER TABLE `vendors_tours`
  ADD PRIMARY KEY (`vendorTourId`),
  ADD KEY `vendorId` (`vendorId`,`tourId`),
  ADD KEY `tourId` (`tourId`);

--
-- Indexes for table `vendors_tour_types`
--
ALTER TABLE `vendors_tour_types`
  ADD PRIMARY KEY (`vendorTourTypesId`),
  ADD KEY `vendorId` (`vendorId`),
  ADD KEY `tourTypesId` (`tourTypesId`);

--
-- AUTO_INCREMENT for dumped tables
--

--
-- AUTO_INCREMENT for table `admins`
--
ALTER TABLE `admins`
  MODIFY `adminId` int(11) NOT NULL AUTO_INCREMENT,AUTO_INCREMENT=2;
--
-- AUTO_INCREMENT for table `admins_roles`
--
ALTER TABLE `admins_roles`
  MODIFY `roleId` int(11) NOT NULL AUTO_INCREMENT,AUTO_INCREMENT=3;
--
-- AUTO_INCREMENT for table `announcement`
--
ALTER TABLE `announcement`
  MODIFY `ancId` int(11) NOT NULL AUTO_INCREMENT,AUTO_INCREMENT=5;
--
-- AUTO_INCREMENT for table `banners`
--
ALTER TABLE `banners`
  MODIFY `bannerId` int(11) NOT NULL AUTO_INCREMENT,AUTO_INCREMENT=15;
--
-- AUTO_INCREMENT for table `booking`
--
ALTER TABLE `booking`
  MODIFY `bookingId` int(11) NOT NULL AUTO_INCREMENT,AUTO_INCREMENT=23;
--
-- AUTO_INCREMENT for table `booking_address`
--
ALTER TABLE `booking_address`
  MODIFY `billingAddressId` int(11) NOT NULL AUTO_INCREMENT,AUTO_INCREMENT=11;
--
-- AUTO_INCREMENT for table `booking_tours`
--
ALTER TABLE `booking_tours`
  MODIFY `bookingTourId` int(11) NOT NULL AUTO_INCREMENT,AUTO_INCREMENT=15;
--
-- AUTO_INCREMENT for table `category_tour`
--
ALTER TABLE `category_tour`
  MODIFY `categoryId` int(11) NOT NULL AUTO_INCREMENT,AUTO_INCREMENT=7;
--
-- AUTO_INCREMENT for table `category_vendor`
--
ALTER TABLE `category_vendor`
  MODIFY `categoryId` int(11) NOT NULL AUTO_INCREMENT,AUTO_INCREMENT=2;
--
-- AUTO_INCREMENT for table `city`
--
ALTER TABLE `city`
  MODIFY `cityId` int(11) NOT NULL AUTO_INCREMENT,AUTO_INCREMENT=2350;
--
-- AUTO_INCREMENT for table `country`
--
ALTER TABLE `country`
  MODIFY `countryId` int(11) NOT NULL AUTO_INCREMENT,AUTO_INCREMENT=252;
--
-- AUTO_INCREMENT for table `key_highlight`
--
ALTER TABLE `key_highlight`
  MODIFY `keyhighlightId` int(11) NOT NULL AUTO_INCREMENT,AUTO_INCREMENT=5;
--
-- AUTO_INCREMENT for table `members`
--
ALTER TABLE `members`
  MODIFY `memberId` int(11) NOT NULL AUTO_INCREMENT,AUTO_INCREMENT=4;
--
-- AUTO_INCREMENT for table `members_events`
--
ALTER TABLE `members_events`
  MODIFY `eventId` int(11) NOT NULL AUTO_INCREMENT,AUTO_INCREMENT=3;
--
-- AUTO_INCREMENT for table `members_tour_review`
--
ALTER TABLE `members_tour_review`
  MODIFY `memberTourReviewId` int(11) NOT NULL AUTO_INCREMENT,AUTO_INCREMENT=5;
--
-- AUTO_INCREMENT for table `members_to_vendor`
--
ALTER TABLE `members_to_vendor`
  MODIFY `memberstovendorId` int(11) NOT NULL AUTO_INCREMENT,AUTO_INCREMENT=2;
--
-- AUTO_INCREMENT for table `place_of_attractions`
--
ALTER TABLE `place_of_attractions`
  MODIFY `attractionId` int(11) NOT NULL AUTO_INCREMENT,AUTO_INCREMENT=5;
--
-- AUTO_INCREMENT for table `state`
--
ALTER TABLE `state`
  MODIFY `stateId` int(11) NOT NULL AUTO_INCREMENT,AUTO_INCREMENT=4033;
--
-- AUTO_INCREMENT for table `tours_attributes`
--
ALTER TABLE `tours_attributes`
  MODIFY `attributeId` int(11) NOT NULL AUTO_INCREMENT,AUTO_INCREMENT=25;
--
-- AUTO_INCREMENT for table `tours_attribute_keys`
--
ALTER TABLE `tours_attribute_keys`
  MODIFY `keyId` int(11) NOT NULL AUTO_INCREMENT,AUTO_INCREMENT=7;
--
-- AUTO_INCREMENT for table `tours_category`
--
ALTER TABLE `tours_category`
  MODIFY `tourCategoryId` int(11) NOT NULL AUTO_INCREMENT,AUTO_INCREMENT=7;
--
-- AUTO_INCREMENT for table `tours_images`
--
ALTER TABLE `tours_images`
  MODIFY `imageId` int(11) NOT NULL AUTO_INCREMENT,AUTO_INCREMENT=22;
--
-- AUTO_INCREMENT for table `tours_key_highlight`
--
ALTER TABLE `tours_key_highlight`
  MODIFY `tourKeyhighlightId` int(11) NOT NULL AUTO_INCREMENT;
--
-- AUTO_INCREMENT for table `tours_options`
--
ALTER TABLE `tours_options`
  MODIFY `optionId` int(11) NOT NULL AUTO_INCREMENT,AUTO_INCREMENT=99;
--
-- AUTO_INCREMENT for table `tours_price`
--
ALTER TABLE `tours_price`
  MODIFY `tourPriceId` int(11) NOT NULL AUTO_INCREMENT,AUTO_INCREMENT=5;
--
-- AUTO_INCREMENT for table `tours_rating`
--
ALTER TABLE `tours_rating`
  MODIFY `ratingId` int(11) NOT NULL AUTO_INCREMENT,AUTO_INCREMENT=2;
--
-- AUTO_INCREMENT for table `tours_review`
--
ALTER TABLE `tours_review`
  MODIFY `reviewId` int(11) NOT NULL AUTO_INCREMENT,AUTO_INCREMENT=5;
--
-- AUTO_INCREMENT for table `tour_types`
--
ALTER TABLE `tour_types`
  MODIFY `tourTypesId` int(11) NOT NULL AUTO_INCREMENT,AUTO_INCREMENT=3;
--
-- AUTO_INCREMENT for table `variable`
--
ALTER TABLE `variable`
  MODIFY `variableId` int(11) NOT NULL AUTO_INCREMENT,AUTO_INCREMENT=13;
--
-- AUTO_INCREMENT for table `vendors`
--
ALTER TABLE `vendors`
  MODIFY `vendorId` int(11) NOT NULL AUTO_INCREMENT,AUTO_INCREMENT=9;
--
-- AUTO_INCREMENT for table `vendors_banner`
--
ALTER TABLE `vendors_banner`
  MODIFY `bannerId` int(11) NOT NULL AUTO_INCREMENT,AUTO_INCREMENT=4;
--
-- AUTO_INCREMENT for table `vendors_events`
--
ALTER TABLE `vendors_events`
  MODIFY `eventId` int(11) NOT NULL AUTO_INCREMENT,AUTO_INCREMENT=10;
--
-- AUTO_INCREMENT for table `vendors_tours`
--
ALTER TABLE `vendors_tours`
  MODIFY `vendorTourId` int(11) NOT NULL AUTO_INCREMENT,AUTO_INCREMENT=5;
--
-- AUTO_INCREMENT for table `vendors_tour_types`
--
ALTER TABLE `vendors_tour_types`
  MODIFY `vendorTourTypesId` int(11) NOT NULL AUTO_INCREMENT,AUTO_INCREMENT=26;
--
-- Constraints for dumped tables
--

--
-- Constraints for table `admins`
--
ALTER TABLE `admins`
  ADD CONSTRAINT `admins_ibfk_1` FOREIGN KEY (`roleId`) REFERENCES `admins_roles` (`roleId`);

--
-- Constraints for table `booking`
--
ALTER TABLE `booking`
  ADD CONSTRAINT `FK_BOOKING_MEMBER_ID` FOREIGN KEY (`memberId`) REFERENCES `members` (`memberId`) ON UPDATE NO ACTION;

--
-- Constraints for table `booking_address`
--
ALTER TABLE `booking_address`
  ADD CONSTRAINT `FK_BOOKING_ADDRESS_BILLING_COUNTRY` FOREIGN KEY (`billingCountry`) REFERENCES `country` (`countryId`) ON UPDATE NO ACTION,
  ADD CONSTRAINT `FK_BOOKING_ADDRESS_BILLING_STATE` FOREIGN KEY (`billingState`) REFERENCES `state` (`stateId`) ON UPDATE NO ACTION,
  ADD CONSTRAINT `FK_BOOKING_ADDRESS_BOOKING_ID` FOREIGN KEY (`bookingId`) REFERENCES `booking` (`bookingId`) ON UPDATE NO ACTION;

--
-- Constraints for table `booking_tours`
--
ALTER TABLE `booking_tours`
  ADD CONSTRAINT `FK_BOOKING_TOURS_BOOKING_ID` FOREIGN KEY (`bookingId`) REFERENCES `booking` (`bookingId`) ON UPDATE NO ACTION,
  ADD CONSTRAINT `FK_BOOKING_TOURS_TOUR_ID` FOREIGN KEY (`tourId`) REFERENCES `tours` (`tourId`) ON UPDATE NO ACTION,
  ADD CONSTRAINT `FK_BOOKING_TOURS_VENDOR_ID` FOREIGN KEY (`vendorId`) REFERENCES `vendors` (`vendorId`);

--
-- Constraints for table `city`
--
ALTER TABLE `city`
  ADD CONSTRAINT `FK_CITY_COUNTRY_ID` FOREIGN KEY (`countryId`) REFERENCES `country` (`countryId`) ON UPDATE NO ACTION,
  ADD CONSTRAINT `FK_CITY_STATE_ID` FOREIGN KEY (`stateId`) REFERENCES `state` (`stateId`) ON UPDATE NO ACTION;

--
-- Constraints for table `members`
--
ALTER TABLE `members`
  ADD CONSTRAINT `members_ibfk_1` FOREIGN KEY (`countryId`) REFERENCES `country` (`countryId`),
  ADD CONSTRAINT `members_ibfk_2` FOREIGN KEY (`stateId`) REFERENCES `state` (`stateId`);

--
-- Constraints for table `members_events`
--
ALTER TABLE `members_events`
  ADD CONSTRAINT `FK_MEMBERS_EVENTS_MEMBERID` FOREIGN KEY (`memberId`) REFERENCES `members` (`memberId`);

--
-- Constraints for table `members_tour_review`
--
ALTER TABLE `members_tour_review`
  ADD CONSTRAINT `FK_MEMBERS_TOUR_REVIEW_MEMBER_ID` FOREIGN KEY (`memberId`) REFERENCES `members` (`memberId`) ON UPDATE NO ACTION,
  ADD CONSTRAINT `FK_MEMBERS_TOUR_REVIEW_REVIEW_ID` FOREIGN KEY (`reviewId`) REFERENCES `tours_review` (`reviewId`) ON UPDATE NO ACTION,
  ADD CONSTRAINT `FK_MEMBERS_TOUR_REVIEW_TOUR_ID` FOREIGN KEY (`tourId`) REFERENCES `tours` (`tourId`) ON UPDATE NO ACTION;

--
-- Constraints for table `members_to_vendor`
--
ALTER TABLE `members_to_vendor`
  ADD CONSTRAINT `FK_MEMBERS_TO_VENDOR_MEMBER_ID` FOREIGN KEY (`memberId`) REFERENCES `members` (`memberId`) ON UPDATE NO ACTION,
  ADD CONSTRAINT `FK_MEMBERS_TO_VENDOR_VENDOR_ID` FOREIGN KEY (`vendorId`) REFERENCES `vendors` (`vendorId`) ON UPDATE NO ACTION;

--
-- Constraints for table `place_of_attractions`
--
ALTER TABLE `place_of_attractions`
  ADD CONSTRAINT `FK_PLACE_OF_ATTRACTIONS_CITY_ID` FOREIGN KEY (`cityId`) REFERENCES `city` (`cityId`) ON UPDATE NO ACTION,
  ADD CONSTRAINT `FK_PLACE_OF_ATTRACTIONS_COUNTRY_ID` FOREIGN KEY (`countryId`) REFERENCES `country` (`countryId`) ON UPDATE NO ACTION,
  ADD CONSTRAINT `FK_PLACE_OF_ATTRACTIONS_STATE_ID` FOREIGN KEY (`stateId`) REFERENCES `state` (`stateId`) ON UPDATE NO ACTION;

--
-- Constraints for table `state`
--
ALTER TABLE `state`
  ADD CONSTRAINT `FK_STATE_COUNTRY_ID` FOREIGN KEY (`countryId`) REFERENCES `country` (`countryId`) ON UPDATE NO ACTION;

--
-- Constraints for table `tours_attributes`
--
ALTER TABLE `tours_attributes`
  ADD CONSTRAINT `tours_attributes_ibfk_1` FOREIGN KEY (`keyId`) REFERENCES `tours_attribute_keys` (`keyId`),
  ADD CONSTRAINT `tours_attributes_ibfk_2` FOREIGN KEY (`tourId`) REFERENCES `tours` (`tourId`);

--
-- Constraints for table `tours_category`
--
ALTER TABLE `tours_category`
  ADD CONSTRAINT `tours_category_ibfk_1` FOREIGN KEY (`categoryId`) REFERENCES `category_tour` (`categoryId`),
  ADD CONSTRAINT `tours_category_ibfk_2` FOREIGN KEY (`tourId`) REFERENCES `tours` (`tourId`);

--
-- Constraints for table `tours_images`
--
ALTER TABLE `tours_images`
  ADD CONSTRAINT `tours_images_ibfk_1` FOREIGN KEY (`tourId`) REFERENCES `tours` (`tourId`);

--
-- Constraints for table `tours_key_highlight`
--
ALTER TABLE `tours_key_highlight`
  ADD CONSTRAINT `FK_TOURS_KEY_HIGHLIGHT_KEY_HIGHLIGHT_ID` FOREIGN KEY (`keyhighlightId`) REFERENCES `key_highlight` (`keyhighlightId`) ON UPDATE NO ACTION,
  ADD CONSTRAINT `FK_TOURS_KEY_HIGHLIGHT_TOUR_ID` FOREIGN KEY (`tourId`) REFERENCES `tours` (`tourId`) ON UPDATE NO ACTION;

--
-- Constraints for table `tours_options`
--
ALTER TABLE `tours_options`
  ADD CONSTRAINT `tours_options_ibfk_1` FOREIGN KEY (`tourId`) REFERENCES `tours` (`tourId`);

--
-- Constraints for table `tours_price`
--
ALTER TABLE `tours_price`
  ADD CONSTRAINT `tours_price_ibfk_1` FOREIGN KEY (`tourId`) REFERENCES `tours` (`tourId`);

--
-- Constraints for table `tours_rating`
--
ALTER TABLE `tours_rating`
  ADD CONSTRAINT `FK_TOURS_RATING_TOUR_ID` FOREIGN KEY (`tourId`) REFERENCES `tours` (`tourId`) ON UPDATE NO ACTION;

--
-- Constraints for table `tours_review`
--
ALTER TABLE `tours_review`
  ADD CONSTRAINT `FK_TOURS_REVIEW_TOUR_ID` FOREIGN KEY (`tourId`) REFERENCES `tours` (`tourId`) ON UPDATE NO ACTION,
  ADD CONSTRAINT `FK_TOURS_REVIEW_VENDOR_ID` FOREIGN KEY (`vendorId`) REFERENCES `vendors` (`vendorId`) ON UPDATE NO ACTION;

--
-- Constraints for table `vendors`
--
ALTER TABLE `vendors`
  ADD CONSTRAINT `vendors_ibfk_1` FOREIGN KEY (`stateId`) REFERENCES `state` (`stateId`),
  ADD CONSTRAINT `vendors_ibfk_2` FOREIGN KEY (`countryId`) REFERENCES `country` (`countryId`),
  ADD CONSTRAINT `vendors_ibfk_3` FOREIGN KEY (`vendorCategory`) REFERENCES `category_vendor` (`categoryId`);

--
-- Constraints for table `vendors_banner`
--
ALTER TABLE `vendors_banner`
  ADD CONSTRAINT `vendors_banner_ibfk_1` FOREIGN KEY (`vendorId`) REFERENCES `vendors` (`vendorId`);

--
-- Constraints for table `vendors_events`
--
ALTER TABLE `vendors_events`
  ADD CONSTRAINT `FK_VENDOR_EVENTS_VENDORID` FOREIGN KEY (`vendorId`) REFERENCES `vendors` (`vendorId`) ON UPDATE NO ACTION;

--
-- Constraints for table `vendors_tours`
--
ALTER TABLE `vendors_tours`
  ADD CONSTRAINT `vendors_tours_ibfk_1` FOREIGN KEY (`vendorId`) REFERENCES `vendors` (`vendorId`),
  ADD CONSTRAINT `vendors_tours_ibfk_2` FOREIGN KEY (`tourId`) REFERENCES `tours` (`tourId`);

--
-- Constraints for table `vendors_tour_types`
--
ALTER TABLE `vendors_tour_types`
  ADD CONSTRAINT `vendors_tour_types_ibfk_1` FOREIGN KEY (`vendorId`) REFERENCES `vendors` (`vendorId`),
  ADD CONSTRAINT `vendors_tour_types_ibfk_2` FOREIGN KEY (`tourTypesId`) REFERENCES `tour_types` (`tourTypesId`);

/*!40101 SET CHARACTER_SET_CLIENT=@OLD_CHARACTER_SET_CLIENT */;
/*!40101 SET CHARACTER_SET_RESULTS=@OLD_CHARACTER_SET_RESULTS */;
/*!40101 SET COLLATION_CONNECTION=@OLD_COLLATION_CONNECTION */;
